frame,timestamp,track_id,class,x,y,x1,y1,x2,y2,vx_px_s,vy_px_s,stability,risk
0,0.0,1,bus,485.869873046875,429.91705322265625,330.98736572265625,335.28375244140625,640.7523803710938,429.91705322265625,0.0,0.0,0.0,0
0,0.0,2,car,677.1373291015625,494.2279357910156,623.5037841796875,417.9535217285156,730.7708740234375,494.2279357910156,0.0,0.0,0.0,0
0,0.0,3,car,352.30291748046875,540.0,260.58282470703125,485.3129577636719,444.02301025390625,540.0,0.0,0.0,0.0,0
0,0.0,4,car,778.68212890625,539.0336303710938,697.9854125976562,466.2843017578125,859.3788452148438,539.0336303710938,0.0,0.0,0.0,0
0,0.0,5,car,422.7581787109375,501.7650146484375,382.6373596191406,427.6964111328125,462.8789978027344,501.7650146484375,0.0,0.0,0.0,0
0,0.0,6,car,586.9053955078125,540.0,515.1588134765625,451.4248046875,658.6519775390625,540.0,0.0,0.0,0.0,0
0,0.0,7,car,677.229248046875,415.78143310546875,648.697265625,382.67010498046875,705.76123046875,415.78143310546875,0.0,0.0,0.0,0
0,0.0,8,person,69.67508697509766,450.0043029785156,60.20893859863281,393.8308410644531,79.1412353515625,450.0043029785156,0.0,0.0,0.0,0
0,0.0,9,car,200.309814453125,535.2529296875,115.58343505859375,449.23046875,285.03619384765625,535.2529296875,0.0,0.0,0.0,0
0,0.0,10,person,46.39019775390625,448.5802001953125,37.17776870727539,396.77197265625,55.60262680053711,448.5802001953125,0.0,0.0,0.0,0
0,0.0,11,person,137.4756317138672,461.31866455078125,126.90376281738281,393.21759033203125,148.04750061035156,461.31866455078125,0.0,0.0,0.0,0
0,0.0,12,person,801.0186767578125,446.344482421875,790.8057861328125,391.38995361328125,811.2315673828125,446.344482421875,0.0,0.0,0.0,0
0,0.0,13,person,27.597352981567383,439.070068359375,19.036479949951172,393.05181884765625,36.158226013183594,439.070068359375,0.0,0.0,0.0,0
0,0.0,14,person,736.8116455078125,440.1504821777344,728.9066162109375,388.8205261230469,744.7166748046875,440.1504821777344,0.0,0.0,0.0,0
0,0.0,15,person,109.25093078613281,440.3401794433594,101.87386322021484,389.8087463378906,116.62799835205078,440.3401794433594,0.0,0.0,0.0,0
0,0.0,16,person,748.30322265625,442.7030944824219,740.3162231445312,388.2094421386719,756.2902221679688,442.7030944824219,0.0,0.0,0.0,0
1,0.083,1,bus,475.86814880371094,429.01043701171875,323.5537414550781,335.8891296386719,628.1825561523438,429.01043701171875,0.0,0.0,0.0,0
1,0.083,2,car,677.0430603027344,494.3059997558594,623.2238159179688,417.7729797363281,730.8623046875,494.3059997558594,0.0,0.0,0.0,0
1,0.083,3,car,352.72906494140625,540.0,260.73052978515625,485.1478271484375,444.72760009765625,540.0,0.0,0.0,0.0,0
1,0.083,4,car,779.4059448242188,539.0748901367188,698.8096313476562,466.43048095703125,860.0022583007812,539.0748901367188,0.0,0.0,0.0,0
1,0.083,5,car,422.19346618652344,499.842529296875,383.10009765625,427.7438659667969,461.2868347167969,499.842529296875,0.0,0.0,0.0,0
1,0.083,6,car,585.9849853515625,540.0,513.6039428710938,450.5894470214844,658.3660278320312,540.0,0.0,0.0,0.0,0
1,0.083,7,car,674.1889953613281,415.953857421875,645.4927978515625,382.708251953125,702.8851928710938,415.953857421875,0.0,0.0,0.0,0
1,0.083,8,person,69.88558006286621,449.853515625,60.49343490600586,394.13018798828125,79.27772521972656,449.853515625,0.0,0.0,0.0,0
1,0.083,9,car,200.5651092529297,536.5617065429688,114.33511352539062,448.9826965332031,286.79510498046875,536.5617065429688,0.0,0.0,0.0,0
1,0.083,10,person,46.49738121032715,448.651611328125,37.2640495300293,396.718017578125,55.730712890625,448.651611328125,0.0,0.0,0.0,0
1,0.083,11,person,137.64171600341797,460.3420104980469,127.47782897949219,394.7674560546875,147.80560302734375,460.3420104980469,0.0,0.0,0.0,0
1,0.083,12,person,801.207275390625,446.3686218261719,790.953369140625,391.19927978515625,811.461181640625,446.3686218261719,0.0,0.0,0.0,0
1,0.083,13,person,27.524763107299805,438.8899230957031,18.426162719726562,389.908935546875,36.62336349487305,438.8899230957031,0.0,0.0,0.0,0
1,0.083,14,person,736.2976684570312,439.65521240234375,728.5267944335938,389.1151123046875,744.0685424804688,439.65521240234375,0.0,0.0,0.0,0
1,0.083,15,person,109.55107879638672,440.4170837402344,102.14714813232422,389.70196533203125,116.95500946044922,440.4170837402344,0.0,0.0,0.0,0
1,0.083,16,person,747.3625793457031,443.35906982421875,739.4190673828125,389.2848205566406,755.3060913085938,443.35906982421875,0.0,0.0,0.0,0
2,0.167,1,bus,467.2687072753906,432.8572082519531,309.0509033203125,335.7159118652344,625.4865112304688,432.8572082519531,0.0,0.0,0.0,0
2,0.167,2,car,676.6486511230469,494.37164306640625,622.4537353515625,417.2940673828125,730.8435668945312,494.37164306640625,0.0,0.0,0.0,0
2,0.167,3,car,352.8338317871094,540.0,260.9625244140625,485.2252502441406,444.70513916015625,540.0,0.0,0.0,0.0,0
2,0.167,4,car,779.4806518554688,539.1036376953125,698.3431396484375,465.97003173828125,860.6181640625,539.1036376953125,0.0,0.0,0.0,0
2,0.167,5,car,422.47711181640625,499.438720703125,383.7344055175781,428.11474609375,461.2198181152344,499.438720703125,0.0,0.0,0.0,0
2,0.167,6,car,585.7570495605469,540.0,513.4971313476562,450.6862487792969,658.0169677734375,540.0,0.0,0.0,0.0,0
2,0.167,7,car,668.7493896484375,415.14007568359375,640.66357421875,382.73516845703125,696.835205078125,415.14007568359375,0.0,0.0,0.0,0
2,0.167,8,person,69.8659610748291,449.7806091308594,60.46846389770508,394.04791259765625,79.26345825195312,449.7806091308594,0.0,0.0,0.0,0
2,0.167,9,car,200.5921974182129,537.0216674804688,113.65973663330078,448.671630859375,287.524658203125,537.0216674804688,0.0,0.0,0.0,0
2,0.167,10,person,46.57483100891113,448.9025573730469,37.25086212158203,396.4283142089844,55.898799896240234,448.9025573730469,0.0,0.0,0.0,0
2,0.167,11,person,137.9410629272461,460.39544677734375,127.62455749511719,393.8053894042969,148.257568359375,460.39544677734375,0.0,0.0,0.0,0
2,0.167,12,person,801.2599792480469,446.7728576660156,790.9208374023438,391.1508483886719,811.59912109375,446.7728576660156,0.0,0.0,0.0,0
2,0.167,13,person,27.821465492248535,438.951416015625,18.8056697845459,390.3328857421875,36.83726119995117,438.951416015625,0.0,0.0,0.0,0
2,0.167,15,person,109.6319694519043,440.6156921386719,102.20664978027344,389.7215270996094,117.05728912353516,440.6156921386719,0.0,0.0,0.0,0
2,0.167,16,person,746.5342407226562,444.07867431640625,738.4906005859375,389.56170654296875,754.577880859375,444.07867431640625,0.0,0.0,0.0,0
2,0.167,17,truck,270.9557647705078,480.5629577636719,204.93060302734375,361.6938171386719,336.9809265136719,480.5629577636719,0.0,0.0,0.0,0
3,0.25,1,bus,457.9352569580078,435.2453308105469,295.9820251464844,335.06036376953125,619.8884887695312,435.2453308105469,0.0,0.0,0.0,0
3,0.25,2,car,676.0899047851562,494.1764221191406,621.7241821289062,416.79290771484375,730.4556274414062,494.1764221191406,0.0,0.0,0.0,0
3,0.25,3,car,352.67002868652344,540.0,261.13140869140625,485.4205017089844,444.2086486816406,540.0,0.0,0.0,0.0,0
3,0.25,4,car,779.6069946289062,539.064453125,698.3585205078125,465.83203125,860.85546875,539.064453125,0.0,0.0,0.0,0
3,0.25,5,car,423.7232666015625,500.9236755371094,383.91729736328125,427.7624206542969,463.52923583984375,500.9236755371094,0.0,0.0,0.0,0
3,0.25,6,car,586.2293701171875,540.0,514.4751586914062,451.2971496582031,657.9835815429688,540.0,0.0,0.0,0.0,0
3,0.25,7,car,664.6819763183594,414.4395751953125,637.0344848632812,382.7384948730469,692.3294677734375,414.4395751953125,0.0,0.0,0.0,0
3,0.25,8,person,69.93485832214355,450.0025634765625,60.54482650756836,394.3405456542969,79.32489013671875,450.0025634765625,0.0,0.0,0.0,0
3,0.25,9,car,201.1073112487793,537.8333129882812,113.62053680419922,448.8328552246094,288.5940856933594,537.8333129882812,0.0,0.0,0.0,0
3,0.25,10,person,46.714752197265625,449.02532958984375,37.436893463134766,396.77471923828125,55.992610931396484,449.02532958984375,0.0,0.0,0.0,0
3,0.25,11,person,137.81484603881836,460.0697937011719,127.9089584350586,395.9823913574219,147.72073364257812,460.0697937011719,0.0,0.0,0.0,0
3,0.25,12,person,801.2507019042969,447.1156311035156,790.8811645507812,391.32818603515625,811.6202392578125,447.1156311035156,0.0,0.0,0.0,0
3,0.25,13,person,28.056706428527832,439.0900573730469,19.01188850402832,390.148193359375,37.101524353027344,439.0900573730469,0.0,0.0,0.0,0
3,0.25,15,person,109.83319473266602,440.7521057128906,102.41454315185547,389.88519287109375,117.25184631347656,440.7521057128906,0.0,0.0,0.0,0
3,0.25,16,person,746.2590637207031,443.7296447753906,738.2455444335938,389.5724182128906,754.2725830078125,443.7296447753906,0.0,0.0,0.0,0
3,0.25,17,truck,270.6562805175781,478.32196044921875,206.86810302734375,363.5070495605469,334.4444580078125,478.32196044921875,0.0,0.0,0.0,0
4,0.333,1,bus,441.42320251464844,434.8806457519531,283.8769836425781,336.6461486816406,598.9694213867188,434.8806457519531,0.0,0.0,0.0,0
4,0.333,2,car,675.1684265136719,494.2431945800781,620.162109375,415.7731018066406,730.1747436523438,494.2431945800781,0.0,0.0,0.0,0
4,0.333,3,car,352.8262939453125,540.0,260.9903564453125,485.2377014160156,444.6622314453125,540.0,0.0,0.0,0.0,0
4,0.333,4,car,779.6815795898438,539.0388793945312,698.4812622070312,465.8590087890625,860.8818969726562,539.0388793945312,0.0,0.0,0.0,0
4,0.333,5,car,423.61366271972656,501.9678649902344,381.9059753417969,425.1987609863281,465.32135009765625,501.9678649902344,0.0,0.0,0.0,0
4,0.333,6,car,586.9645690917969,540.0,515.3281860351562,451.5124206542969,658.6009521484375,540.0,0.0,0.0,0.0,0
4,0.333,8,person,70.02700424194336,450.3863830566406,60.62919616699219,394.7362976074219,79.42481231689453,450.3863830566406,0.0,0.0,0.0,0
4,0.333,9,car,201.43625259399414,538.3534545898438,113.7997817993164,449.0943603515625,289.0727233886719,538.3534545898438,0.0,0.0,0.0,0
4,0.333,10,person,46.77682304382324,449.4486999511719,37.43060302734375,396.764404296875,56.123043060302734,449.4486999511719,0.0,0.0,0.0,0
4,0.333,11,person,138.05874633789062,459.83953857421875,128.00672912597656,394.69970703125,148.1107635498047,459.83953857421875,0.0,0.0,0.0,0
4,0.333,13,person,27.470415115356445,439.2535705566406,18.182708740234375,388.73004150390625,36.758121490478516,439.2535705566406,0.0,0.0,0.0,0
4,0.333,15,person,109.78362655639648,440.9075622558594,102.34776306152344,389.90838623046875,117.21949005126953,440.9075622558594,0.0,0.0,0.0,0
4,0.333,16,person,747.4429016113281,442.71734619140625,739.4298095703125,388.74957275390625,755.4559936523438,442.71734619140625,0.0,0.0,0.0,0
4,0.333,17,truck,271.0692138671875,478.4403076171875,202.8594970703125,355.40667724609375,339.2789306640625,478.4403076171875,0.0,0.0,0.0,0
5,0.417,1,bus,426.78919619605654,434.6743018740699,270.23974609375,337.9342346191406,570.9096069335938,432.3502502441406,-150.56375034877254,11.027908761160594,0.9163606298618536,62
5,0.417,2,car,674.798825218564,494.31436883835556,618.9681396484375,414.63116455078125,730.3543090820312,494.38623046875,-6.3645159040182175,0.13982979910705284,0.9678214512139338,8
5,0.417,3,car,352.8820016043527,539.9999999999999,260.9414367675781,485.2187194824219,444.66485595703125,540.0,0.9013811383928252,-3.704960240557373e-13,0.9812937509685976,0
5,0.417,4,car,779.8502444312686,539.0349789574033,698.4977416992188,465.84930419921875,860.873291015625,539.0093994140625,2.0469203404016656,-0.09201311383948454,0.9730705159113342,0
5,0.417,5,car,423.28395443870915,501.37602742513025,382.0269775390625,426.7367248535156,463.3747253417969,501.5054931640625,1.7897513253350783,2.250292968750418,0.8536157306034787,0
5,0.417,6,car,586.6269502185639,539.9999999999999,515.2596435546875,451.77288818359375,658.2667236328125,540.0,0.9257184709822097,-3.704960240557373e-13,0.9364997450021453,8
5,0.417,8,person,70.06713830857048,450.4748811267671,60.57185363769531,394.693115234375,79.4960708618164,450.6525573730469,0.7843015398297998,1.7354840959821607,0.9732878898092278,62
5,0.417,9,car,201.35110437302362,538.3505510602678,114.22823333740234,448.9917907714844,287.947509765625,537.5361328125,2.4064557756696208,6.035281808035874,0.9229301278602645,34
5,0.417,10,person,46.81393605186825,449.57233828590023,37.3585205078125,396.6293640136719,56.13471984863281,449.58819580078125,0.9464087350027983,2.5899483816962796,0.9878901487590209,57
5,0.417,11,person,138.22813651675267,459.6860787527901,128.1206512451172,394.0418701171875,148.40821838378906,459.92437744140625,1.7379050118582537,-3.0186872209820894,0.9641441686867366,59
5,0.417,13,person,27.325353622436516,439.284441266741,17.546998977661133,388.1722106933594,36.28151321411133,439.34197998046875,-1.146269989013687,0.8877057756693252,0.953937720029161,38
5,0.417,15,person,109.89851997012182,441.02520606631316,102.34613800048828,389.9633483886719,117.24018859863281,441.0049743652344,1.237724958147318,1.690910993303274,0.9860787213713677,52
5,0.417,16,person,747.4008542015439,443.58416166759673,740.1819458007812,388.69610595703125,756.56103515625,443.7176818847656,0.10530133928587776,0.9595668247769243,0.8668300088000721,0
5,0.417,17,truck,274.3218688964844,479.5431823730469,208.24844360351562,360.1788024902344,340.3952941894531,479.5431823730469,0.0,0.0,0.0,0
6,0.5,1,bus,409.93182591029563,432.98991830008345,260.3672180175781,338.3644714355469,549.5493774414062,429.98602294921875,-162.5002179827008,3.818559919084083,0.911127815755907,60
6,0.5,2,car,674.3234165736604,494.2761459350584,618.3538208007812,413.6172790527344,730.4198608398438,494.2185974121094,-6.212297712054094,0.001713344028207606,0.9695590169719632,9
6,0.5,3,car,353.06678662981295,539.9999999999998,261.17962646484375,485.1409912109375,445.20703125,540.0,1.2050824846537915,-2.950318767892063e-13,0.9803699982872587,0
6,0.5,4,car,779.9292439052034,539.0047977992465,698.8619995117188,466.0583190917969,860.78515625,538.9788208007812,1.7933218819749912,-0.1543579101565565,0.9738323712231484,0
6,0.5,5,car,423.2785132271901,501.5733642578123,382.72662353515625,427.44830322265625,463.4736633300781,501.5846862792969,1.3616638183590681,2.277465820312253,0.8638474065578207,0
6,0.5,6,car,586.8805138724188,539.9999999999998,515.5656127929688,451.76507568359375,658.6025390625,540.0,1.4142674037383645,-2.950318767892063e-13,0.9393597320307413,9
6,0.5,8,person,70.09782069069996,450.80925532749706,60.77743148803711,396.52655029296875,79.33818817138672,451.0281982421875,0.688275473458388,2.260947091238508,0.970406087924257,60
6,0.5,9,car,201.45937510899128,538.3464268275668,114.23994445800781,448.82904052734375,288.46588134765625,537.7613525390625,2.1509464808871086,4.631103515624616,0.9164695266945531,0
6,0.5,10,person,46.83438948222567,449.72137996128606,37.3746452331543,396.622802734375,56.159332275390625,449.6443176269531,0.7846469879150255,2.4049987792966947,0.9865241015219887,55
6,0.5,11,person,138.37248066493436,459.6325541904993,128.17030334472656,393.38726806640625,148.57354736328125,459.8610534667969,1.7365722656248397,-2.470288957868466,0.9628456879381941,53
6,0.5,13,person,26.953833205359306,439.4640088762554,17.171222686767578,387.6976318359375,36.099525451660156,439.5858459472656,-1.9105719157628207,1.1801147460930517,0.950616958426573,56
6,0.5,15,person,109.9533423015049,441.1537562779015,102.4081039428711,389.8406677246094,117.38706970214844,441.1394958496094,1.1039118085587833,1.6566859654010548,0.9864434452681486,55
6,0.5,16,person,747.9785276140483,443.7559389386856,740.3827514648438,388.4612731933594,756.8871459960938,443.86187744140625,1.680712018693625,1.2138192313053355,0.8674907114420548,0
6,0.5,17,truck,272.1738586425781,478.5294494628906,200.19918823242188,348.0788269042969,344.1485290527344,478.5294494628906,0.0,0.0,0.0,0
6,0.5,24,car,625.3708801269531,415.3583679199219,599.6774291992188,383.76226806640625,651.0643310546875,415.3583679199219,0.0,0.0,0.0,0
7,0.583,1,bus,382.60578155517584,431.5844116210938,219.88986206054688,338.9995422363281,506.7254943847656,429.17120361328125,-195.58268083844797,-0.3183680943077277,0.8526089125417156,59
7,0.583,2,car,674.1281433105471,494.1937840779624,618.4338989257812,412.8439636230469,730.7251586914062,494.0782775878906,-5.438494001115225,-0.19629778180687957,0.9582721900199581,8
7,0.583,3,car,353.3624318440756,540.0000000000001,261.59326171875,485.1260681152344,445.67822265625,540.0,1.6736145019537165,7.597376248901336e-13,0.9743620113362936,0
7,0.583,4,car,780.0602442423506,538.9991099039714,699.0548706054688,466.11468505859375,861.0139770507812,539.0091552734375,1.7490583147332674,-0.13713727678481769,0.9754553177960499,0
7,0.583,5,car,423.2204691569012,501.74471537272143,382.78570556640625,427.9852294921875,463.17498779296875,501.7189025878906,0.9500252859938008,2.2332153320320747,0.8716633242424238,0
7,0.583,6,car,587.0701039632163,540.0000000000001,515.835693359375,451.9129638671875,658.50537109375,540.0,1.586430140904891,7.597376248901336e-13,0.9428964812929465,8
7,0.583,8,person,70.12874635060629,451.03565470377623,60.64540100097656,395.7785949707031,79.5380859375,451.0888366699219,0.624841962541938,2.3521161760607607,0.9719943914080117,59
7,0.583,9,car,201.5201320648194,538.0780588785809,115.75802612304688,449.7784729003906,286.9504699707031,537.1620483398438,1.8665738786972252,3.0607997349338434,0.9009084177175197,0
7,0.583,10,person,46.86147626241049,449.8207524617515,37.41541290283203,396.6234436035156,56.20029830932617,449.6792907714844,0.6927258627755857,2.162493024554307,0.9839692413660072,55
7,0.583,11,person,138.50232156117758,459.5833028157553,128.30113220214844,393.1523742675781,148.661865234375,459.80255126953125,1.7008759634837458,-2.0944344656803024,0.9623734192549955,51
7,0.583,13,person,26.697735786437995,439.6557210286459,17.104095458984375,387.7762145996094,36.020103454589844,439.78643798828125,-2.1430913380213807,1.4042009626122727,0.9521886616953655,56
7,0.583,15,person,110.00818888346356,441.3115336100262,102.40239715576172,389.69793701171875,117.50997161865234,441.3391418457031,1.014761243547853,1.7040143694205125,0.9867461377680009,57
7,0.583,17,truck,268.6558034987676,478.3701477050782,196.7722625732422,357.6913757324219,331.4300231933594,478.5013427734375,-9.074646868024912,-2.9426513671878953,0.584402741467043,51
7,0.583,24,car,624.6591796875,414.7818908691406,598.8533325195312,383.2109680175781,650.4650268554688,414.7818908691406,0.0,0.0,0.0,0
7,0.583,28,car,554.2406311035156,482.45556640625,512.2147827148438,400.53741455078125,596.2664794921875,482.45556640625,0.0,0.0,0.0,0
8,0.667,1,bus,356.3130566067166,430.2303365071616,197.0096893310547,338.71697998046875,482.6944580078125,428.0437927246094,-216.7468017578124,-3.1296386718746287,0.8447473190696204,57
8,0.667,2,car,674.1921515570749,494.08857421875007,618.0206298828125,410.9664001464844,732.0674438476562,493.9422302246094,-4.343212890624785,-0.3844543457027986,0.9350689102532949,0
8,0.667,3,car,353.52664354112426,540.0000000000001,261.6358337402344,485.191162109375,445.49896240234375,540.0,1.7260131835938952,-1.0946688700338043e-13,0.975705879099276,0
8,0.667,4,car,780.2068501790369,539.013617621528,699.3080444335938,466.29754638671875,861.1084594726562,539.0563354492188,1.7508605957039167,-0.08221435546845432,0.9767185117578162,0
8,0.667,5,car,423.2106404622397,501.8480740017362,382.86212158203125,427.9755554199219,463.2659912109375,501.7117919921875,0.7615600585939879,2.0579956054688604,0.8784132448964964,0
8,0.667,6,car,587.1201727973091,540.0000000000001,515.5541381835938,451.700927734375,658.4156494140625,540.0,1.4125000000001138,-1.0946688700338043e-13,0.9455586736104404,0
8,0.667,8,person,70.19036390516494,451.2077514648439,60.650306701660156,395.45166015625,79.76187133789062,451.1683654785156,0.6450599670410423,2.301477050781698,0.9734747018883493,56
8,0.667,9,car,201.6030243767633,537.2912177191841,116.63968658447266,448.9307556152344,286.3270263671875,535.5751342773438,1.7127151489257932,0.8544067382814345,0.8610866399480017,16
8,0.667,10,person,46.87030495537655,449.9152031792536,37.431732177734375,396.884033203125,56.14780044555664,449.7739562988281,0.589176177978551,1.9808898925784373,0.9820319807094379,55
8,0.667,11,person,138.60173763699007,459.50212198893234,128.43423461914062,393.1957092285156,148.62982177734375,459.6558837890625,1.6112495422364328,-1.8967407226563082,0.9631184848142302,51
8,0.667,13,person,26.468957244025344,439.76743367513035,16.922290802001953,387.48541259765625,35.85029983520508,439.7586975097656,-2.249370956420896,1.3929687500004293,0.9546501529185945,56
8,0.667,15,person,110.06049821641714,441.46436699761296,102.41117095947266,389.66717529296875,117.60357666015625,441.4822082519531,0.946458435058599,1.7269531250002934,0.9870631277561237,57
8,0.667,17,truck,264.64611462184376,478.8865236554832,194.87342834472656,362.4502258300781,326.9107971191406,479.7652893066406,-18.08425140380839,-0.833613804407806,0.5232135098779224,49
8,0.667,24,car,627.954833984375,415.734375,600.6747436523438,382.6427001953125,655.2349243164062,415.734375,0.0,0.0,0.0,0
8,0.667,28,car,554.2751159667969,483.7444763183594,511.65118408203125,400.6634521484375,596.8990478515625,483.7444763183594,0.0,0.0,0.0,0
8,0.667,30,truck,262.3639831542969,479.05841064453125,186.99917602539062,364.51953125,337.7287902832031,479.05841064453125,0.0,0.0,0.0,0
9,0.75,1,bus,330.4820521961559,429.5944896351208,169.95481872558594,338.3153381347656,461.5697326660156,428.8838806152344,-231.46657825816774,-3.840247691761422,0.8451664452656047,58
9,0.75,2,car,674.3013633034444,493.995341907848,617.9586791992188,410.1254577636719,732.429443359375,493.87939453125,-3.4505149147735374,-0.5004017223012783,0.9208133734646277,0
9,0.75,3,car,353.5789198441939,540.0,262.11041259765625,485.6026306152344,444.7004699707031,540.0,1.5525346235795465,-7.041905527952172e-14,0.9750372227989084,0
9,0.75,4,car,780.3136735395952,539.02831809304,699.2888793945312,466.3221740722656,861.1903686523438,539.0691528320312,1.676811079545637,-0.04137961647721568,0.9774240257665195,0
9,0.75,5,car,423.2966874556108,501.97434248490777,383.2633361816406,428.3475341796875,463.4156188964844,501.8886413574219,0.8043501420455315,1.972294477983129,0.8845312081204795,0
9,0.75,6,car,587.1585504705256,540.0,515.5438232421875,451.56866455078125,658.47265625,540.0,1.262189275568188,-7.041905527952172e-14,0.947688363217243,0
9,0.75,8,person,70.25350456237794,451.4277404785157,60.81325912475586,396.8244934082031,79.72931671142578,451.4811706542969,0.6628433227539526,2.3549072265625495,0.974644102094256,55
9,0.75,9,car,201.759223799272,536.6677168412642,117.54341125488281,449.35205078125,286.0260925292969,535.3514404296875,1.7382432417435734,-0.4618696732956737,0.8494568961557755,16
9,0.75,10,person,46.876552616466185,449.99903176047593,37.45640182495117,397.00299072265625,56.13432312011719,449.8450927734375,0.5079860340465301,1.8269509055397228,0.9804266859173909,54
9,0.75,11,person,138.83543652621182,459.44372669566775,129.07569885253906,393.4410705566406,148.97195434570312,459.632568359375,1.7996396151456007,-1.707899058948626,0.9620311915481254,51
9,0.75,13,person,26.29159868413752,439.81125654740765,16.897567749023438,387.4828796386719,35.72386169433594,439.6743469238281,-2.2302549188787353,1.2560591264204546,0.9563040228481623,58
9,0.75,15,person,110.12621154785161,441.59251764470883,102.45912170410156,389.5843505859375,117.74343872070312,441.5626525878906,0.9215270996094985,1.6970880681816,0.9875400257071936,58
9,0.75,17,truck,261.60169029235846,478.95691172281914,194.199462890625,364.4852294921875,324.6991882324219,479.1527099609375,-21.77401951381122,-0.4979596819193061,0.5703361605151275,47
9,0.75,24,car,620.396484375,415.5431213378906,593.866943359375,383.36578369140625,646.926025390625,415.5431213378906,0.0,0.0,0.0,0
9,0.75,28,car,552.6973419189453,484.4153747558594,509.9577331542969,401.0235595703125,595.4369506835938,484.4153747558594,0.0,0.0,0.0,0
9,0.75,30,truck,259.5934829711914,479.7265930175781,184.39710998535156,365.4787902832031,334.78985595703125,479.7265930175781,0.0,0.0,0.0,0
10,0.833,1,bus,306.88814128528924,428.88652177290476,151.5314483642578,337.7701110839844,443.7947082519531,428.0552062988281,-238.84662863991488,-4.505300071022621,0.851440451207592,60
10,0.833,2,car,674.422754461115,493.98744340376413,619.1741943359375,411.6535339355469,731.4238891601562,494.05987548828125,-2.749485085226917,-0.4424560546872611,0.9118969737941259,0
10,0.833,3,car,353.71267214688373,539.9999999999999,262.41424560546875,485.6286315917969,445.02984619140625,540.0,1.5600336248225373,-1.2262637771846378e-13,0.9761940040129032,0
10,0.833,4,car,780.4165163907136,539.0130726207385,699.662109375,466.593994140625,861.0128173828125,538.98779296875,1.6135686700991954,-0.06160333806816709,0.9780521133398061,0
10,0.833,5,car,423.34737188165826,502.0802848122336,382.9826965332031,427.9272766113281,463.6419982910156,501.9551086425781,0.7763305664063109,1.8721535422585813,0.8897003961390458,0
10,0.833,6,car,587.2026367187498,539.9999999999999,515.8140258789062,451.7063903808594,658.3294067382812,540.0,1.157452947442873,-1.2262637771846378e-13,0.9496667006359516,0
10,0.833,8,person,70.24429867484352,451.673595081676,60.62321090698242,397.37689208984375,79.58920288085938,451.7799072265625,0.5523698980157963,2.4399569424716554,0.9742033895674065,56
10,0.833,9,car,201.77446712147102,536.0250577059659,117.66719818115234,449.22589111328125,285.3262634277344,534.7304077148438,1.5160541881216039,-1.4975896661930446,0.8410085463658827,0
10,0.833,10,person,46.83213485370982,450.138051813299,37.33488082885742,397.32476806640625,55.957603454589844,450.1097106933594,0.35927186445757847,1.8042780095881,0.9789624730419831,56
10,0.833,11,person,139.01409461281514,459.4156286066228,129.26962280273438,393.94268798828125,148.8815155029297,459.660400390625,1.8488192471590983,-1.5120816317469032,0.9615237819043029,52
10,0.833,13,person,26.183174046603106,439.7801208496093,16.9876651763916,387.381591796875,35.71052551269531,439.4891052246094,-2.0975178805264507,1.0232466264204634,0.9548888544193339,60
10,0.833,24,car,622.8720703125,415.6488037109375,595.7418212890625,383.17279052734375,650.0023193359375,415.6488037109375,0.0,0.0,0.0,0
10,0.833,28,car,553.5285339355469,484.6143493652344,510.825927734375,401.3157653808594,596.2311401367188,484.6143493652344,0.0,0.0,0.0,0
10,0.833,30,truck,240.5601348876953,472.56707763671875,162.72592163085938,355.25701904296875,318.39434814453125,472.56707763671875,0.0,0.0,0.0,0
11,0.917,1,bus,285.11502065414044,428.51444498697936,134.895263671875,338.8220520019531,426.39495849609375,428.5224914550781,-241.77238763128952,-4.500033291903298,0.8583407514684016,61
11,0.917,2,car,674.5686015593701,494.0192295954779,620.1461791992188,412.7315979003906,730.7843627929688,494.18341064453125,-2.162574181189922,-0.3349920953066736,0.9047140492940005,0
11,0.917,3,car,353.7977146246496,540.0000000000001,262.70977783203125,485.86602783203125,444.6706237792969,540.0,1.4896609433047836,2.451834818144374e-13,0.9766158147402579,0
11,0.917,4,car,780.4424774952424,539.003852257362,699.4119262695312,466.5748596191406,860.9541015625,538.9940795898438,1.4437379636965688,-0.0679999931708893,0.975486408279826,0
11,0.917,5,car,423.36514575664825,502.127646421775,382.7628173828125,427.4955139160156,463.7430725097656,501.8678283691406,0.7028900359893021,1.7020908168980398,0.8935036000735911,0
11,0.917,6,car,587.4382515931742,540.0000000000001,516.6255493164062,451.7610168457031,658.91650390625,540.0,1.3752693229624,2.451834818144374e-13,0.9491662693725871,0
11,0.917,8,person,70.179877281189,451.90519831730774,60.40752410888672,397.7098693847656,79.42398071289062,451.9728088378906,0.3794881647283796,2.4842111013987487,0.9719695491982405,61
11,0.917,9,car,201.75846955715087,535.6880884415065,116.98616790771484,449.0364074707031,285.85003662109375,535.1807250976562,1.2932683237783564,-1.8296820367132456,0.8449063917009824,21
11,0.917,10,person,46.770822035960656,450.25714150453234,37.26539611816406,397.38751220703125,55.83982467651367,450.182373046875,0.21644242826873977,1.7553386554853456,0.9769466438145336,60
11,0.917,11,person,139.08559138958276,459.4346250876403,128.99452209472656,393.2080993652344,148.78175354003906,459.7813720703125,1.7195769089919173,-1.2851199703614788,0.9583659690858908,57
11,0.917,13,person,26.101123088445423,439.63432859763134,17.185731887817383,388.03448486328125,35.46006393432617,439.081787109375,-1.952356178443756,0.6615831068347258,0.9480066616588947,60
11,0.917,24,car,620.6578514462426,415.33072480701264,593.3231201171875,383.3031005859375,646.51123046875,414.8896179199219,-13.778812081472726,0.022537667411302562,0.7097118163318057,0
11,0.917,28,car,554.6123199462891,484.75079345703125,511.9552917480469,401.678955078125,597.2693481445312,484.75079345703125,0.0,0.0,0.0,0
11,0.917,17,truck,258.0551456574469,478.9953743227062,192.5569610595703,365.3064270019531,323.7484436035156,479.1390686035156,-21.62071616880372,-0.2721543835061694,0.5918327152066332,21
12,1.0,1,bus,269.61780699006795,427.18520413912256,144.1438751220703,338.8292236328125,419.64630126953125,424.666015625,-235.0756887917991,-5.874136117788623,0.8516794547702,57
12,1.0,2,car,674.6036812918526,494.0465607695525,620.679443359375,413.7046813964844,729.6646728515625,494.1924133300781,-1.852550464672436,-0.2554361532026654,0.9045464364671694,0
12,1.0,3,car,353.85764639718184,539.9917669610661,262.644775390625,485.8409729003906,444.73150634765625,539.9700317382812,1.3972033825548937,-0.011855576064709213,0.9761944110196611,0
12,1.0,4,car,780.4200986086665,539.0009477217119,699.329833984375,466.70587158203125,860.7569580078125,539.0082397460938,1.2382638113837903,-0.06402252532660449,0.9707456848377527,0
12,1.0,5,car,423.34206063406793,502.1410991962139,382.6688537597656,427.44976806640625,463.5841064453125,501.8021545410156,0.5853006551550386,1.51721191406221,0.8960224211573463,0
12,1.0,6,car,587.6971448961195,539.9999999999999,517.1533203125,451.8619384765625,659.0028076171875,540.0,1.583043360448012,-1.236205499561412e-13,0.9481051046135209,0
12,1.0,8,person,70.22844075632618,452.10451868078206,60.7812614440918,398.2367858886719,79.76506042480469,452.0841979980469,0.40388098915851767,2.4731270926336943,0.9729743575772939,52
12,1.0,9,car,201.6506579472468,535.4940722119676,116.44068145751953,448.9773254394531,285.72235107421875,535.3843994140625,0.9828274066631003,-1.8895035628436367,0.8486185627295623,20
12,1.0,10,person,46.72556151924552,450.36501069121306,37.30931091308594,397.45269775390625,55.80760192871094,450.26361083984375,0.12529419280668588,1.700029645647259,0.9760914444386647,52
12,1.0,11,person,139.1414846902365,459.4791088733043,129.33592224121094,395.1828918457031,148.4855499267578,459.8792724609375,1.5937140328542323,-1.0668489225620148,0.95469359856684,54
12,1.0,13,person,26.037918090820305,439.4549677922175,17.408397674560547,388.9859924316406,35.192752838134766,438.8359069824219,-1.8090886336106637,0.323913574218672,0.9412239349079207,57
12,1.0,24,car,617.6485192435133,414.8828582763674,588.8068237304688,382.8450622558594,642.1953735351562,414.3639221191406,-18.932621547153662,-1.2229091099328404,0.6865362742926434,0
12,1.0,28,car,553.4900381905694,484.97770908900696,510.7420654296875,401.6892395019531,595.5474853515625,484.3808898925781,-1.2467912946423183,4.403843470982683,0.8856144964611743,0
12,1.0,17,truck,256.85220203533044,478.72351427869023,191.55239868164062,364.8009338378906,324.1007995605469,478.3180236816406,-20.621173351794567,-0.6881092540268272,0.5900600109276448,20
13,1.083,1,bus,246.54376732962467,425.5088439941406,96.54996490478516,336.0768737792969,376.4054870605469,422.0801696777344,-239.72155402885704,-7.456601186899014,0.8545730710480129,60
13,1.083,2,car,674.5319527762276,494.0262538364957,620.6382446289062,413.7731018066406,728.9031982421875,494.0290832519531,-1.7423495449865334,-0.2541302691448706,0.9074245137504111,0
13,1.083,3,car,353.8888798304967,539.9700317382812,262.7095642089844,485.9007568359375,444.575927734375,539.9100952148438,1.2836031400239751,-0.0395185868821475,0.9745119811138627,0
13,1.083,4,car,780.3833757672991,538.9872140066964,699.2696533203125,466.73974609375,860.688720703125,538.9629516601562,1.0517151549620731,-0.07522053142179114,0.9666835229065218,0
13,1.083,5,car,423.2392290387834,502.148845563616,382.30865478515625,427.3930358886719,463.2938537597656,501.80596923828125,0.38315845531416864,1.358961302369488,0.8968783642286151,0
13,1.083,6,car,587.8955967494419,540.0,517.233154296875,451.7789611816406,658.9424438476562,540.0,1.6717521248280416,-1.818118347662079e-13,0.9492874858429811,0
13,1.083,8,person,70.44050636291502,452.22471400669633,61.32970428466797,397.229248046875,80.58211517333984,451.9765625,0.6417594658149189,2.3585956280047666,0.9638408543714464,60
13,1.083,9,car,201.52094268798825,535.5606863839284,115.42559051513672,448.80047607421875,286.39361572265625,536.2080078125,0.7006706824669598,-1.5907398265798958,0.8489900707511077,19
13,1.083,10,person,46.71511083330426,450.45133318219865,37.628936767578125,398.5727233886719,55.68057632446289,450.29144287109375,0.09743836790648036,1.6262341174449886,0.9757727949031428,57
13,1.083,11,person,139.31985353742326,459.49855957031247,130.14273071289062,396.2551574707031,148.7602081298828,459.81158447265625,1.6544598254528553,-0.9223758907109338,0.953871965243609,52
13,1.083,13,person,25.94574004581996,439.2596688406807,17.312599182128906,389.0519714355469,34.91733932495117,438.61749267578125,-1.730982845432163,0.02752457503417917,0.9363132741110174,59
13,1.083,24,car,614.5330963134768,414.9890772501629,584.868896484375,382.8699645996094,639.8917236328125,415.28045654296875,-22.623112269810232,-0.7234017508367953,0.7120452941196765,0
13,1.083,28,car,552.9015279497419,485.06534249441944,509.8825988769531,401.7312316894531,594.8021240234375,484.7430114746094,-2.588790893554581,3.630249023436904,0.8840837738589921,0
13,1.083,17,truck,256.0099987136984,478.78262828220835,190.16610717773438,364.45257568359375,325.38348388671875,479.0171813964844,-19.288319810528513,-0.5109642446437018,0.5862179943546559,19
14,1.167,1,bus,222.2491918881734,423.7776560465495,69.49974822998047,336.1697692871094,347.9008483886719,420.295166015625,-245.08155588422508,-8.834289550781321,0.8545100946264217,57
14,1.167,2,car,674.4413085937501,494.03863779703784,620.806396484375,414.0818176269531,728.4185791015625,494.1439514160156,-1.6746303013391748,-0.2124677385603469,0.9101674126145046,0
14,1.167,3,car,353.90472462972014,539.9594512939453,262.2269592285156,485.668212890625,445.0106201171875,539.9365844726562,1.1704860142299471,-0.04856480189732969,0.972595603671223,0
14,1.167,4,car,780.3698595682781,538.9832789103192,699.3067626953125,466.8263244628906,860.798095703125,538.9906005859375,0.9261383056640186,-0.0723240443637984,0.965168308274732,0
14,1.167,5,car,423.1538926442465,502.12534179687503,382.27520751953125,427.2325134277344,463.296630859375,501.69622802734375,0.23758653913226868,1.1892020089284094,0.8975941034311745,0
14,1.167,6,car,587.9727307637534,540.0,517.1725463867188,451.8212890625,658.3826904296875,540.0,1.5945648193356996,1.1990559644264104e-14,0.9503286531807061,0
14,1.167,8,person,70.67909067471822,452.3325490315755,61.1750373840332,394.4696044921875,81.34483337402344,452.0541687011719,0.8715441840035497,2.2484671456473024,0.9558437903881112,57
14,1.167,9,car,201.36064656575527,535.7863265991213,114.61392974853516,448.75079345703125,286.73492431640625,536.9103393554688,0.42919921875009004,-1.1460754394530128,0.8440094419064716,18
14,1.167,10,person,47.376503801345834,450.5467913309733,39.8045768737793,395.11029052734375,59.048282623291016,450.42108154296875,0.9083980832781083,1.5765027727400343,0.9107582522334936,55
14,1.167,11,person,139.4037341435751,459.51547571818037,130.05726623535156,396.84149169921875,148.41136169433594,459.80975341796875,1.587436458042751,-0.8059583391462732,0.953216751612594,53
14,1.167,24,car,611.854958767361,415.045999484592,583.0822143554688,382.9898986816406,638.015869140625,415.2390441894531,-24.302148437500133,-0.4752014160156423,0.7389890981745912,0
14,1.167,28,car,552.0230979919436,485.17786407470743,508.8903503417969,402.036865234375,593.30029296875,484.911865234375,-4.179264613559122,3.1742510114404743,0.8745039956525282,0
14,1.167,17,truck,255.42522341672742,479.09779901844473,188.93797302246094,364.3073425292969,326.7447509765625,479.9430847167969,-17.856056084552232,-0.009887008237584767,0.5846810597711103,18
14,1.167,15,person,110.04894584318544,441.97201015409166,102.05174255371094,390.6824645996094,117.27352142333984,441.6976013183594,0.3877115913516634,1.3179049497148903,0.9678003510122234,57
15,1.25,1,bus,195.854387553533,426.445851135254,21.919490814208984,336.91192626953125,356.9294738769531,439.4277648925781,-256.4503186634608,-5.347179303850347,0.8731643326150871,62
15,1.25,2,car,674.4923853556317,494.09056777954106,621.1318359375,414.37994384765625,728.230224609375,494.3414001464844,-1.306350272042173,-0.13641226632255715,0.9147457649327952,0
15,1.25,3,car,353.8716326395671,539.9583694458008,261.9157409667969,485.5427551269531,445.26837158203125,539.9765625,0.9664267403739603,-0.047740827287869526,0.9718854220294797,0
15,1.25,4,car,780.3054532368977,538.9854990641278,699.4129028320312,466.93914794921875,860.9794921875,539.0301513671875,0.6426910400387998,-0.06812046595953063,0.9757641117777617,0
15,1.25,5,car,423.040549850464,502.1576744079592,382.3099365234375,427.1830749511719,463.0663757324219,501.3815002441406,0.051287187848942525,1.288459559849532,0.9005760964594419,0
15,1.25,6,car,588.1966323852541,540.0000000000001,517.7251586914062,451.911376953125,658.3643188476562,540.0,1.8481855119981174,2.6936320446323056e-13,0.9625544854338208,0
15,1.25,8,person,70.8143326441447,452.41445668538415,61.21244430541992,395.8214111328125,80.79505157470703,451.9207763671875,0.9515405927385786,2.169854736328186,0.9521658160717889,59
15,1.25,9,car,201.16373405456545,535.7619817097983,114.8651123046875,448.93743896484375,286.6091003417969,537.0172729492188,0.042801557268461916,-1.3894487653461187,0.8559861521955299,18
15,1.25,10,person,47.4676855246226,450.53526484171556,38.42800521850586,397.8075866699219,56.523433685302734,450.1571044921875,0.9406499862670951,1.3765254429410079,0.9095697245195334,59
15,1.25,11,person,139.37667818069465,459.6650444030763,129.7600860595703,396.92242431640625,148.0772247314453,459.8690490722656,1.376137815203067,-0.38388453892286517,0.9637877686172162,60
15,1.25,24,car,609.0296592018818,414.8352145108308,580.5858154296875,382.9272766113281,634.4414672851562,414.5108642578125,-25.81816628196088,-0.7995516690344197,0.7577267353071474,0
15,1.25,28,car,551.9376644558381,485.41750488281286,510.113037109375,402.3365783691406,594.6281127929688,485.37652587890625,-3.622665405272655,3.1215637207038958,0.8788610097409566,0
15,1.25,17,truck,255.24173791328676,479.27298757953315,189.19882202148438,364.20684814453125,328.290283203125,479.74560546875,-16.160509757448207,0.2188848780994029,0.5691874451451103,18
15,1.25,15,person,109.66923016877159,441.81558031640225,101.49040222167969,390.6101989746094,116.99909973144531,441.48699951171875,-0.14522758383932488,0.9976966025009398,0.9597303338470351,61
15,1.25,13,person,25.51222476959229,439.1683603140026,16.572492599487305,389.54864501953125,34.01602554321289,439.0306396484375,-1.949162292480472,-0.11886491944801439,0.9363886511838262,62
16,1.333,1,bus,174.59810822804778,433.6989354451499,0.0,337.8339538574219,371.0775451660156,459.8837890625,-259.70915451049797,3.5582964215962942,0.8581879175516215,67
16,1.333,2,car,674.7327072143557,494.08685048421256,622.1324462890625,414.66650390625,728.3916015625,494.0798034667969,-0.6908229282918028,-0.11693376813567012,0.9231729445534734,0
16,1.333,3,car,353.87506841023776,539.9615610758466,262.673095703125,486.05621337890625,444.60980224609375,539.9918212890625,0.8680441720147585,-0.041334751673970535,0.9702131967091924,0
16,1.333,4,car,780.3005004882815,538.986743672689,699.5348510742188,467.1483154296875,860.8641357421875,539.0029907226562,0.5435093470987566,-0.05776977539020145,0.9762049522861693,0
16,1.333,5,car,422.80245374043807,501.85059560139996,382.30462646484375,427.2731018066406,462.64788818359375,500.998046875,-0.3891965593607232,0.62997959681959,0.9045990249473412,0
16,1.333,6,car,588.0424789428713,540.0000000000003,517.478515625,452.6041259765625,656.7335815429688,540.0,1.4558009556366918,3.699881467957388e-13,0.9457914244336054,0
16,1.333,8,person,70.90376593271895,452.3675178527834,61.26292037963867,396.731689453125,80.40809631347656,451.6690673828125,0.9962915693010908,1.8818965366910672,0.9443703094994582,67
16,1.333,9,car,201.0115736643474,535.7299112955733,115.83737182617188,449.2615966796875,285.81390380859375,536.4457397460938,-0.24781951904283628,-1.431173270088791,0.8586267727752861,20
16,1.333,10,person,47.35931507746381,450.4142527262371,37.97848129272461,398.9447937011719,55.42781066894531,449.8277893066406,0.7313561030797127,1.0346557617189445,0.9031734661599367,60
16,1.333,11,person,139.30116291046147,459.67529093424497,129.60787963867188,396.6097106933594,147.9436798095703,459.6814270019531,1.117075783865888,-0.29082380022283144,0.9590737466913986,65
16,1.333,24,car,606.2679207541727,414.56387606534093,578.82373046875,383.50677490234375,631.0968627929688,414.1252136230469,-26.864265580611043,-1.1504816228693597,0.7718576317285221,0
16,1.333,28,car,551.8626900412819,485.73531549627126,509.9281005859375,402.3723449707031,594.6571655273438,485.8446044921875,-3.192722389914513,3.230852716619626,0.8824903928685204,0
16,1.333,17,truck,254.65764953183447,479.287150380309,178.7298126220703,348.681884765625,335.1440734863281,479.27496337890625,-15.235082312277505,0.21393677226696803,0.5730954253985356,20
16,1.333,15,person,109.28601482319378,441.7856438978662,100.95314025878906,391.54632568359375,116.4766845703125,441.67108154296875,-0.6180015995818052,0.8251817235404778,0.952688590264607,64
17,1.417,2,car,675.0711756388349,494.0654294331869,622.3755493164062,414.13275146484375,729.0274658203125,493.9469299316406,-0.002346365792127267,-0.10511692592071008,0.9335116866002938,0
17,1.417,3,car,353.8714113871257,539.9663584391277,262.76873779296875,486.1817321777344,444.52862548828125,539.9976196289062,0.7686492919921427,-0.032838657923985264,0.9687814574727613,0
17,1.417,4,car,780.2733609517416,538.9890167236329,699.5382080078125,467.30047607421875,860.7589111328125,538.9839477539062,0.42065211704817584,-0.04019426618307783,0.9770073981069433,0
17,1.417,5,car,422.57783482869473,501.37771479288745,382.4010925292969,427.33782958984375,462.4084777832031,500.654296875,-0.765991646902915,-0.3195962088447493,0.9362669098233641,0
17,1.417,6,car,587.7212504069012,540.0000000000001,516.8978881835938,452.44775390625,656.4149780273438,540.0,0.802336774553596,1.4996984772661561e-13,0.934225368733856,0
17,1.417,8,person,70.91689155896508,452.2472012837729,60.96015930175781,396.0711364746094,80.29753112792969,451.5934753417969,0.9316058840070766,1.4684548514230034,0.9392104154915891,0
17,1.417,9,car,200.8943422953288,535.7937662760417,116.45346069335938,449.89862060546875,285.5108947753906,536.576904296875,-0.4933567592075958,-1.2708775111606805,0.8587748105074365,20
17,1.417,10,person,47.70155625343323,450.4212191263836,39.575584411621094,398.3202209472656,57.51701736450195,450.340576171875,1.0927444185529345,0.8822531563896023,0.8976767893679777,0
17,1.417,11,person,139.230108610789,459.69809951782236,129.56826782226562,396.5382385253906,147.92453002929688,459.6355895996094,0.9032300131661564,-0.16488255092074985,0.9571924156873615,13
17,1.417,24,car,604.4706589136367,414.3163776886768,580.4119262695312,384.10919189453125,630.6405639648438,413.95379638671875,-26.17333642919562,-1.3878075659689848,0.7721201273250857,0
17,1.417,28,car,551.6271306818179,485.8571707985616,509.4842224121094,402.0615234375,593.9007568359375,485.5413513183594,-3.140435236150847,2.97819713245735,0.8867279432461488,0
17,1.417,17,truck,254.12727241516117,479.48277762276797,178.8963623046875,348.43743896484375,335.41949462890625,479.2306213378906,-14.610229274204796,0.7146240234377226,0.5626546953172946,20
18,1.5,2,car,675.3724080403649,493.9912345886231,622.0423583984375,413.23944091796875,729.4730834960938,493.7923278808594,0.5520159040182581,-0.18841160365497533,0.9458138996630019,0
18,1.5,3,car,353.8506622314453,539.9717315673829,262.9212646484375,486.29388427734375,444.583984375,539.999755859375,0.6093540736607923,-0.02359967912938223,0.9711958273455341,0
18,1.5,4,car,780.1620869954428,538.9938364664714,699.2460327148438,467.4508972167969,860.3535766601562,539.0037231445312,0.20786132812508257,-0.024991280692097377,0.973468014289023,0
18,1.5,5,car,422.5172692616781,500.99141591389986,382.5259704589844,427.3815002441406,462.2512512207031,500.31903076171875,-0.7172862461633874,-0.9127205984930156,0.9402318383866173,0
18,1.5,6,car,587.375922393799,540.0000000000001,516.7278442382812,452.5970764160156,656.0504760742188,540.0,0.19208417619978413,2.6936320446323056e-13,0.9258709486313795,0
18,1.5,8,person,71.03242344856264,452.0794514973959,61.39337921142578,395.6764221191406,80.79362487792969,451.4622802734375,0.997244126456171,1.0140590122768962,0.9379053658184937,0
18,1.5,9,car,200.78993794123335,536.1527079264323,115.19546508789062,449.4079895019531,286.3873291015625,537.3041381835938,-0.6362311771937718,-0.595071847098157,0.8533738781400299,18
18,1.5,11,person,139.1029001871745,459.73717981974295,129.4442901611328,396.41168212890625,147.88967895507812,459.8039855957031,0.5877711704798884,-0.06750967843186813,0.9565473410673724,0
18,1.5,24,car,603.5594904972957,414.10769519177103,582.864013671875,384.4446716308594,630.9602661132812,413.8620910644531,-24.34461857722361,-1.521773453597504,0.7326767196210371,0
18,1.5,28,car,551.451093037923,485.8345426901791,509.71405029296875,402.0232238769531,593.5978393554688,485.18695068359375,-3.0063504305752438,2.5543187281466797,0.8866342873527789,0
18,1.5,17,truck,254.0999677220931,479.79501027828945,184.31710815429688,358.52197265625,331.8241271972656,480.75323486328125,-13.251151579442814,0.961989149028087,0.5287561895750454,18
19,1.583,2,car,675.5972473144534,493.9358253479006,622.1119384765625,412.9596862792969,729.7193603515625,493.7934875488281,0.8520577566966857,-0.23200378417944081,0.9470119254306013,0
19,1.583,3,car,353.8045378367108,539.9771697998049,262.8895263671875,486.4049072265625,444.457275390625,540.0,0.43347146170487566,-0.014276994977333077,0.9737687671321552,0
19,1.583,4,car,779.999554951986,538.9977528889978,698.9953002929688,467.50042724609375,860.1376953125,539.0078125,-0.057612827845370966,-0.014726911271767259,0.9694414904767392,0
19,1.583,5,car,422.46496149698913,500.6395617167157,382.7132873535156,427.4965515136719,461.9770812988281,499.8229064941406,-0.6619877406525914,-1.270761108398163,0.9318979988282355,0
19,1.583,6,car,586.9957171122236,540.0000000000003,516.2731323242188,452.8031311035156,655.4383544921875,540.0,-0.33297337123304815,2.636441570047198e-13,0.9121457456092497,0
19,1.583,8,person,71.21736930211387,451.8832773844402,61.746910095214844,395.2942199707031,81.15259552001953,451.2839050292969,1.1516943250383584,0.5751865931919529,0.9361164562524887,0
19,1.583,9,car,200.59849402109796,536.4438975016279,115.05858612060547,449.2137756347656,285.37554931640625,536.6820678710938,-0.8250853402272306,0.09512590680828643,0.8664029071495534,0
19,1.583,11,person,138.9336270650229,459.68234786987324,129.093505859375,395.2139892578125,147.7995147705078,459.5149230957031,0.25327279227128463,-0.12440839494971631,0.9538722761662172,0
19,1.583,24,car,602.7251717703681,413.8750627790178,583.2077026367188,384.6467590332031,629.1436157226562,413.5693664550781,-22.752085926768807,-1.6628640646464876,0.6940596912164282,0
19,1.583,28,car,551.5156991141182,485.78958532312384,510.37738037109375,401.8387145996094,594.3179321289062,485.10894775390625,-2.5525556291853984,2.183061872209283,0.8803585470809575,0
19,1.583,17,truck,254.57747677817864,479.95827108590714,186.6569366455078,361.87579345703125,330.77301025390625,480.344482421875,-11.00926350806036,1.0196944320759893,0.4998338788902923,0
19,1.583,49,person,54.035972595214844,450.1496276855469,46.27389144897461,397.0907897949219,61.79805374145508,450.1496276855469,0.0,0.0,0.0,0
20,1.667,2,car,675.73355178833,493.9289540608725,621.9331665039062,412.611083984375,729.8796997070312,493.868896484375,0.9434129987442963,-0.1846592494419608,0.9470480830569721,0
20,1.667,3,car,353.7627463022869,539.9826080322266,262.9666442871094,486.4682922363281,444.6168212890625,540.0,0.24884752546047084,-0.004954310825710911,0.9839366513471839,0
20,1.667,4,car,779.8157330830893,539.0025863647462,698.80908203125,467.4962463378906,860.1195678710938,539.024658203125,-0.3474570138115223,-0.00818481445307681,0.970063760696862,0
20,1.667,5,car,422.32184257507333,500.2794827779136,382.6573791503906,427.5732116699219,462.0262451171875,499.82208251953125,-0.8663014003205719,-1.6956495012553998,0.9380971455583185,0
20,1.667,6,car,586.5542165120444,540.0000000000001,515.9146728515625,452.8371887207031,655.2823486328125,540.0,-0.956726074218551,1.4996984772661561e-13,0.9070148075647657,0
20,1.667,8,person,71.34375724792481,451.7096837361654,61.559696197509766,394.8735046386719,81.14187622070312,451.3233337402344,1.2178652082170893,0.20093732561377511,0.9387810218385797,0
20,1.667,9,car,200.31093667348227,536.7231348673504,114.85697937011719,449.5844421386719,284.9139099121094,536.91064453125,-1.1806205749511156,0.645302908761146,0.8763507916054534,0
20,1.667,11,person,138.72581494649253,459.5891077677409,128.81849670410156,394.74835205078125,147.6088409423828,459.2756042480469,-0.09717472621373108,-0.21010306222105604,0.9500030526204291,0
20,1.667,24,car,601.1050585428875,413.62502873738606,579.2116088867188,384.1315612792969,624.72998046875,413.2752685546875,-22.409596906389645,-1.8012307303292339,0.6980675937353236,0
20,1.667,28,car,551.3932133265902,485.6879394531248,509.8074951171875,401.5972900390625,593.500244140625,484.8687438964844,-2.432252720424395,1.804971615298211,0.8787034980948232,0
20,1.667,17,truck,255.77790710570156,480.5822888151341,186.05093383789062,363.2401428222656,331.0986633300781,481.8413391113281,-7.013180610525776,1.8436606645267937,0.5813645309267166,0
20,1.667,49,person,52.435163497924805,450.2379455566406,44.5742073059082,396.5146789550781,60.296119689941406,450.2379455566406,0.0,0.0,0.0,0
20,1.667,53,bus,259.25791931152344,481.93487548828125,182.41510009765625,363.4371643066406,336.1007385253906,481.93487548828125,0.0,0.0,0.0,0
21,1.75,2,car,675.6992149353027,493.9377182006838,621.2993774414062,412.07977294921875,729.6616821289062,493.9725646972656,0.7595567975724145,-0.141516985211965,0.9473313450186501,0
21,1.75,3,car,353.7400301615397,539.9880462646486,262.9916687011719,486.5887451171875,444.5236511230469,540.0,0.14541059221539726,0.004368373325968987,0.9889711757126679,0
21,1.75,4,car,779.6511807759605,539.0095250447592,698.5475463867188,467.34808349609375,860.3424682617188,539.0518188476562,-0.5862814767017983,-0.004632568359286229,0.9736510529271221,0
21,1.75,5,car,422.2433059692384,500.0199640909832,382.50543212890625,427.6078186035156,462.1977844238281,500.0203552246094,-0.9153887067521288,-1.9617579868861925,0.9455835460927904,0
21,1.75,6,car,586.2436485290526,540.0000000000003,515.9744262695312,452.80517578125,655.7111206054688,540.0,-1.3472651890348,3.699881467957388e-13,0.9087620578398288,0
21,1.75,8,person,71.46623549461366,451.56053390502944,61.590938568115234,394.84222412109375,81.32440948486328,451.28662109375,1.2678434371948155,-0.08428213936934383,0.9408695427260804,0
21,1.75,9,car,199.96540848414108,536.8478790283206,114.76866149902344,449.2279968261719,283.9812316894531,536.0823974609375,-1.5469013214111145,1.051030622210088,0.8946707124914344,0
21,1.75,11,person,138.3527910232544,459.5672760009767,127.99574279785156,394.927490234375,146.93521118164062,459.5389099121094,-0.6330502101353059,-0.21071254185271937,0.9408368899577291,0
21,1.75,24,car,598.8961156209311,413.37339223225916,576.087890625,383.6092834472656,621.6343383789062,413.25787353515625,-23.16666870117194,-1.9925510951449126,0.7163199848561819,0
21,1.75,28,car,551.1248383839926,485.451890818278,509.5995788574219,401.7880859375,592.2378540039062,484.23919677734375,-2.513795471191447,1.325224522181931,0.871967176419012,0
21,1.75,17,truck,257.0906708012456,481.1222554414169,184.77259826660156,362.7567443847656,331.7514953613281,482.2695617675781,-2.9655969702679386,2.350859666907492,0.7778158617727824,0
21,1.75,53,bus,258.87564849853516,481.2319030761719,182.6024932861328,363.6439514160156,335.1488037109375,481.2319030761719,0.0,0.0,0.0,0
21,1.75,10,person,47.39628343914277,450.04210575540264,37.49424743652344,399.55303955078125,54.65174102783203,449.4817199707031,0.4516074026617465,0.015941852792020234,0.8655412876187982,0
22,1.833,2,car,675.5619603474936,493.8981915791832,621.0669555664062,411.86944580078125,729.0560302734375,493.82470703125,0.4691816057477898,-0.1802974155969754,0.9440812025482599,0
22,1.833,3,car,353.72777099609385,539.9934844970705,262.608154296875,486.4979248046875,444.6222839355469,540.0,0.12674037388395987,0.013691057477877301,0.9883397604762809,0
22,1.833,4,car,779.5175310770674,539.0417083740236,698.2232055664062,467.1922607421875,860.611572265625,539.1470947265625,-0.744876970563434,0.034774344308198535,0.9760765327693708,0
22,1.833,5,car,422.1716583251955,499.9073071797692,382.27679443359375,427.6101379394531,462.46075439453125,500.3921813964844,-0.968319266182843,-2.0032588413781998,0.9486315723463764,0
22,1.833,6,car,586.0571795145675,540.0000000000003,516.0263061523438,452.6435852050781,656.3340454101562,540.0,-1.5537427629742322,2.636441570047198e-13,0.9127093537495033,0
22,1.833,8,person,71.53896315892541,451.377873738607,61.4579963684082,394.5422668457031,81.29780578613281,451.1412353515625,1.2455299922398515,-0.4034022739953156,0.9447739679730383,0
22,1.833,9,car,199.64481293360404,536.731299845378,114.84102630615234,448.59808349609375,283.7044982910156,535.2407836914062,-1.8586096082413457,1.0707536969868299,0.8962317057706048,0
22,1.833,11,person,138.1709873835246,459.4346214294436,128.71932983398438,394.6817626953125,147.48568725585938,459.07928466796875,-0.9014004298618329,-0.3554613385879167,0.9445346616143464,0
22,1.833,24,car,596.9486404418949,412.9881795247399,575.2833862304688,383.32525634765625,619.9032592773438,412.805908203125,-23.41195678710892,-2.4270891462048034,0.72430167668614,0
22,1.833,28,car,550.9418108622236,485.00072224934917,509.8354187011719,401.908447265625,592.0122680664062,484.03857421875,-2.4484954833981174,0.37087751116094325,0.8805686265618059,0
22,1.833,59,truck,200.07313919067383,537.4802856445312,114.57266998291016,448.6930847167969,285.5736083984375,537.4802856445312,0.0,0.0,0.0,0
22,1.833,10,person,46.83797133442823,449.6164212241449,37.22777557373047,398.74371337890625,54.534481048583984,449.0690002441406,-0.25590711121165416,-0.5458004452766605,0.854902653940701,0
23,1.917,2,car,675.4324867248537,493.84982198079445,622.0675659179688,413.52935791015625,727.7069702148438,493.8369445800781,0.2651432582312484,-0.25118408203113995,0.9400024279362534,0
23,1.917,3,car,353.7247379302979,539.987801106771,262.5843811035156,486.45599365234375,444.7935791015625,539.9539794921875,0.10764574323386014,0.00920758928567294,0.9882077886755254,0
23,1.917,4,car,779.3824228922526,539.0717041015627,697.9714965820312,467.08746337890625,860.53173828125,539.1262817382812,-0.8671613420757486,0.0782017299110022,0.9766248237456262,0
23,1.917,5,car,422.12352600097665,499.9120155334474,382.04766845703125,427.5916748046875,462.66558837890625,500.7445068359375,-0.9699829101561781,-1.884640502929467,0.942078243828524,0
23,1.917,6,car,585.7970995585125,540.0000000000001,515.5646362304688,452.4942626953125,656.1864624023438,540.0,-1.872811889648212,1.4996984772661561e-13,0.9209214082204943,0
23,1.917,8,person,71.51775069236756,451.1816963195802,61.298789978027344,395.522705078125,80.81950378417969,451.0468444824219,1.111673436846025,-0.7258183070589839,0.9488834720591002,0
23,1.917,9,car,199.30077527364097,536.1972249348959,115.28878021240234,448.4754638671875,282.4896240234375,534.1900024414062,-2.151913670131138,0.3134974888394375,0.8660483544926137,0
23,1.917,11,person,138.08475716908774,459.4082132975261,129.03652954101562,394.8989562988281,147.8252716064453,459.5250244140625,-1.0376662118094546,-0.38577706473214207,0.9509415957064492,0
23,1.917,24,car,595.952436065674,412.4828638712566,575.4393920898438,382.91656494140625,618.3834228515625,411.5790100097656,-21.571915544782442,-2.818445696149574,0.7330077869778492,0
23,1.917,28,car,550.9636164347332,484.7169090270997,510.3622741699219,402.1430969238281,592.456298828125,484.1837158203125,-2.0835911342075466,-0.16585824148980347,0.8837209053683361,0
23,1.917,59,truck,200.18362426757812,536.5327758789062,114.9278564453125,448.0002136230469,285.43939208984375,536.5327758789062,0.0,0.0,0.0,0
23,1.917,10,person,46.4158636436085,449.26905929476936,37.15028762817383,398.8603210449219,54.35744094848633,448.8675842285156,-0.7840835040277107,-0.9843064057303965,0.8524647004188799,0
23,1.917,17,truck,261.48818841347327,481.7988915076623,196.97177124023438,362.3639221191406,341.6691589355469,481.60528564453125,4.288264494675767,3.0000563401444413,0.6083853029477909,0
24,2.0,2,car,675.2703613281253,493.6946530659995,624.0904541015625,416.8460998535156,725.2158813476562,493.4187927246094,0.04903041294686539,-0.46454772949186834,0.9346365856807641,0
24,2.0,3,car,353.6904408772788,539.987383524577,262.21258544921875,486.30072021484375,445.1105041503906,539.9710083007812,0.019581821986767205,0.011805071149738878,0.9913921542547259,7
24,2.0,4,car,779.2871472676595,539.1072209676108,698.1531982421875,467.27545166015625,860.4471435546875,539.1492919921875,-0.9231249128065955,0.12992902483279556,0.9777734814503836,0
24,2.0,5,car,422.11335945129406,500.015624745687,381.7915344238281,427.480224609375,462.78564453125,500.95611572265625,-0.8673097882951455,-1.6004503522598637,0.930251315126757,0
24,2.0,6,car,585.3972287495932,540.0000000000001,514.783203125,452.4215393066406,655.5557250976562,540.0,-2.348158918108099,9.402957063103583e-14,0.9316092501488406,0
24,2.0,8,person,71.51365097363791,450.9648251851401,61.493160247802734,395.5956726074219,80.87130737304688,450.77606201171875,1.0005372456142068,-1.0170135498045765,0.9516522859880434,0
24,2.0,9,car,199.0538880348206,535.6350596110028,116.00952911376953,449.27813720703125,281.7035827636719,534.0538940429688,-2.2404979705810364,-0.5019234793525812,0.8516731410087692,0
24,2.0,11,person,137.87620919545492,459.5393742879233,128.24990844726562,396.49200439453125,147.0360107421875,460.1763610839844,-1.2373636518205826,-0.22307739257789153,0.9452590474429557,0
24,2.0,24,car,594.3775250752768,411.8914085388185,574.5772094726562,382.8943786621094,616.373779296875,410.8982238769531,-21.42364981515072,-3.301523699079191,0.7275596578463349,0
24,2.0,28,car,550.8424830118815,484.5324762980144,510.3729248046875,402.1991882324219,592.4107666015625,484.2702331542969,-2.1420488630024517,-0.4654410226003678,0.8864790085440688,0
24,2.0,59,truck,199.96998977661133,536.6697387695312,115.94190216064453,449.4565124511719,283.9980773925781,536.6697387695312,0.0,0.0,0.0,0
24,2.0,10,person,45.94916371005872,448.9389366855791,36.71809768676758,398.6606140136719,53.75232696533203,448.6036682128906,-1.348919494976996,-1.379789519219254,0.8520485953575525,0
24,2.0,17,truck,265.25030734704865,482.1398177792442,199.86488342285156,362.9346923828125,342.3857116699219,481.8023986816406,9.404617514999082,3.3077905693425094,0.5431607404760648,7
25,2.083,2,car,675.3480400085449,493.6153607686361,625.3831176757812,418.0848083496094,725.6800537109375,493.5855407714844,0.1556174142019036,-0.5462677001952664,0.9346909196856972,0
25,2.083,3,car,353.67427342732753,539.9921600341796,261.84246826171875,486.1507263183594,445.33428955078125,539.989501953125,0.007142421177493611,0.021193150111516457,0.9910199015677565,9
25,2.083,4,car,779.2483823140462,539.1322611490885,698.2996215820312,467.3932189941406,860.466064453125,539.1591186523438,-0.8804796491351985,0.15327497209818416,0.977108803812934,0
25,2.083,5,car,422.11984074910487,500.098043314616,381.8058166503906,427.3811340332031,462.7216491699219,500.73529052734375,-0.736357334682062,-1.3197535923547996,0.9255384578118282,0
25,2.083,6,car,585.0652503967285,540.0,514.698974609375,452.34063720703125,655.7513427734375,540.0,-2.706229509626068,-3.0132236227028216e-13,0.9477707405191327,0
25,2.083,8,person,71.47746438980101,450.76443735758454,61.739837646484375,396.5929260253906,80.7297134399414,450.60650634765625,0.809523827689007,-1.2264325823106863,0.9537297254226852,0
25,2.083,9,car,198.83391984303788,535.1788803100585,115.50358581542969,449.5033874511719,282.144287109375,534.7008666992188,-2.312124088832395,-1.2805690220428114,0.8641815345156246,0
25,2.083,11,person,137.84650732676187,460.00879948933925,128.7354736328125,398.5809020996094,147.68775939941406,461.6169738769531,-1.1895436968122546,0.3580431256974056,0.9125974743833519,0
25,2.083,24,car,593.2951283772787,411.57726999918617,572.755615234375,383.46044921875,614.3836059570312,411.5069274902344,-19.930334472656398,-3.366689627511392,0.7462365514869804,0
25,2.083,28,car,550.8846773783366,484.3881436665853,510.4844665527344,402.194580078125,592.463623046875,484.3113708496094,-1.834916904994594,-0.6782422746931388,0.8856639238080803,0
25,2.083,59,truck,199.9402084350586,537.0208129882812,115.85325622558594,449.7884216308594,284.02716064453125,537.0208129882812,0.0,0.0,0.0,0
25,2.083,10,person,45.024750645491785,448.56468755675115,34.96961975097656,399.2242126464844,51.57319641113281,448.0751647949219,-2.4600026105464945,-1.7661882816058598,0.8345053104265086,0
25,2.083,17,truck,267.6957775862321,482.32788643215014,201.6855010986328,363.22314453125,342.54010009765625,482.0950927734375,11.426470980436827,3.2012313179347003,0.5180678151217853,9
25,2.083,49,person,50.90095329284668,450.0954895019531,43.10749435424805,397.2305603027344,58.69441223144531,450.0954895019531,0.0,0.0,0.0,0
26,2.167,2,car,675.5186370849611,493.6601488749186,625.551025390625,418.6529541015625,726.1458129882812,493.98175048828125,0.404281180245743,-0.44644121442533263,0.9331198875120398,0
26,2.167,3,car,353.63571434021,539.9989100138346,261.6165771484375,486.0775146484375,445.3823547363281,539.99658203125,-0.03716060093481002,0.03315516880561516,0.9894932593761583,13
26,2.167,4,car,779.180985005697,539.168414815267,698.1343994140625,467.44012451171875,860.3672485351562,539.2193603515625,-0.8894818987161401,0.18950631277908123,0.9772147526288201,0
26,2.167,5,car,422.1465788523357,500.165814971924,381.8456115722656,427.36151123046875,462.6980895996094,500.5966491699219,-0.5783955165317614,-1.0582959856303837,0.9246781335532261,0
26,2.167,6,car,584.8583770751953,540.0000000000002,514.5585327148438,452.2560729980469,655.7734375,540.0,-2.76315046037942,2.693632044632306e-13,0.949642706449616,0
26,2.167,8,person,71.47494360605877,450.5868314107261,61.74382019042969,394.57000732421875,81.447998046875,450.47296142578125,0.6131845746721422,-1.3594887869697534,0.9621513215064139,0
26,2.167,9,car,198.82352069218962,535.5618331909182,113.10222625732422,449.2806091308594,285.81378173828125,537.921630859375,-2.1059399741035976,-0.9373247419084884,0.841860294098318,0
26,2.167,11,person,137.75778134663904,460.4260139465334,128.84909057617188,401.648193359375,147.11373901367188,461.5365905761719,-1.238019888741642,0.8726715087891114,0.901911508092613,0
26,2.167,24,car,591.903148142497,411.18002065022796,570.1456298828125,383.2149353027344,611.6295166015625,411.1534118652344,-18.99891749790733,-3.620693533761235,0.7833125958034762,0
26,2.167,28,car,551.2223724365236,484.2119270324709,510.983642578125,402.1815490722656,592.7890014648438,484.07281494140625,-0.9444684709819708,-0.9028446742465175,0.9044432964628455,0
26,2.167,59,truck,199.08549880981445,538.5374145507812,113.49201202392578,449.6574401855469,284.6789855957031,538.5374145507812,0.0,0.0,0.0,0
26,2.167,17,truck,270.42064559916366,482.4466237238251,203.59225463867188,362.5026550292969,343.2232666015625,481.7518005371094,14.259575908061262,3.1200066953229704,0.5279010786884244,13
26,2.167,49,person,52.08025932312012,449.6873779296875,44.311302185058594,397.332275390625,59.84921646118164,449.6873779296875,0.0,0.0,0.0,0
27,2.25,2,car,675.691868845622,493.7266148885093,625.9149780273438,419.3672790527344,726.2064819335938,494.0456237792969,0.5996874128073141,-0.31572352818071026,0.9302621641830326,0
27,2.25,3,car,353.5861059824626,540.0023839314779,260.9338073730469,485.6623840332031,445.9364929199219,539.9992065429688,-0.09329027448381855,0.03577619280147092,0.9877459437368462,14
27,2.25,4,car,779.0571077982587,539.208760070801,697.86328125,467.44091796875,860.1321411132812,539.252197265625,-0.9823359898157481,0.23078874860515697,0.978363881017077,0
27,2.25,5,car,422.1811298370363,500.2387766520184,381.8559265136719,427.3756408691406,462.6889953613281,500.5228576660156,-0.4215630667547486,-0.7870134626113774,0.9266337342983645,5
27,2.25,6,car,584.8301831563316,540.0000000000003,514.6865844726562,452.1191711425781,656.246337890625,540.0,-2.5130140032086543,1.9179498923428867e-13,0.9430118193440029,0
27,2.25,8,person,71.32541840871177,450.3699012756349,61.238189697265625,394.91400146484375,80.69027709960938,450.0936279296875,0.27787595476427696,-1.5038752964564626,0.9630367030900833,0
27,2.25,9,car,198.72405341466273,535.9264007568361,112.67478942871094,449.20367431640625,285.469970703125,538.0167236328125,-2.046839741298143,-0.6131888253347935,0.8268116054563011,0
27,2.25,24,car,590.3332407633466,410.7532043457032,568.8823852539062,382.84710693359375,610.2870483398438,410.9346008300781,-18.728315080914765,-3.9604561941964955,0.7938797308693214,0
27,2.25,28,car,551.6033996582032,483.901629638672,511.8044738769531,402.22900390625,593.3821411132812,483.6519470214844,-0.22825404575909006,-1.3514753069196637,0.9083224071433016,0
27,2.25,59,truck,199.1893690200079,538.3968331473214,112.9764633178711,449.16278076171875,285.4104309082031,538.7313232421875,-2.6477547781809685,4.326918247768243,0.9096724620515273,0
27,2.25,17,truck,272.56201905166546,482.385031744606,203.8931121826172,362.1191711425781,342.59222412109375,481.7044372558594,16.149750783653356,2.6413626082818675,0.5601987527086619,14
27,2.25,49,person,50.495487571658956,449.6723036228268,41.77668762207031,396.3291931152344,57.787925720214844,449.50897216796875,-4.504811681302887,-0.8785964851089962,0.8909334649821227,0
28,2.333,2,car,675.8555783589684,493.797622172038,625.9642944335938,419.56622314453125,726.705078125,494.13934326171875,0.7015934535437105,-0.2065979003904713,0.9266626072138218,0
28,2.333,3,car,353.4620343526205,539.9973286946617,260.2676086425781,485.362060546875,445.98419189453125,540.0,-0.24691641671309744,0.016835239955751705,0.9815731752773943,14
28,2.333,4,car,778.9446606953941,539.2242090861005,697.6389770507812,467.1766662597656,860.3055419921875,539.1994018554688,-1.0600250244138683,0.23024989536848023,0.9804712749163152,0
28,2.333,5,car,422.19957529703794,500.3690907796226,381.75482177734375,427.2555847167969,462.8389892578125,500.625732421875,-0.3323024204798396,-0.428733607700749,0.931112174969421,5
28,2.333,6,car,584.9393412272137,540.0000000000001,514.77490234375,451.8135681152344,656.74365234375,540.0,-2.05976911272334,-2.8223309834834573e-14,0.9348607701636522,0
28,2.333,8,person,71.20638227462773,450.1084454854331,61.54817581176758,397.6382141113281,80.022216796875,449.7628479003906,0.09332411629820124,-1.6990892682755638,0.9570332382461434,0
28,2.333,9,car,198.74841969807952,536.0491902669273,113.97958374023438,448.87158203125,284.9640197753906,536.8341674804688,-1.8407488141740849,-0.4742536272319032,0.8222507480554709,0
28,2.333,28,car,552.4574653625491,483.62937088012717,513.6903686523438,402.03143310546875,596.182373046875,483.5341491699219,0.9394003731865889,-1.6800489153178368,0.8662781483051092,0
28,2.333,59,truck,199.41620268140514,538.2739279610768,114.36880493164062,448.79638671875,285.4962463378906,537.716064453125,-1.408579690115983,2.9880458286827345,0.8996252555934737,0
28,2.333,17,truck,274.0700066150074,482.2641561158946,203.90472412109375,362.4012145996094,341.0138854980469,481.3929748535156,17.091948259380427,2.174945795154219,0.5892826886548106,14
28,2.333,49,person,49.89072149837718,449.4788885857077,41.42223358154297,396.279541015625,57.591773986816406,449.2778015136719,-4.902954873477713,-1.087243221507449,0.8955373366694226,0
28,2.333,10,person,43.48782975938584,447.64911431206593,35.699424743652344,399.02496337890625,52.09659194946289,447.3041076660156,-4.381746249728726,-2.5050645616320084,0.8850213754171959,0
29,2.417,2,car,675.8323722839357,493.8422114054363,624.9127807617188,418.9254150390625,726.7078857421875,493.9780578613281,0.5249149867467595,-0.11119995117184148,0.9287592331630217,0
29,2.417,3,car,353.3334115346274,539.9935577392579,259.9872131347656,485.1349182128906,446.14642333984375,540.0,-0.4043302263532173,0.003123256138451212,0.9792323772101663,14
29,2.417,4,car,778.8624397277835,539.2401473999025,697.4531860351562,466.9914855957031,860.4523315429688,539.2106323242188,-1.0752986363001094,0.23242623465402507,0.9808724316221606,0
29,2.417,5,car,422.2170538584393,500.4870056152346,381.70697021484375,427.155029296875,462.7914123535156,500.51287841796875,-0.2409988403319256,-0.09135393415160405,0.9410358151494954,5
29,2.417,6,car,585.2552706400554,540.0,515.04443359375,451.2108459472656,658.0458374023438,540.0,-1.377320643833694,-4.109019372206026e-14,0.9173237226356046,0
29,2.417,8,person,71.04179261525475,449.83165740966814,61.084083557128906,396.5885925292969,79.73851776123047,449.4275817871094,-0.09184276035853353,-1.8734017508370215,0.9472418548604893,0
29,2.417,9,car,198.80859568913783,536.173401896159,114.10900115966797,448.4682922363281,285.0929870605469,536.517333984375,-1.6149119240896868,-0.21640450613819104,0.8192962492301246,0
29,2.417,28,car,553.7104694366457,483.471245066325,515.7609252929688,402.45867919921875,599.3261108398438,483.7882080078125,2.3504706246512233,-1.8227037702288078,0.7927345670159265,0
29,2.417,59,truck,199.7140760421754,538.3191070556644,114.09025573730469,448.3359375,286.5006103515625,538.0337524414062,-0.4119676862442036,2.4988664899561552,0.8969798780743896,0
29,2.417,17,truck,274.607411984035,481.9619685581754,202.4250946044922,363.023193359375,337.49200439453125,480.3707580566406,16.70388499668674,1.626735142299422,0.5660069719883307,14
29,2.417,49,person,49.35667592174601,449.25559959171704,41.08827590942383,397.3773193359375,57.11964416503906,448.98834228515625,-5.109884585974353,-1.3060797925262888,0.9003406575534498,0
30,2.5,2,car,675.7202575683596,493.80338109334326,623.4364624023438,416.5353088378906,727.62060546875,493.50677490234375,0.23586077008945833,-0.08238045828662624,0.9325917814280966,0
30,2.5,3,car,353.2229443868001,539.9935317993164,259.8343811035156,484.9189147949219,446.36480712890625,540.0,-0.537421090262231,0.0004002162390184172,0.9805582550175628,12
30,2.5,4,car,778.772599029541,539.2568318684897,697.1159057617188,466.8023986816406,860.3403930664062,539.2146606445312,-1.0615343366350596,0.23994140625019342,0.9811626586305364,0
30,2.5,5,car,422.22784652709964,500.4991793314616,381.82562255859375,427.0843811035156,462.6142578125,500.1265563964844,-0.16898672921304167,0.0729374476840987,0.9493438214603144,4
30,2.5,6,car,585.7905578613284,540.0000000000001,515.2413940429688,450.6651916503906,659.114501953125,540.0,-0.3606236049105596,2.218040286060469e-14,0.9119047707492248,0
30,2.5,8,person,70.87566053072612,449.5398020426433,61.05712127685547,395.9200744628906,79.85982513427734,449.1671142578125,-0.31432350703646333,-2.059020996093699,0.9427269388032115,0
30,2.5,9,car,198.8920788764954,536.2003616333011,114.33027648925781,448.1860046386719,284.7733459472656,536.0152587890625,-1.3363355909073882,-0.05567190987689103,0.8187241502822753,0
30,2.5,28,car,554.4804360707602,483.36040471394864,514.083251953125,403.3693542480469,596.9331665039062,483.61126708984375,3.3118266514372903,-1.8109719412667242,0.7965712779849645,0
30,2.5,59,truck,199.92081366644973,538.3588623046877,113.93831634521484,448.09405517578125,286.6974182128906,538.0813598632812,0.09852981567391075,2.142077636719075,0.8986492446157766,0
30,2.5,17,truck,274.68522712814996,481.4595313859814,201.76593017578125,363.4062194824219,335.5980529785156,479.6465759277344,15.781488724829629,0.7855562217413116,0.5126478466416439,12
30,2.5,49,person,49.22480427591424,449.007274426912,41.67168045043945,396.49993896484375,58.13266372680664,448.68585205078125,-4.649785694323075,-1.5244044253700664,0.8965316302605746,0
31,2.583,2,car,675.4892776489262,493.82623469034854,622.3237915039062,416.15545654296875,727.2838134765625,493.82000732421875,-0.10773664201979585,-0.013511875697171872,0.9275154821344628,0
31,2.583,3,car,353.16799914042167,539.9949544270836,259.7860107421875,484.6883544921875,446.7162780761719,540.0,-0.5870067051477398,0.0019042968752211395,0.9822869118702581,11
31,2.583,4,car,778.7069778442387,539.2792505900067,697.0108642578125,466.7259521484375,860.3385009765625,539.2724609375,-0.9997637067520354,0.24757690429702023,0.9828789465006027,0
31,2.583,5,car,422.21409683227563,500.430769856771,381.8330383300781,426.95294189453125,462.5406799316406,499.8748474121094,-0.15948355538487086,0.08402971540194552,0.9499346637142285,0
31,2.583,6,car,586.2718060811363,540.0000000000001,515.6083984375,450.5963134765625,659.15673828125,540.0,0.43277108328715563,-2.8223309834834573e-14,0.9076830182200724,0
31,2.583,8,person,70.5830838362376,449.21805343627955,60.559486389160156,395.607421875,79.38385009765625,448.8974304199219,-0.717158971514008,-2.293831525529929,0.9392035577915924,0
31,2.583,9,car,199.12712704340623,536.2128952026369,114.37174987792969,447.73553466796875,285.6432800292969,536.167236328125,-0.8398961203438149,-0.002356828962063508,0.8158165332839145,0
31,2.583,17,truck,274.55104303705883,481.0847982456029,202.36663818359375,363.04278564453125,336.9359130859375,480.39276123046875,14.121765500399867,-0.0017686280560681705,0.47108208268813256,11
31,2.583,49,person,48.547804257847154,448.6338009037053,39.41545104980469,395.40771484375,56.19678497314453,448.0024719238281,-5.0791829948545955,-1.889910676878157,0.888432658983092,0
32,2.667,2,car,675.3309028625491,493.7879964192711,621.963623046875,415.2278137207031,727.6651000976562,493.6136474609375,-0.2778481619695594,-0.04097377232101137,0.9242104856022353,4
32,2.667,3,car,353.1681627909344,539.9969456990563,259.90411376953125,484.5391845703125,446.96551513671875,540.0,-0.5622841971259406,0.005045863560502386,0.980883004631135,9
32,2.667,4,car,778.6679951985681,539.2973052978517,697.0438232421875,466.7182922363281,860.2667236328125,539.2927856445312,-0.8959298270086539,0.24323207310271802,0.9873419606714728,0
32,2.667,5,car,422.1915439605714,500.2970303853356,381.7965087890625,426.7785949707031,462.5233459472656,499.677978515625,-0.17016187395348387,-0.03365870884445688,0.9452254177111299,0
32,2.667,6,car,586.809894816081,540.0000000000002,516.10595703125,450.5893249511719,659.6829223632812,540.0,1.2137224469868788,2.665036807339752e-13,0.9040869507438748,0
32,2.667,8,person,70.2626781781515,448.90381749471044,60.5577392578125,396.0191650390625,79.20460510253906,448.6835021972656,-1.1809774671281557,-2.4999533517018673,0.947287830989408,0
32,2.667,9,car,199.4123503684998,536.2283299764001,114.41380310058594,447.508056640625,285.6744689941406,536.0780639648438,-0.24373708452487883,0.08111310686410188,0.818096426839183,0
32,2.667,17,truck,274.2362446451125,480.74128700971914,202.79449462890625,362.9165954589844,337.34381103515625,480.69891357421875,12.082828061142987,-0.7947282395557261,0.44842545822932844,9
32,2.667,49,person,47.86918291028748,448.2928336108583,38.51851272583008,393.9975280761719,55.79030990600586,447.7792663574219,-5.437696192030446,-2.147504346582574,0.8846512256728134,0
32,2.667,12,person,801.7679138183594,446.34295654296875,791.5372314453125,392.2989196777344,811.9985961914062,446.34295654296875,0.0,0.0,0.0,0
32,2.667,28,car,557.8578723614032,483.1657113882212,510.6663513183594,382.4907531738281,615.2247924804688,483.0596618652344,7.248658382257654,-1.5699025171040912,0.7028657520000484,4
33,2.75,2,car,675.1479212443033,493.69864679972335,621.1156005859375,413.911376953125,728.0639038085938,493.4529724121094,-0.458048793247674,-0.15536106654587054,0.9201495013278332,7
33,2.75,3,car,353.1894091288249,539.9991622924806,259.7993469238281,484.3529968261719,447.0858154296875,540.0,-0.49042837960375696,0.008817836216640326,0.9783429822537998,6
33,2.75,4,car,778.6213116963706,539.3058507283531,697.0228271484375,466.5965576171875,860.2998657226562,539.2744750976562,-0.8458491734092863,0.22693830217669442,0.9876942132823652,0
33,2.75,5,car,422.16362648010255,500.0699834187826,381.8014221191406,426.6380310058594,462.44122314453125,499.3758544921875,-0.18747318812769004,-0.3150905064173389,0.9379514655625342,0
33,2.75,6,car,587.4164863586426,540.0000000000001,516.3475341796875,450.3600158691406,660.559326171875,540.0,2.017677089146339,1.6301921467221155e-13,0.9033139012828315,0
33,2.75,8,person,70.02998207410177,448.595852915446,60.48411560058594,395.2973327636719,79.33668518066406,448.4808044433594,-1.4446734564644859,-2.6871525355745747,0.9544433683868971,0
33,2.75,9,car,199.93388264973962,536.4888722737631,115.11835479736328,447.6178283691406,286.9420166015625,536.6394653320312,0.6230281284878452,0.6037196568081332,0.8247106915864933,0
33,2.75,17,truck,273.0612879960433,480.45426046951957,200.58763122558594,363.5767822265625,334.32452392578125,480.29443359375,8.913302446448343,-1.2575960242228734,0.4053279774803642,6
33,2.75,49,person,47.240814780356075,448.01834396962,37.86959457397461,393.0685729980469,55.55205154418945,447.7294006347656,-5.6705106843506705,-2.274431226972013,0.886081998247078,0
33,2.75,91,person,727.6453857421875,435.2884826660156,719.4540405273438,387.36920166015625,735.8367309570312,435.2884826660156,0.0,0.0,0.0,0
33,2.75,12,person,801.6560974121094,446.4925231933594,791.426025390625,393.0048828125,811.8861694335938,446.4925231933594,0.0,0.0,0.0,0
33,2.75,28,car,559.4777938950382,483.06644345648044,507.59381103515625,379.3793029785156,614.0722045898438,483.04534912109375,8.892063432486347,-1.497550053993326,0.7132886612505084,7
34,2.833,2,car,675.1757367451988,493.43066024780285,621.438720703125,412.4708251953125,729.0693969726562,492.67803955078125,-0.33475472586462895,-0.48728681291848575,0.9147124690001465,0
34,2.833,3,car,353.2104799906413,540.0014053344728,259.7084655761719,484.18218994140625,447.1985168457031,540.0,-0.42917436872215703,0.012663051060361771,0.976357361778613,0
34,2.833,4,car,778.5848147074383,539.287492879232,697.0830078125,466.4396667480469,860.3458862304688,539.1889038085938,-0.811038208008122,0.17477155412949355,0.986104917841502,0
34,2.833,5,car,422.17334365844744,499.90328521728526,381.6439208984375,426.5348205566406,462.9028015136719,499.8017272949219,-0.1626068115232705,-0.598438371930702,0.9432638460201579,0
34,2.833,6,car,587.9899930318198,540.0000000000001,516.3709716796875,450.094482421875,661.2777709960938,540.0,2.6615596226284968,-9.435343014675491e-14,0.9027066159631105,0
34,2.833,8,person,69.88265320460003,448.30000381469733,60.28764343261719,394.19293212890625,79.60176086425781,448.3209228515625,-1.5252314431326601,-2.8556958879741776,0.9599052552234356,0
34,2.833,9,car,200.3208045005799,536.5742324829102,115.47114562988281,447.7099914550781,286.1583557128906,536.1890258789062,1.2180161067417543,0.8063991001673069,0.8320533791582547,0
34,2.833,17,truck,271.1704056819167,480.2361736948634,198.13479614257812,363.8225402832031,332.7848205566406,480.83709716796875,4.723055724667224,-1.7286449609924792,0.3831078954277649,0
34,2.833,49,person,46.72163649395683,447.7080423260261,37.2796516418457,391.4674377441406,55.604278564453125,447.81298828125,-5.67195961040688,-2.6476154474922344,0.8893525136826929,0
34,2.833,91,person,727.3894958496094,435.1547546386719,719.1736450195312,387.1041259765625,735.6053466796875,435.1547546386719,0.0,0.0,0.0,0
34,2.833,12,person,801.8526306152344,446.4674072265625,791.5383911132812,393.1856994628906,812.1668701171875,446.4674072265625,0.0,0.0,0.0,0
34,2.833,94,person,26.49521827697754,438.3030090332031,16.69287872314453,387.0971984863281,36.29755783081055,438.3030090332031,0.0,0.0,0.0,0
34,2.833,11,person,137.76516723632812,460.8797302246094,128.0477752685547,398.7439270019531,147.48255920410156,460.8797302246094,0.0,0.0,0.0,0
35,2.917,2,car,675.3488047281904,493.24881057739276,621.8397827148438,412.5,729.7437133789062,492.8774719238281,-0.024959891182607833,-0.6857234409876256,0.9126609521068236,5
35,2.917,3,car,353.25551439921077,540.0036483764651,259.7386779785156,484.0921325683594,447.1905517578125,540.0,-0.3145876203262767,0.016508265904034605,0.9750169793463235,0
35,2.917,4,car,778.5227933247887,539.2630630493165,697.12060546875,466.5060729980469,860.0335083007812,539.1732177734375,-0.8159585135324987,0.11591360909613697,0.985910499613046,0
35,2.917,5,car,422.1773414611818,499.79473139444997,381.4775085449219,426.51068115234375,463.0107421875,500.04058837890625,-0.14458923339825341,-0.8095027378626126,0.9524153237362921,0
35,2.917,6,car,588.4840810139975,540.0000000000005,516.0774536132812,449.81732177734375,661.8120727539062,540.0,3.1261387416295703,5.424622568986782e-13,0.9054292167223403,0
35,2.917,8,person,69.75117506980898,448.03495839436863,60.20757293701172,394.22235107421875,79.61082458496094,448.1201171875,-1.5858696801321652,-2.94397757393972,0.9635758512893698,0
35,2.917,9,car,200.69514334996552,536.763417053223,115.67306518554688,447.8910217285156,286.3418884277344,536.4415283203125,1.7315076010568442,1.18432878766765,0.8451341654405711,0
35,2.917,17,truck,268.12981023844884,480.25415699975736,194.13900756835938,363.5199279785156,330.4926452636719,480.9992980957031,-1.2659585444885137,-1.6047640648115116,0.41233107855581674,0
35,2.917,49,person,45.89610932090066,447.3518662886186,37.03062438964844,391.8576354980469,55.31505584716797,447.70025634765625,-6.699405878240434,-3.1413141424008164,0.9090812051282431,0
35,2.917,91,person,727.2376403808594,434.8605651855469,719.0452880859375,386.9801330566406,735.4299926757812,434.8605651855469,0.0,0.0,0.0,0
35,2.917,12,person,801.8058166503906,446.68731689453125,791.2177124023438,391.64031982421875,812.3939208984375,446.68731689453125,0.0,0.0,0.0,0
35,2.917,94,person,26.253226280212402,438.1903076171875,16.504213333129883,387.2684326171875,36.00223922729492,438.1903076171875,0.0,0.0,0.0,0
35,2.917,11,person,137.42176055908203,460.5140075683594,127.37699890136719,397.1230163574219,147.46652221679688,460.5140075683594,0.0,0.0,0.0,0
35,2.917,28,car,561.3281767587978,482.8135398551772,514.5648803710938,396.9379577636719,603.816650390625,482.5382995605469,10.285378595286499,-1.4122523376424891,0.7515766640117133,5
36,3.0,2,car,675.5712554931641,493.1053550720215,622.4765014648438,412.9136657714844,729.9619140625,492.8765869140625,0.27196393694201965,-0.8063925606862637,0.908187278192777,3
36,3.0,3,car,353.28646507263187,540.0058914184572,259.9229431152344,484.1517028808594,446.8596496582031,540.0,-0.21965920584537493,0.02035348074804791,0.9752815427324502,0
36,3.0,4,car,778.4985427856446,539.2404581705731,697.2904663085938,466.5354919433594,860.0139770507812,539.18115234375,-0.7669267926896707,0.062381417410934246,0.984686305136067,0
36,3.0,5,car,422.2195365905763,499.77402114868175,381.38214111328125,426.2759704589844,463.3912048339844,500.3172912597656,-0.07626211983808259,-0.8789415631973605,0.9561380877968666,0
36,3.0,6,car,588.9215571085613,540.0000000000001,515.8646850585938,449.709716796875,661.9791259765625,540.0,3.5241969517300733,1.6301921467221155e-13,0.9153551848285514,0
36,3.0,8,person,69.63897565205893,447.81304626464856,59.876216888427734,393.4010009765625,79.6855239868164,447.98748779296875,-1.586576843261707,-2.9473545619417116,0.9636619124404578,0
36,3.0,9,car,200.9406417528789,536.7308802286785,116.685791015625,448.726806640625,285.058349609375,535.9324951171875,1.981262152535668,1.1456830705916832,0.8470689912415825,0
36,3.0,17,truck,264.6561189923967,480.2852975027902,194.22445678710938,363.67529296875,330.7533874511719,480.6661376953125,-8.250228781228655,-1.3534681383071916,0.6967414362239153,0
36,3.0,49,person,45.50560039129012,447.2193838266226,36.71101379394531,391.6241455078125,55.10258865356445,447.528564453125,-6.4368016969907895,-2.9389413686900783,0.9095357685736233,0
36,3.0,91,person,727.1575012207031,434.617431640625,718.9620361328125,386.7410888671875,735.3529663085938,434.617431640625,0.0,0.0,0.0,0
36,3.0,12,person,801.2611083984375,446.8143615722656,790.6040649414062,391.5752868652344,811.9181518554688,446.8143615722656,0.0,0.0,0.0,0
36,3.0,94,person,25.83250856399536,438.0621643066406,15.964444160461426,386.45733642578125,35.7005729675293,438.0621643066406,0.0,0.0,0.0,0
36,3.0,11,person,137.2757682800293,459.9034118652344,127.18253326416016,396.52008056640625,147.36900329589844,459.9034118652344,0.0,0.0,0.0,0
36,3.0,28,car,561.1385687950909,482.54735663460895,514.5750732421875,399.5235290527344,601.4105224609375,482.3207702636719,9.32724530754746,-1.6298846735594312,0.7198281533768922,3
37,3.083,2,car,675.6441345214847,492.8023104349774,622.2745971679688,412.245361328125,729.5411987304688,492.1844177246094,0.30016741071461156,-1.1384360177174726,0.9047538459378994,0
37,3.083,3,car,353.27137845357265,540.0081344604495,259.710693359375,484.0008239746094,446.77227783203125,540.0,-0.2028095790317064,0.024198695591481953,0.9754461572518929,0
37,3.083,4,car,778.5139264424647,539.2231343587241,697.3717651367188,466.4450988769531,860.1271362304688,539.163818359375,-0.6642190115787622,0.03077218191959951,0.9816571014422257,0
37,3.083,5,car,422.21096153259293,499.702774302165,381.3047180175781,426.3048400878906,463.0367736816406,499.9337463378906,-0.0683303833007153,-0.9486864362442003,0.9584971785042187,0
37,3.083,6,car,589.076311238607,540.0000000000002,514.7015380859375,449.5706787109375,661.0672607421875,540.0,3.5947213309155455,-1.3742682335510898e-13,0.9202398733875529,0
37,3.083,8,person,69.55195198059084,447.6535123189292,59.75244903564453,393.2480163574219,79.75874328613281,447.9845275878906,-1.5503540039062462,-2.8600747244696207,0.960725180064837,0
37,3.083,9,car,201.1218731880189,536.5584874471031,116.13163757324219,448.09033203125,285.5031433105469,535.8026123046875,2.115415682111576,0.7859436035158214,0.8457736360794377,0
37,3.083,17,truck,263.5247890472413,480.2180071512861,193.56753540039062,363.5094909667969,330.6967468261719,480.36077880859375,-8.80116642543234,-1.296987043107973,0.7012014060924692,0
37,3.083,49,person,45.193978110512525,447.0621807391825,36.53316879272461,391.2763366699219,55.0416145324707,447.2937316894531,-6.1131215776715955,-2.812640850360714,0.9082669672205353,0
37,3.083,91,person,727.2208862304688,434.4539489746094,719.0140380859375,386.5810546875,735.427734375,434.4539489746094,0.0,0.0,0.0,0
37,3.083,94,person,25.479175090789795,437.7945556640625,15.60395336151123,386.0161437988281,35.35439682006836,437.7945556640625,0.0,0.0,0.0,0
37,3.083,11,person,137.2631721496582,459.5235900878906,127.15227508544922,396.21807861328125,147.3740692138672,459.5235900878906,0.0,0.0,0.0,0
37,3.083,28,car,560.6925252398534,482.42759173184743,513.56494140625,399.7192687988281,601.0596313476562,482.6665344238281,7.998186766715277,-1.686953596880254,0.6806554751379601,0
37,3.083,103,truck,454.98370361328125,426.93658447265625,400.5474548339844,376.39093017578125,509.4199523925781,426.93658447265625,0.0,0.0,0.0,0
37,3.083,104,truck,200.83799743652344,537.2888793945312,114.71063232421875,448.2555236816406,286.9653625488281,537.2888793945312,0.0,0.0,0.0,0
38,3.167,2,car,675.5977442423505,492.419928232829,621.9215698242188,411.44677734375,729.2745361328125,491.6796875,0.13940865652906953,-1.5474046979628806,0.9020562007907748,0
38,3.167,3,car,353.29624188741064,540.0042414347333,259.6519775390625,483.801025390625,447.0028991699219,540.0,-0.11886749267552296,0.01226545061427094,0.9766364230415956,0
38,3.167,4,car,778.5226961771651,539.2353185017906,697.1567993164062,466.28533935546875,860.3320922851562,539.2991333007812,-0.5912227085651697,0.03190482003389105,0.9794790198365797,0
38,3.167,5,car,422.17284698486355,499.7563555399579,381.2728271484375,426.754638671875,462.796630859375,500.2084655761719,-0.0968811035153142,-0.7955710274830389,0.9541706959055147,0
38,3.167,6,car,589.151641082764,540.0000000000002,514.5770263671875,449.3884582519531,661.2232055664062,540.0,3.492479160854302,2.665036807339752e-13,0.9140834832955765,0
38,3.167,8,person,69.4683968385061,447.5569254557293,59.679649353027344,392.9930114746094,79.87632751464844,447.97052001953125,-1.5471732820783108,-2.6740722656248046,0.9570315434192037,0
38,3.167,9,car,201.20751387278253,536.4469579060874,115.07276916503906,447.79376220703125,286.51373291015625,536.6923217773438,2.0446226937431007,0.30877075195333525,0.8572015808794216,0
38,3.167,17,truck,262.732795461019,480.00520858764673,196.86317443847656,363.4393615722656,333.1698913574219,479.7460632324219,-9.666991751534512,-1.449302019391391,0.7482607924806043,0
38,3.167,49,person,44.968318339756564,446.89936872209836,36.5045166015625,391.09112548828125,55.07166290283203,447.10614013671875,-5.73476554116052,-2.717207889766544,0.9041435572141053,0
38,3.167,91,person,727.108593168713,434.24233282180074,719.1286010742188,387.17388916015625,735.2753295898438,434.2688903808594,-0.9610525948644579,-2.552061244418748,0.9855797396044481,0
38,3.167,94,person,25.33664035797119,437.46685791015625,15.562326431274414,386.04949951171875,35.11095428466797,437.46685791015625,0.0,0.0,0.0,0
38,3.167,11,person,137.20550918579102,459.2814025878906,127.20392608642578,396.36627197265625,147.20709228515625,459.2814025878906,0.0,0.0,0.0,0
38,3.167,28,car,560.0703722932626,482.2628770805449,512.7555541992188,399.6054382324219,600.3826293945312,482.3003845214844,6.4771532591729875,-1.7557771842320111,0.6425989337846606,0
38,3.167,103,truck,435.44639587402344,425.65155029296875,382.3051452636719,376.4175720214844,488.587646484375,425.65155029296875,0.0,0.0,0.0,0
38,3.167,104,truck,201.3115463256836,537.4932861328125,114.85902404785156,448.09307861328125,287.7640686035156,537.4932861328125,0.0,0.0,0.0,0
38,3.167,106,person,113.03242874145508,439.0179138183594,104.71623992919922,387.754638671875,121.34861755371094,439.0179138183594,0.0,0.0,0.0,0
39,3.25,2,car,675.4194529215495,492.1942660013836,623.1831665039062,414.6656799316406,727.3267211914062,492.3357238769531,-0.23500802176350197,-1.8104749407085177,0.9136445479050969,0
39,3.25,3,car,353.36469612121584,540.0014684041341,259.7449645996094,483.65875244140625,447.22613525390625,540.0,0.018596322195928248,0.004198346819354378,0.978077170261833,0
39,3.25,4,car,778.5429341634117,539.2424880981447,697.0467529296875,466.0864562988281,860.3785400390625,539.2835693359375,-0.4893833705352048,0.028849574498167534,0.9786223551320432,0
39,3.25,5,car,422.2325304667156,499.9008326212566,381.6484680175781,426.80364990234375,463.23883056640625,500.4123840332031,-0.012287684849299879,-0.48575526646206163,0.9499091769398235,0
39,3.25,6,car,589.340251413981,540.0000000000001,515.5292358398438,449.11053466796875,662.406494140625,540.0,3.381708199637244,1.6301921467221155e-13,0.9127620466101518,0
39,3.25,8,person,69.4380078315735,447.49978535970064,59.563392639160156,392.43756103515625,80.03169250488281,447.96490478515625,-1.4410182952880648,-2.4507516043523943,0.9507867060972035,0
39,3.25,17,truck,262.78139572143556,479.608696492513,199.8687744140625,363.73486328125,334.2389221191406,478.6847839355469,-9.1183685302734,-1.7727382114953882,0.7131073319982603,0
39,3.25,49,person,44.86096007029216,446.7137578328452,36.72267532348633,390.82098388671875,55.3246955871582,446.84185791015625,-5.274786267961768,-2.6665309361047194,0.8952060773567356,0
39,3.25,91,person,726.5276489257816,434.07987649100187,717.92626953125,387.2210693359375,733.9732055664062,434.1378173828125,-2.348039899553418,-2.413003104073775,0.9555322880582644,0
39,3.25,94,person,25.107792763482962,437.2783304850262,15.510651588439941,385.8010559082031,34.98820877075195,437.2195739746094,-3.19955373491559,-2.6931884765626317,0.982325096969818,0
39,3.25,11,person,137.1276216052828,459.0089503696989,127.12970733642578,395.7335510253906,147.352294921875,459.2313537597656,-1.1253191266741862,-4.223835100446166,0.9736695615426104,0
39,3.25,28,car,559.1832710611933,482.1231486571855,511.91876220703125,399.89837646484375,599.3872680664062,482.162109375,4.55794109735131,-1.7559043914165524,0.6113560938934856,0
39,3.25,103,truck,411.96551513671875,424.2092590332031,360.5685729980469,376.799072265625,463.3624572753906,424.2092590332031,0.0,0.0,0.0,0
39,3.25,106,person,113.3767318725586,438.63531494140625,105.09941864013672,387.6708679199219,121.65404510498047,438.63531494140625,0.0,0.0,0.0,0
40,3.333,2,car,675.2686848958335,492.10302937825554,624.0631713867188,417.082763671875,725.8297119140625,492.68792724609375,-0.4265938895086379,-1.864296177455088,0.91466941809711,0
40,3.333,3,car,353.5082716623944,540.0004364013674,259.7491455078125,483.3484802246094,447.8879699707031,540.0,0.238419669015324,0.0012294224331902358,0.9766775390532392,0
40,3.333,4,car,778.5829757690434,539.2151311238608,697.1900634765625,466.01641845703125,860.1863403320312,539.149169921875,-0.3413530622204911,-0.01691109793524768,0.9812227542905624,0
40,3.333,5,car,422.34270375569685,500.03238754272485,381.67962646484375,426.3848571777344,463.6850280761719,500.42449951171875,0.12874145507820856,-0.22471357073079426,0.9465614018039069,0
40,3.333,6,car,589.4335027058921,540.0000000000002,515.2538452148438,448.708740234375,662.6171264648438,540.0,3.117530168806169,-1.3742682335510898e-13,0.9105803861144581,0
40,3.333,8,person,69.4643568992615,447.5287483215334,59.559478759765625,392.36456298828125,80.16069793701172,448.1239318847656,-1.2387413569858998,-2.117378016880411,0.9435292985777052,0
40,3.333,17,truck,263.2234922409059,479.50843149820975,200.51358032226562,364.04339599609375,334.9186096191406,479.4266357421875,-7.858008139473883,-1.639654541015421,0.6616259452129385,0
40,3.333,49,person,44.82253626187644,446.60370992024764,36.80207061767578,390.5677490234375,55.48622131347656,446.8062744140625,-4.797020530700669,-2.4792742047989336,0.8817916593872112,0
40,3.333,91,person,726.3399353027346,433.97685241699236,718.2941284179688,386.9389953613281,734.4080200195312,434.1141357421875,-2.32894461495481,-2.177660260881218,0.9574381790593839,0
40,3.333,94,person,25.012127757072438,437.0886808122906,15.468826293945312,385.4990234375,34.9499626159668,437.1288146972656,-2.726113659994963,-2.596867152623038,0.9780021364935816,0
40,3.333,11,person,137.1001601900373,458.9705723353793,127.04290008544922,395.7815856933594,147.31045532226562,459.3324279785156,-0.9416770935057728,-3.355381556919979,0.9636156544100354,0
40,3.333,28,car,558.2395197223136,481.9637807067972,511.97149658203125,400.3425598144531,599.0267333984375,481.8546142578125,2.4867169978436636,-1.7435947241035277,0.6066727556957561,0
40,3.333,103,truck,391.0180358886719,424.74481201171875,339.43878173828125,377.32513427734375,442.5972900390625,424.74481201171875,0.0,0.0,0.0,0
40,3.333,106,person,113.57503128051758,438.597900390625,105.35298156738281,388.1181640625,121.79708099365234,438.597900390625,0.0,0.0,0.0,0
40,3.333,9,car,201.56045482342066,536.2927682729869,115.145751953125,447.9868469238281,288.1693420410156,537.8760986328125,2.0361984704373626,-0.5798315285223646,0.8926968345017833,0
41,3.417,2,car,675.2611668904624,491.8926244099937,625.1797485351562,417.7341003417969,725.427978515625,491.88336181640625,-0.3772469656808782,-1.98517456054653,0.9156289343661438,0
41,3.417,3,car,353.6305870056154,540.0000859578453,260.217529296875,483.56988525390625,447.3893737792969,540.0,0.4133619035994367,0.00023803710955654336,0.9783457398383311,0
41,3.417,4,car,778.651270802816,539.2204076131187,697.3380126953125,466.0831298828125,860.274169921875,539.2499389648438,-0.17344927106558025,-0.011360386439409535,0.9836280506687707,0
41,3.417,5,car,422.4128732045493,500.17395070393894,381.6097412109375,426.4815979003906,463.5014953613281,500.51025390625,0.21660134451743362,0.027839878627393417,0.9459737366038831,0
41,3.417,6,car,589.6390393575034,540.0000000000002,516.3167114257812,448.8785705566406,663.3164672851562,540.0,2.9383810860771273,2.665036807339752e-13,0.9142529088519497,0
41,3.417,8,person,69.59408516883853,447.6239547729494,59.61188888549805,392.412841796875,80.28092956542969,448.21490478515625,-0.8278357642037056,-1.6961033412384852,0.9471038481368266,0
41,3.417,17,truck,264.2063213984173,479.36350428263364,201.78436279296875,363.94012451171875,335.7842712402344,479.1551818847656,-5.644764600481246,-1.5913447788781652,0.6134594983963129,0
41,3.417,49,person,45.08245952924096,446.5667310078941,36.8574333190918,390.52972412109375,55.61446762084961,446.9935302734375,-3.6835167748587128,-2.234798322404962,0.891756640904302,0
41,3.417,94,person,24.958472887674986,436.9778823852542,15.47515869140625,385.3651123046875,34.92764663696289,437.125732421875,-2.3096626145498638,-2.3434099469861014,0.9722507154989182,0
41,3.417,11,person,137.1740633646648,459.1178309122724,127.13258361816406,395.8372497558594,147.64219665527344,459.7154541015625,-0.5759740556988111,-2.3308846609926763,0.9462967747162517,0
41,3.417,28,car,557.2514556815287,481.87057545487687,511.8348083496094,400.69146728515625,598.977783203125,481.9906311035156,0.3116687998283484,-1.6645152092524473,0.6299582893460549,0
41,3.417,103,truck,377.2517395019531,425.3910217285156,323.97821044921875,376.01068115234375,430.5252685546875,425.3910217285156,0.0,0.0,0.0,0
41,3.417,106,person,113.76251983642578,438.5505676269531,105.60848236083984,388.8034973144531,121.91655731201172,438.5505676269531,0.0,0.0,0.0,0
41,3.417,9,car,201.7939666210007,536.7227629797413,115.757568359375,447.8597106933594,287.86181640625,537.4185791015625,2.162857886396398,0.17449760060382405,0.8969876680636911,0
42,3.5,2,car,675.3729871114095,491.572056833903,625.8488159179688,417.9640197753906,725.3995971679688,491.1752014160156,-0.1356667654852477,-2.206670706612749,0.9149561508573704,0
42,3.5,3,car,353.70649312337247,540.0000000000001,260.52783203125,483.7709655761719,446.828857421875,540.0,0.5156930106027643,1.6301921467221155e-13,0.9819540097652982,0
42,3.5,4,car,778.693403116862,539.2473668416343,697.2999877929688,466.06207275390625,860.282958984375,539.32470703125,-0.07765241350433347,0.026568603515737678,0.9839263242373555,0
42,3.5,5,car,422.459004465739,500.16158701578775,381.86669921875,426.4483642578125,463.1036376953125,499.90509033203125,0.27137407575352973,0.07724696568082726,0.9474852371474778,0
42,3.5,6,car,589.8468821207683,540.0000000000001,516.7508544921875,448.94464111328125,663.5320434570312,540.0,2.7603986467634445,1.6301921467221155e-13,0.9191875406888785,0
42,3.5,8,person,69.6658685366313,447.7413632710775,59.53862762451172,392.5350036621094,80.23039245605469,448.282470703125,-0.5813816070556355,-1.287842232840535,0.9481760239972404,51
42,3.5,17,truck,265.2485998153687,479.07539520263686,202.60421752929688,364.4806213378906,334.6820068359375,478.3202209472656,-3.3323380606515367,-1.698478480747576,0.6003716151769494,45
42,3.5,49,person,45.21337132453918,446.5862614949545,37.015804290771484,390.69775390625,55.71492004394531,447.047119140625,-3.068588611057834,-1.9199628557478192,0.8819263834679292,49
42,3.5,94,person,24.955751938290067,436.8551588270401,15.661375045776367,385.66448974609375,34.87519073486328,436.97467041015625,-1.9078371047973675,-2.1897521972654297,0.9670710325539329,53
42,3.5,11,person,137.2420857747396,459.26948852539084,127.15287017822266,396.2713623046875,147.71348571777344,459.8392028808594,-0.3302841186523295,-1.5983947753900791,0.9379258714438481,45
42,3.5,28,car,556.3131424246918,481.77127303582597,512.0006713867188,400.76617431640625,599.4281616210938,481.98199462890625,-1.818643276594627,-1.650338221804778,0.6856592201389456,0
42,3.5,103,truck,359.2722138904391,424.38684808640267,312.4361572265625,376.09912109375,415.3934020996094,424.5682678222656,-223.1575090680802,-4.144325474330642,0.9553223226292659,53
42,3.5,106,person,113.99832534790039,438.4369201660156,105.88093566894531,389.2818603515625,122.11571502685547,438.4369201660156,0.0,0.0,0.0,0
42,3.5,9,car,202.04008282993152,537.1835829029912,116.38831329345703,448.01239013671875,288.24859619140625,537.5897827148438,2.2075391105983155,0.9854342253310309,0.9177410912748405,0
43,3.583,2,car,675.6926928202313,491.5419530232749,625.7593383789062,418.12213134765625,726.81689453125,492.0284729003906,0.41772242954815836,-2.0170349121092297,0.9155193931739096,0
43,3.583,3,car,353.70273526509624,540.0000000000002,260.1466369628906,483.5045471191406,446.94232177734375,540.0,0.4614133562362961,-1.3742682335510898e-13,0.9807928712273667,0
43,3.583,4,car,778.7730743408207,539.2981602986654,697.4506225585938,466.15203857421875,860.4284057617188,539.4599609375,0.06266915457619426,0.08386492047997134,0.982962475938878,0
43,3.583,5,car,422.47681096394876,500.17589874267594,381.6270751953125,426.1598815917969,463.1258850097656,499.8948059082031,0.2928052629746936,0.18531581333719474,0.9517061174988125,0
43,3.583,6,car,589.9136805216474,540.0000000000002,516.2174072265625,448.59234619140625,663.5423583984375,540.0,2.4039838518417005,-1.3742682335510898e-13,0.927815617429758,0
43,3.583,8,person,69.7366590023041,447.84258575439475,59.5250244140625,392.5569152832031,80.20994567871094,448.21063232421875,-0.35514523642403134,-0.9369219098772752,0.9537575997198804,0
43,3.583,17,truck,266.3974127451579,479.01582438151064,202.60000610351562,364.0766906738281,335.48065185546875,479.087646484375,-0.9722043718610928,-1.5371337890623777,0.6096413144995876,0
43,3.583,49,person,45.41669351259869,446.6402620951336,37.125389099121094,390.7040710449219,55.801422119140625,447.0626220703125,-2.3721964972359424,-1.57422703334241,0.8778220845403809,0
43,3.583,94,person,24.97269300981001,436.70655905983676,15.821001052856445,385.9578552246094,34.79105758666992,436.770751953125,-1.5745007948441876,-2.1255593039769,0.9635584227061509,0
43,3.583,11,person,137.28648369529031,459.25231989080254,127.1486587524414,396.3416442871094,147.6968536376953,459.47216796875,-0.19401161887419474,-1.3785466974431753,0.9394004565933016,0
43,3.583,28,car,555.7840062101654,481.75678846149157,512.739501953125,401.0747375488281,600.6741943359375,482.23101806640625,-3.0975511760984884,-1.5303703265375073,0.7268997314431744,0
43,3.583,106,person,114.12640144711452,438.22180321103065,105.89773559570312,389.3277587890625,122.14073944091797,438.17462158203125,2.395307268415075,-1.6659354073659831,0.9842438624261381,0
43,3.583,9,car,202.28409069066328,537.5837343969309,116.30366516113281,448.0904541015625,288.5920104980469,538.0573120117188,2.281681950719105,1.5154654216892258,0.9222484654075024,0
44,3.667,2,car,675.9990653991703,491.6470827738445,625.2483520507812,417.6963195800781,727.7864990234375,492.45867919921875,0.8621220179968672,-1.6631692068917256,0.9099337230016321,0
44,3.667,3,car,353.68788503011086,540.0000000000002,260.1463928222656,483.3770751953125,447.0025634765625,540.0,0.3779375348773475,2.665036807339752e-13,0.9806408246601768,0
44,3.667,4,car,778.8738784790041,539.3375503540041,697.4908447265625,466.01226806640625,860.5778198242188,539.4335327148438,0.22615356445330848,0.12591639927467738,0.9845342060891181,0
44,3.667,5,car,422.4842269897462,500.24149983723976,381.572265625,426.1997985839844,463.163818359375,500.09368896484375,0.2919355119978562,0.3456821986608546,0.9571798655694772,0
44,3.667,6,car,589.9531501770022,540.0000000000002,516.0451049804688,448.5140075683594,663.473876953125,540.0,2.1042912074500877,2.665036807339752e-13,0.9313163760927298,0
44,3.667,8,person,69.79708364804591,447.85803197224953,59.642486572265625,392.54541015625,80.22940063476562,447.8800964355469,-0.19723360879077328,-0.7335872105188574,0.9596451734910283,0
44,3.667,17,truck,267.6655635197959,479.02675959269214,203.74154663085938,363.27874755859375,337.3788146972656,479.70489501953125,1.1330105372838788,-1.4422890799385457,0.6034816897276716,0
44,3.667,49,person,45.67108182907106,446.7097791035971,37.223419189453125,390.48260498046875,55.941036224365234,447.057373046875,-1.6479042598179194,-1.2343728201730149,0.8789531202235641,0
44,3.667,94,person,25.00397435101596,436.5804332386364,15.860381126403809,385.6681213378906,34.84395217895508,436.6897277832031,-1.2959469535134105,-2.038123668323962,0.9604725733139222,0
44,3.667,11,person,137.2766255465421,459.18941289728343,127.02268981933594,396.5065002441406,147.55760192871094,459.30078125,-0.18319535688921984,-1.2894520152699736,0.9419308974227203,0
44,3.667,28,car,555.3682771745591,481.862178512604,511.98828125,401.1046142578125,600.2130126953125,482.3982238769531,-3.752848478315975,-1.1637859742116625,0.7382556308289825,0
44,3.667,106,person,114.10092599051339,438.07882472447,105.73990631103516,389.6935729980469,121.94252014160156,438.07403564453125,1.7719966343470945,-1.6774291992178778,0.9760698884031855,0
44,3.667,9,car,202.39950326316716,538.0234966376903,115.78619384765625,448.1466979980469,288.601318359375,538.57080078125,2.1872604528239363,2.0230046247571503,0.9240143981398311,0
45,3.75,2,car,676.2169626871746,491.6195355733237,625.3163452148438,417.84564208984375,727.4435424804688,492.01251220703125,1.1383562360493982,-1.5396200997486795,0.9110340124455307,0
45,3.75,3,car,353.65275472005214,540.0000000000001,260.0626525878906,483.2316589355469,446.9873352050781,540.0,0.26909702845990974,1.6301921467221155e-13,0.9808873074246165,0
45,3.75,4,car,778.9528656005859,539.3916849772137,697.4628295898438,465.94171142578125,860.6900024414062,539.515380859375,0.32175816127255463,0.1843505859376218,0.9836479956312429,0
45,3.75,5,car,422.4800994873047,500.22120107014985,381.7114562988281,426.2511901855469,462.9859619140625,499.90802001953125,0.2701433454240016,0.33585989815863043,0.9566417278212922,0
45,3.75,6,car,589.5763521830241,537.3890884399415,522.9585571289062,448.6219787597656,653.0822143554688,529.1962280273438,1.3620731898719811,-3.241131591796794,0.6438928125710269,0
45,3.75,8,person,69.88671870231627,447.79050623575847,59.71478271484375,392.3946533203125,80.24844360351562,447.5203857421875,0.010924775259818342,-0.6611480712890724,0.9670694979878629,0
45,3.75,17,truck,269.22010593414313,479.61075871785494,204.2569580078125,362.2400817871094,340.7666320800781,482.4068603515625,3.360248565673975,-0.7566087995254688,0.5775967361939863,0
45,3.75,49,person,46.09752531051636,446.81341985066734,37.22014617919922,390.44390869140625,55.96569061279297,447.16571044921875,-0.5386578696114538,-0.8829724993024674,0.926333749999923,0
45,3.75,94,person,25.037812838187584,436.36674577761914,15.960593223571777,385.4958190917969,34.79336929321289,436.26190185546875,-1.0739458057430329,-2.1067487810042898,0.9584055399706715,0
45,3.75,11,person,137.25703787192322,458.9319704495943,126.97967529296875,395.8826904296875,147.51373291015625,458.57330322265625,-0.18995927930715456,-1.5242160183567415,0.9417304994850573,0
45,3.75,28,car,553.4579748868408,482.0236043765997,508.0831604003906,400.604736328125,595.884033203125,482.47369384765625,-7.043067287311024,-0.7074642024471149,0.822495812482027,0
45,3.75,106,person,114.18554973602298,437.9559071858725,105.91313934326172,389.57232666015625,122.28144073486328,437.9795227050781,1.620694296700626,-1.6369454520089437,0.9768301096494596,0
45,3.75,9,car,202.42588075449768,538.3793156153719,115.24031829833984,447.61248779296875,288.9854431152344,538.7570190429688,1.9436831309456841,2.314918461407457,0.9236182708693988,0
45,3.75,12,person,801.4871520996094,445.1096496582031,791.3330078125,392.0093994140625,811.6412963867188,445.1096496582031,0.0,0.0,0.0,0
46,3.833,2,car,676.2766832987471,491.5562939961753,624.9483642578125,417.25018310546875,727.4783325195312,491.53741455078125,1.0796434674947128,-1.3871664864674513,0.9126926472333854,0
46,3.833,3,car,353.6303637186687,540.0000000000002,260.2532653808594,483.22503662109375,446.82293701171875,540.0,0.19791739327572797,-1.3742682335510898e-13,0.9808492859542434,0
46,3.833,4,car,779.062391662598,539.4368927001955,697.6343383789062,465.8185119628906,860.9022827148438,539.4776611328125,0.44167393275667277,0.23839808872795165,0.9823336949754111,0
46,3.833,5,car,422.47214749654154,500.1017382303876,381.95770263671875,426.3891906738281,462.7712097167969,499.61395263671875,0.23621455601304525,0.16088300432508867,0.9518939182019259,0
46,3.833,6,car,589.3082895914716,536.7761789957683,517.3265380859375,448.1583251953125,659.5626220703125,536.34619140625,0.7811645507813818,-3.87425537109385,0.645884779477486,0
46,3.833,8,person,69.94260721206668,447.67764205932633,59.804134368896484,392.33807373046875,80.31831359863281,447.31121826171875,0.09649870736258123,-0.6733481270926673,0.9663779877685047,0
46,3.833,17,truck,270.67785847981787,480.35166575113954,203.5100555419922,361.4142150878906,340.4353332519531,482.92999267578125,5.593947928292517,0.22354823521196232,0.6003122747230965,0
46,3.833,49,person,46.32790937423708,446.8676122029625,37.18668746948242,390.2008056640625,56.00480270385742,447.1808776855469,-0.005385426112545866,-0.696174839564466,0.939754072046995,0
46,3.833,94,person,25.05873284497103,436.161892398373,15.967663764953613,385.33367919921875,34.73279571533203,436.0845642089844,-0.9149474992856967,-2.1489277933980238,0.9576923294271024,0
46,3.833,11,person,137.2448830237755,458.6567520309279,127.06309509277344,396.0133972167969,147.44607543945312,458.2655029296875,-0.184667147122912,-1.7376246190335867,0.9411862163784452,0
46,3.833,28,car,552.2700402263861,482.1482731699438,506.6327819824219,400.0708923339844,594.217041015625,482.7120056152344,-7.813135970832667,-0.47218918040369784,0.809456479740965,0
46,3.833,106,person,114.32417670355908,437.923125542535,106.04945373535156,389.6236572265625,122.61065673828125,438.09381103515625,1.6282524108887255,-1.4174926757808695,0.9758884618516165,0
46,3.833,9,car,202.44732367651798,538.6712812151227,115.18260192871094,447.30877685546875,289.0098571777344,538.71923828125,1.7445149557932047,2.5265625000002787,0.9253116069598153,0
46,3.833,12,person,801.5950317382812,445.91162109375,791.6404418945312,393.26611328125,811.5496215820312,445.91162109375,0.0,0.0,0.0,0
47,3.917,2,car,676.0927078247074,491.53724950154646,624.3043823242188,417.660888671875,726.385498046875,491.5980224609375,0.7036193847659996,-1.1894570486883647,0.9094401138524053,0
47,3.917,3,car,353.6297611236573,540.0000000000002,260.4427490234375,483.2250671386719,446.67047119140625,540.0,0.1829648699078603,2.665036807339752e-13,0.9806619379257862,0
47,3.917,4,car,779.1095158894861,539.5009058634441,697.6262817382812,465.9918212890625,860.5381469726562,539.5654907226562,0.47366507394005314,0.3169686453683555,0.983611328664898,0
47,3.917,5,car,422.46538352966326,499.92704493204775,382.10205078125,426.4651794433594,462.7031555175781,499.467041015625,0.19688480922175502,-0.11448407854330742,0.9490801011277679,0
47,3.917,6,car,589.1870211283368,536.814870198568,515.7027587890625,447.7827453613281,662.05615234375,538.6644897460938,0.4607025146484468,-3.6552978515622723,0.6419759174600919,0
47,3.917,8,person,70.04455204010013,447.5329421997072,60.0181999206543,392.0198669433594,80.60379028320312,447.1334228515625,0.22213865007677774,-0.7442531040736203,0.961973919911744,0
47,3.917,17,truck,269.8692568461101,480.9770067850751,193.7557830810547,362.06060791015625,331.4527587890625,482.54534912109375,5.060903058733306,1.0845402308873417,0.5588021097051532,0
47,3.917,49,person,46.497788921992,446.92034962972025,37.13861846923828,389.9500427246094,56.02084732055664,447.2130126953125,0.3515141895839228,-0.5410531180244403,0.9490911435159273,0
47,3.917,94,person,25.07045692716326,435.97898646763383,16.01958656311035,385.47869873046875,34.62959671020508,435.9679260253906,-0.7976545564421016,-2.154032612895094,0.9577327274674607,0
47,3.917,11,person,137.25703887939457,458.36050676618305,127.30652618408203,396.38226318359375,147.36669921875,457.9230041503906,-0.14794076772838138,-1.9395489032453486,0.9400645713981125,0
47,3.917,28,car,551.7366092298157,482.24145950227097,507.6128845214844,399.7010803222656,594.5955810546875,482.410888671875,-7.327630254080061,-0.22253273506845098,0.8211176465764887,0
47,3.917,106,person,114.51357192993162,437.9573469682171,106.15830993652344,389.26629638671875,123.07235717773438,438.2460021972656,1.7300140380858882,-1.1288374467332432,0.9715488884654327,0
47,3.917,9,car,202.3862648557304,538.8812740076826,115.2121353149414,447.312255859375,288.66790771484375,538.6917114257812,1.4222057542788358,2.5929705630802666,0.9256528170539288,0
47,3.917,12,person,801.9839172363281,446.74609375,791.9622802734375,393.40045166015625,812.0055541992188,446.74609375,0.0,0.0,0.0,0
48,4.0,2,car,675.7625269571943,491.53642679850265,623.8836059570312,417.660888671875,725.9539184570312,491.5535583496094,0.09999389648456018,-0.973791503906153,0.9097492502493392,0
48,4.0,3,car,353.59891370137547,540.0000000000001,260.5834655761719,483.2967529296875,446.29608154296875,540.0,0.1304044451034494,1.6301921467221155e-13,0.9795726917517167,0
48,4.0,4,car,779.1494682312012,539.5775787353515,697.6680297851562,466.0521545410156,860.5186767578125,539.6561889648438,0.49278259277353337,0.40478341238829274,0.9848450223894591,0
48,4.0,5,car,422.4478257497153,499.71123530069985,382.1911926269531,426.6462097167969,462.61749267578125,499.4417724609375,0.13444061279300737,-0.4919769287108608,0.9566824514098948,0
48,4.0,6,car,589.2071472167971,537.1088506062827,515.2644653320312,447.4530334472656,663.2515869140625,539.5827026367188,0.40325055803607246,-3.1036403111045914,0.6300945479108604,0
48,4.0,8,person,70.1897523880005,447.39546915690113,60.16294860839844,391.7080993652344,80.87369537353516,447.11480712890625,0.40157677786692736,-0.8238071986606166,0.9583383924308942,0
48,4.0,17,truck,267.93508052825933,481.6194536844889,189.0185089111328,362.752197265625,328.2138671875,483.0303039550781,2.755445316859756,1.8732068743024717,0.42657456018430195,0
48,4.0,49,person,46.597683684031175,446.9852704366049,37.014217376708984,389.79718017578125,55.936641693115234,447.23236083984375,0.5496644701276537,-0.3729557582307776,0.9554239713865211,0
48,4.0,94,person,25.079411518573767,435.8491144816081,16.043119430541992,385.5059814453125,34.58906555175781,436.0048522949219,-0.7040225233350439,-2.092422049386093,0.9574728476884428,0
48,4.0,11,person,137.18292446136473,457.93342030843104,127.07804870605469,396.2119140625,146.90003967285156,457.1004333496094,-0.22464065551755266,-2.269082205636094,0.9318908974970771,0
48,4.0,28,car,551.0618159702844,482.49996861049107,506.9857177734375,399.3952331542969,594.0372314453125,482.9375,-7.292844533396442,0.2664912967889766,0.8218618376342147,0
48,4.0,106,person,114.72821409052064,437.9800040505149,106.26542663574219,388.88043212890625,123.49303436279297,438.2301330566406,1.8508271650834627,-0.928734241832208,0.9689591792403878,0
48,4.0,9,car,202.38547908802724,539.0974851301914,114.94165802001953,446.907958984375,288.7533264160156,538.6735229492188,1.333481989252842,2.7440929353549697,0.9288197869992757,0
48,4.0,12,person,802.3418884277344,446.6130676269531,792.3362426757812,393.36773681640625,812.3475341796875,446.6130676269531,0.0,0.0,0.0,0
49,4.083,2,car,675.4969566345217,491.666524251302,623.4692993164062,417.99078369140625,726.2379760742188,492.32635498046875,-0.30950709751647165,-0.7105747767856648,0.9032095485881866,0
49,4.083,3,car,353.56370213826494,540.0,260.7077941894531,483.3180847167969,446.1230163574219,540.0,0.07439444405698878,3.4139485529203205e-13,0.978649056242784,0
49,4.083,4,car,779.1665621439616,539.636264038086,697.7590942382812,466.1868896484375,860.2692260742188,539.66845703125,0.487833513532534,0.4505807059153383,0.9849785263462629,0
49,4.083,5,car,422.4381468454998,499.5594403584798,382.15374755859375,426.6877136230469,462.6109313964844,499.478515625,0.1053935459683757,-0.7152583530971115,0.9615050819796938,0
49,4.083,6,car,589.237722269694,537.4977376302083,515.5001831054688,448.08660888671875,662.8594970703125,539.9322509765625,0.4150399344308579,-2.4292340959818968,0.6174991522273231,0
49,4.083,8,person,70.36065607070923,447.2783510843912,60.25648498535156,391.4940490722656,81.08080291748047,447.14593505859375,0.611818313598618,-0.8902967180524587,0.9570666732078158,0
49,4.083,17,truck,265.8010361989339,481.9005343119303,188.6417694091797,363.11920166015625,327.31036376953125,481.51861572265625,-0.04763161795476939,2.2771715436665216,0.3424985787828273,0
49,4.083,49,person,46.65691661834717,447.0769482930501,36.96178436279297,389.7193603515625,55.90053176879883,447.24554443359375,0.6524417332240817,-0.15094299316390697,0.9620385775307531,0
49,4.083,94,person,25.188522104422248,435.7539039611817,16.15801429748535,385.5901184082031,34.61604690551758,435.9952697753906,-0.39032578468321427,-1.991898454938463,0.9631396761347292,0
49,4.083,11,person,137.0336011250814,457.57467549641933,126.23214721679688,394.20819091796875,146.66212463378906,456.8773193359375,-0.3299913678850304,-2.4266549246650397,0.9240976930067654,0
49,4.083,28,car,550.4328294118246,482.5256818135579,507.23663330078125,398.7704772949219,593.4956665039062,482.53668212890625,-7.319223240443462,0.2708430698941612,0.8278788563928118,0
49,4.083,106,person,115.03488002679286,438.0458636161609,106.54133605957031,388.3330993652344,124.25743865966797,438.388427734375,2.089413782933329,-0.7045104553648041,0.9615987335035717,0
49,4.083,9,car,202.37624253307027,539.127835514366,115.6898193359375,447.03167724609375,288.3243408203125,538.3424682617188,1.1805744932066018,2.5546366078062346,0.9205010187381326,0
49,4.083,12,person,802.2313537597656,446.09136962890625,792.2092895507812,392.2824401855469,812.25341796875,446.09136962890625,0.0,0.0,0.0,0
50,4.167,2,car,675.397341664632,491.7821787516277,623.9586181640625,418.0884094238281,726.4459228515625,492.12017822265625,-0.4129067557204753,-0.42576206752243,0.9031912064829216,0
50,4.167,3,car,353.5099695841472,540.0,261.0159606933594,483.5227966308594,445.64141845703125,540.0,-0.002184186662968359,-2.296556775582213e-13,0.9773421717218909,0
50,4.167,4,car,779.1798001607261,539.6781845092775,697.984375,466.2867126464844,860.2256469726562,539.6573486328125,0.4501896449495723,0.4671151297430188,0.9848799377908,0
50,4.167,5,car,422.42560666402187,499.3178535461426,382.39544677734375,426.70684814453125,462.4003601074219,498.9417419433594,0.06632145472912539,-1.0038247244701048,0.961224237105267,0
50,4.167,6,car,589.3611170450846,537.904691060384,516.1978759765625,448.4576721191406,662.8706665039062,540.0,0.5592014857695157,-1.7315996442527124,0.6077998899912156,0
50,4.167,8,person,70.54843301773072,447.2466262817384,60.3463134765625,391.53839111328125,81.31957244873047,447.488525390625,0.8281508854456854,-0.8725001743863697,0.956418999665574,0
50,4.167,17,truck,263.01718533833827,481.9514770507813,186.72581481933594,363.5315246582031,325.76947021484375,480.5473327636719,-4.126440647670332,2.4161551339282794,0.3007950546982021,0
50,4.167,49,person,46.66754703521729,447.2385231018067,36.903968811035156,389.8902282714844,55.85084915161133,447.53826904296875,0.6472860063825248,0.14455522809685017,0.9644978581758749,0
50,4.167,94,person,25.30837738116583,435.73267466227213,16.244123458862305,385.6937561035156,34.6566047668457,436.1248474121094,-0.09310391971043515,-1.7922389439177502,0.9685438007068569,0
50,4.167,11,person,136.60687932968145,455.769894663493,126.05582427978516,393.58270263671875,144.6489715576172,450.68145751953125,-0.8250158582415306,-4.396844918387241,0.7675515843253536,18
50,4.167,28,car,551.038741429647,482.53731206258146,511.69049072265625,399.1982116699219,597.7760009765625,482.3216857910156,-5.771086120605557,0.3155364990231749,0.7688458125349593,0
50,4.167,106,person,115.12861197335378,438.1656145368304,106.0926742553711,388.8759765625,123.7401123046875,438.6367492675781,1.9736581320290711,-0.44752787495706964,0.9560956070794517,18
50,4.167,9,car,202.419749798982,538.9891426086424,116.54447937011719,446.9576416015625,287.943115234375,537.7237548828125,1.113063314686586,2.170248413085876,0.9039169907961921,0
50,4.167,12,person,802.3382699148995,446.3292875744047,792.2042236328125,392.3606872558594,811.999267578125,445.8160705566406,1.8308244977680703,1.3502825055801861,0.9240758350899628,0
51,4.25,2,car,675.4896794637044,491.88631388346363,624.2841796875,417.9390563964844,727.1152954101562,491.9946594238281,-0.19524536132812476,-0.14645298549097255,0.9070556737813812,0
51,4.25,3,car,353.3825285593669,540.0000000000001,261.08331298828125,483.7004089355469,445.016845703125,540.0,-0.1816582815986735,1.6301921467221155e-13,0.9738874415937209,0
51,4.25,4,car,779.1160736083987,539.701035563151,697.8901977539062,466.41552734375,859.7091674804688,539.6241455078125,0.32409144810283025,0.4556605747769604,0.97972767891274,0
51,4.25,5,car,422.4107752482097,499.19090016682946,382.1211242675781,426.56109619140625,462.5302429199219,499.1497497558594,0.04786638532383265,-1.0880257742745028,0.9617267661508675,0
51,4.25,6,car,589.5620346069338,538.31164449056,517.3251953125,449.29571533203125,662.5321044921875,540.0,0.7885750906813215,-1.0339651925221884,0.6012778401051749,0
51,4.25,8,person,70.7333210627238,447.32077204386394,60.450157165527344,391.9125671386719,81.52454376220703,447.9344482421875,1.0072183881487173,-0.7393314906528519,0.9502949118510317,0
51,4.25,17,truck,262.0450694402059,481.96389160156264,193.7892608642578,363.526611328125,332.2532043457031,480.52496337890625,-5.85376052856439,2.453571428571498,0.3367613913438847,0
51,4.25,49,person,46.62577234903972,447.4384712219239,36.90271759033203,390.3490905761719,55.75428771972656,447.7750244140625,0.5274778093610571,0.45915658133386156,0.9647161794135736,0
51,4.25,94,person,25.4120412627856,435.7678263346354,16.377727508544922,385.92120361328125,34.6871337890625,436.2151794433594,0.11890021051678601,-1.5208949497768023,0.9689639585671934,0
51,4.25,11,person,136.02377691268927,453.6336290995281,125.78491973876953,394.9392395019531,143.358642578125,448.6295166015625,-1.5155929020471894,-6.77056928362135,0.683975849676297,0
51,4.25,28,car,551.3591982523601,482.4983314514161,510.5872497558594,398.205078125,596.91650390625,482.2098693847656,-4.7370548793247,0.26138698032942426,0.7479722842909707,0
51,4.25,9,car,202.35513278762096,538.7999203013429,116.07322692871094,446.77862548828125,287.9704895019531,537.9794311523438,0.8599445036335588,1.5876426965797004,0.899730188207686,0
52,4.333,2,car,675.5559888203941,491.99960810343424,624.1683959960938,418.3335266113281,727.251708984375,492.3232116699219,-0.05896126883329908,0.031903512137463196,0.9063395814609488,0
52,4.333,3,car,353.24397137959795,540.0,261.57586669921875,484.0100402832031,444.5270080566406,540.0,-0.3974650791713119,9.421205368940616e-14,0.9770222369030895,0
52,4.333,4,car,779.0198961893718,539.7028010050454,698.0004272460938,466.6403503417969,859.2536010742188,539.59228515625,0.17320861816438599,0.4097194126673334,0.9734754804908358,0
52,4.333,5,car,422.3288344065348,499.372525024414,380.7991943359375,425.52862548828125,463.5224304199219,500.5174560546875,-0.09146837506966246,-0.84337855747755,0.9427965751242429,0
52,4.333,6,car,589.5361490885417,538.7185979207356,517.807861328125,450.17987060546875,661.5255737304688,540.0,0.5405064174110167,-0.3363307407922959,0.5994022889547075,0
52,4.333,8,person,70.78076599438985,447.5171765645345,59.95733642578125,392.17578125,81.15740966796875,448.4364929199219,0.9969209126063994,-0.4542912074496598,0.9374993556762427,0
52,4.333,17,truck,261.9774841944377,481.90201695760084,198.52476501464844,363.9827880859375,335.5072937011719,480.3714294433594,-6.527779606410358,2.346283394949898,0.36287788475752303,0
52,4.333,49,person,46.51946783065795,447.73276901245123,36.80685806274414,391.3751525878906,55.535118103027344,448.32049560546875,0.30140190124512345,0.8463226318360498,0.9586520779353667,0
52,4.333,94,person,25.46679667631785,435.88337987264003,16.38175392150879,386.3157043457031,34.60614776611328,436.50445556640625,0.21107797622680685,-1.1753631591795433,0.9618388204075101,0
52,4.333,9,car,202.05764858313557,538.2810425526994,116.34349822998047,446.8807373046875,286.2351379394531,537.0533447265625,0.26450392141847906,0.4942447820356411,0.8957901633433599,0
52,4.333,106,person,115.4262367541974,438.4368875356823,106.30254364013672,387.9754943847656,124.40377807617188,439.243896484375,1.9351126044459972,-0.021852825096956022,0.9440543342778488,0
53,4.417,2,car,675.6233233133953,492.26104227701825,623.5857543945312,418.22149658203125,728.143798828125,493.2290344238281,0.025986589704056644,0.30300816127197683,0.8981152906796898,0
53,4.417,3,car,353.0675848642985,540.0000000000001,261.9418029785156,484.4326477050781,443.7138366699219,540.0,-0.6427427019394263,-3.388591910784958e-13,0.9806392108935892,0
53,4.417,4,car,778.9440928141277,539.6808329264322,698.3410034179688,466.8160705566406,859.0618286132812,539.4637451171875,0.04817766462025116,0.35324707031189123,0.9704910991912403,0
53,4.417,5,car,422.18142598470064,499.6142786661784,380.9848937988281,426.3582763671875,462.9429626464844,500.6750793457031,-0.33607700892869297,-0.4822710309712789,0.9291976854698113,0
53,4.417,6,car,588.911336517334,539.1255513509116,515.9738159179688,450.8908386230469,658.75439453125,540.0,-0.46934247698135667,0.36130371093740865,0.5964346091851241,0
53,4.417,8,person,70.73802129427591,447.8158490498861,59.798038482666016,393.5050354003906,80.71148681640625,448.9141540527344,0.8691558020454879,-0.05012512207046936,0.9201103397461968,0
53,4.417,17,truck,262.5805243174235,481.884883371989,200.44288635253906,364.2281799316406,336.96685791015625,480.8968200683594,-5.915521022251854,2.185396466935899,0.3395713852440587,0
53,4.417,49,person,46.37728535334269,448.1356577555338,36.692378997802734,392.06756591796875,55.431270599365234,448.97955322265625,0.026376506260423826,1.322884695870391,0.9484790354409294,0
53,4.417,94,person,25.50716707706452,436.0183797200521,16.460712432861328,386.6522216796875,34.568477630615234,436.63226318359375,0.25994670050483837,-0.8485525948662176,0.9550991800195335,0
53,4.417,9,car,201.52912619454506,537.5647652762274,116.68443298339844,447.0665283203125,284.4671936035156,536.05126953125,-0.6796499734396643,-0.7381476433722615,0.8857302184917334,0
53,4.417,106,person,115.51137596851343,438.99084073216005,106.21878051757812,387.8467712402344,124.56624603271484,440.0904235839844,1.8178066452736674,0.7565177282591559,0.9296356626300728,0
53,4.417,12,person,802.0727390490084,446.9583499306127,791.7348022460938,393.4299011230469,811.6474609375,447.1121520996094,0.3916192305719077,1.9303364000821752,0.9203678511994915,0
53,4.417,28,car,553.0235711904675,483.12505493164076,513.484375,397.3052673339844,603.38330078125,484.1365661621094,-1.6222692726632941,1.083840707632006,0.6409108981553351,0
54,4.5,2,car,675.6554773966471,492.6779612223308,623.3143310546875,418.2219543457031,728.557861328125,493.6707458496094,0.0032618931363578973,0.8651524135046526,0.8917013426907389,0
54,4.5,3,car,352.88226038614914,540.0000000000001,262.13525390625,484.724853515625,443.1685791015625,540.0,-0.8651694161550445,2.218040286060469e-14,0.9834336452463498,0
54,4.5,4,car,778.8659955342613,539.6351364135744,698.6512451171875,467.11175537109375,858.7587890625,539.3911743164062,-0.08483145577522444,0.26261247907376806,0.9689097594576446,0
54,4.5,5,car,422.09655698140466,499.94785130818707,381.1987609863281,426.998779296875,462.7807922363281,500.99078369140625,-0.42969556535967585,0.023464965820448012,0.9174267622681034,0
54,4.5,6,car,588.305202738444,539.5325047810873,515.939208984375,451.47772216796875,657.6544799804688,540.0,-1.260312325613728,1.0589381626673773,0.5951882297845077,0
54,4.5,8,person,70.6822271347046,448.1500823974609,59.892208099365234,394.0431213378906,80.58638763427734,449.1620178222656,0.7230223519461766,0.3860334123883598,0.9077837805052209,0
54,4.5,17,truck,263.5973430633545,481.54107360839856,202.20675659179688,364.3427734375,337.14239501953125,480.2496337890625,-4.471914890834266,1.417168317522378,0.29791381918055393,0
54,4.5,49,person,46.26910775502524,448.5349739074708,36.87767791748047,393.3753356933594,55.324058532714844,449.30438232421875,-0.16789169311522828,1.7259953090125535,0.9412438237151621,0
54,4.5,94,person,25.650944280624394,436.210112253825,17.00998306274414,387.2336120605469,35.00803756713867,436.9171142578125,0.41961274828230055,-0.4853014264786849,0.9448793527352907,0
54,4.5,9,car,201.0483237266541,536.6611618041992,117.68342590332031,447.20745849609375,281.751220703125,534.0187377929688,-1.206199591500416,-1.7835021972655765,0.833931738788569,0
54,4.5,106,person,115.47890857820924,439.42655944824213,105.83519744873047,388.3255615234375,124.15916442871094,440.1426086425781,1.591511510765981,1.3042602539060084,0.9232608420103847,0
54,4.5,135,bus,585.0978698730469,433.6349182128906,441.78070068359375,340.8730163574219,728.4150390625,433.6349182128906,0.0,0.0,0.0,0
54,4.5,12,person,801.871382819282,447.0390235053169,791.7647094726562,394.0662841796875,811.4550170898438,446.94940185546875,-0.021306355794680397,1.7888285319006372,0.923119377838982,0
54,4.5,28,car,553.379752137866,483.3763645102174,510.61334228515625,398.4984130859375,597.8309936523438,483.62060546875,-0.8903634871683148,1.3343445598995154,0.6404519625072573,0
55,4.583,2,car,675.7508776346848,493.11862792968776,623.9080200195312,418.5905456542969,728.9689331054688,493.7127990722656,-0.0037131173261174336,1.5034528459824346,0.8976313160526709,0
55,4.583,3,car,352.74234987894715,540.0000000000003,262.202880859375,484.8855285644531,442.9368591308594,540.0,-0.9623088291710443,2.7955304767957117e-13,0.9821852948108192,0
55,4.583,4,car,778.8421488444015,539.5617940266931,699.0369262695312,467.34912109375,858.8474731445312,539.362060546875,-0.15473981584744503,0.1125523158483956,0.9706237702585242,0
55,4.583,5,car,422.03081576029484,500.4628906250002,380.9533996582031,427.3985290527344,462.8271789550781,501.7948303222656,-0.45187617710617517,0.7497802734378545,0.9024649449993204,0
55,4.583,6,car,587.6337916056318,539.9394582112634,515.8041381835938,451.90997314453125,656.8358764648438,540.0,-2.112391008649102,1.7565726143976252,0.5992829839950063,0
55,4.583,8,person,70.57550517718,448.51797612508165,59.69696807861328,393.9677429199219,80.38253784179688,449.33740234375,0.5195373262678508,0.8780260358540786,0.9006427498370306,0
55,4.583,17,truck,265.1262263615927,481.3667015075686,204.1459503173828,363.5882263183594,339.25244140625,480.7033386230469,-2.3061836242675136,0.9723358154299955,0.24689557119709282,0
55,4.583,49,person,46.21113120714826,448.8776880900067,37.110477447509766,393.6675720214844,55.38976287841797,449.34454345703125,-0.27939139774862454,2.0234174455916856,0.9407174844339762,0
55,4.583,9,car,200.45684607823696,536.1199183146161,115.94644927978516,447.0472106933594,282.7666015625,535.3656005859375,-1.9571873801094022,-2.4244341169082304,0.8318628938797089,0
55,4.583,135,bus,557.3594360351562,443.4716796875,403.002685546875,343.62322998046875,711.7161865234375,443.4716796875,0.0,0.0,0.0,0
55,4.583,28,car,552.9969579779582,483.4111816240393,508.7918701171875,398.680908203125,594.435791015625,483.18994140625,-1.0724847544794132,1.2476748922598213,0.6381737088834627,0
56,4.667,2,car,675.7178489685059,493.4660311381023,623.2393798828125,418.5050354003906,728.489013671875,493.8768005371094,-0.12437177385645239,1.87117963518386,0.9000883860201252,0
56,4.667,3,car,352.6978964487712,540.0,262.4051208496094,484.9218444824219,443.2829284667969,540.0,-0.9288659232005514,-2.296556775582213e-13,0.9813388575063801,0
56,4.667,4,car,778.8501426696779,539.4549107869467,699.1321411132812,467.3106384277344,858.938232421875,539.189697265625,-0.16721845354385462,-0.06379132952039701,0.9698827652898637,0
56,4.667,5,car,421.9273700714112,501.0410769144695,380.5849914550781,427.3992614746094,462.8594970703125,502.15057373046875,-0.5339688982283568,1.5534916469025937,0.8987259959107123,0
56,4.667,6,car,586.9339296976727,540.3464116414389,514.7865600585938,451.8592529296875,656.1046142578125,540.0,-2.812611171177566,2.4542070661269406,0.6041294719690248,0
56,4.667,8,person,70.45970355669658,448.8962043762208,59.55607223510742,393.8763427734375,80.39021301269531,449.45550537109375,0.31796501704622315,1.3846343994138075,0.9003885256865498,0
56,4.667,17,truck,266.8266384760539,481.3255650838217,204.76158142089844,363.53643798828125,339.70172119140625,481.5364990234375,0.21482751028875494,0.6296657017296136,0.21582897700591908,0
56,4.667,49,person,46.128818225860606,449.18038635253913,37.063446044921875,394.2762145996094,55.15601348876953,449.3382263183594,-0.4060741424560596,2.2743634905132355,0.9452258139504733,0
56,4.667,9,car,199.87850240071617,535.7291015625001,115.02605438232422,446.9180603027344,283.1517333984375,535.9807739257812,-2.6376852852958215,-2.9300851004466204,0.8455973486699446,0
56,4.667,135,bus,526.4153137207031,457.96630859375,349.6102294921875,343.3689270019531,703.2203979492188,457.96630859375,0.0,0.0,0.0,0
56,4.667,28,car,553.5978440278434,483.66221723871485,512.2022094726562,400.2189636230469,597.6470947265625,484.0542297363281,-0.02638479658565479,1.4324122641803294,0.6365443274814186,0
56,4.667,94,person,25.863150578278766,436.45324495755733,17.281116485595703,388.0674743652344,35.042152404785156,436.77337646484375,0.6046982432258092,0.04944562742692076,0.9457385319737536,0
57,4.75,2,car,675.5450922648115,493.7127120971681,622.4330444335938,418.513671875,727.9014282226562,494.05694580078125,-0.36830095563591425,1.9647190638952161,0.8984073520919332,0
57,4.75,3,car,352.6834224700929,540.0000000000003,262.2768859863281,484.85009765625,443.59881591796875,540.0,-0.8690505981443495,3.699881467957388e-13,0.9789448364332795,0
57,4.75,4,car,778.806401316325,539.3235565185548,698.944091796875,467.25640869140625,858.7616577148438,539.0409545898438,-0.24922092982652458,-0.25654122488821857,0.9705988853689067,0
57,4.75,5,car,421.9137514750164,501.67088114420585,380.81085205078125,427.9229431152344,463.2823486328125,502.86773681640625,-0.5071929931639546,2.2945678710938227,0.8904822766353174,0
57,4.75,6,car,586.2082247416179,540.7533650716146,513.7357788085938,451.4192810058594,655.6787109375,540.0,-3.4356249128067176,3.1518415178571564,0.6120237911561598,0
57,4.75,8,person,70.44198174476625,449.24336242675787,59.841068267822266,392.87957763671875,80.9907455444336,449.4179992675781,0.2268536976405975,1.8499877929689965,0.9097791888989741,0
57,4.75,17,truck,268.49781888326015,481.15338567098,205.5509796142578,363.56707763671875,339.5394592285156,481.7012634277344,2.63375309535444,-0.051903860909314835,0.20774008470458616,0
57,4.75,49,person,45.96402635574342,449.44909871419276,36.48622131347656,393.7979431152344,54.88174057006836,449.41058349609375,-0.6107023511613878,2.464903041294856,0.9493436877366077,0
57,4.75,9,car,199.2060494105022,535.1079391479494,115.13675689697266,446.9284362792969,281.13787841796875,534.784423828125,-3.3126176016669993,-3.6743225097655103,0.8549079846128974,0
57,4.75,135,bus,500.81932067871094,468.578857421875,309.0483093261719,343.5548400878906,692.59033203125,468.578857421875,0.0,0.0,0.0,0
57,4.75,28,car,554.2162130879615,483.8501720527292,512.4819946289062,400.7319641113281,597.3994750976562,484.0536804199219,1.1050531733221465,1.5138981794443773,0.6464585623540957,0
57,4.75,94,person,25.798758822200327,436.70452373811315,16.461870193481445,387.65631103515625,34.44340515136719,437.01812744140625,0.4840635426121879,0.45471549525081745,0.9478663900886608,0
57,4.75,91,person,725.4092102050781,436.2536926269531,717.0468139648438,388.47259521484375,733.7716064453125,436.2536926269531,0.0,0.0,0.0,0
58,4.833,2,car,675.4314526875818,494.02665888468454,622.1388549804688,418.4154357910156,727.8577270507812,494.1626281738281,-0.415703037806603,2.2590100969591536,0.9006973001425054,0
58,4.833,3,car,352.7232953389488,540.0000000000003,262.3304443359375,484.8115234375,443.9895324707031,540.0,-0.7567552839005262,4.0734249254558215e-13,0.972842167343255,0
58,4.833,4,car,778.7545715332035,539.2048660278322,698.6739501953125,467.129150390625,858.814208984375,538.9893798828125,-0.3157366071422947,-0.40622994559132974,0.9707440211577665,0
58,4.833,5,car,421.82480150858584,501.98684844970734,381.07965087890625,428.0814208984375,462.4193115234375,501.8812561035156,-0.5880216326030239,2.6092032296320706,0.8972023239053052,0
58,4.833,6,car,585.4807718912764,541.1603185017907,513.3187866210938,451.37530517578125,655.2455444335938,540.0,-4.042947823660211,3.8494759695874263,0.6255815184148805,0
58,4.833,8,person,70.90388687451684,449.5118876139326,61.97261047363281,392.7336120605469,82.95726013183594,449.2497253417969,0.7218396050589908,2.1915631975450904,0.8992584697093805,0
58,4.833,17,truck,270.03044662475605,481.18980433146186,205.1643524169922,363.5255126953125,339.1484680175781,482.49078369140625,4.904991367885258,-0.37840183802973937,0.22046854383824754,0
58,4.833,49,person,45.92732311884565,449.5692520141605,36.584712982177734,391.4555969238281,55.59413146972656,449.03179931640625,-0.6308812277657416,2.4458312988284745,0.9488195525010858,0
58,4.833,9,car,198.93816235860203,534.9209330240889,115.44351959228516,447.26971435546875,283.1714172363281,536.0327758789062,-3.4129531860349553,-3.763528878347929,0.859863690241212,0
58,4.833,135,bus,476.522705078125,444.84674072265625,317.52569580078125,342.20831298828125,635.5197143554688,444.84674072265625,0.0,0.0,0.0,0
58,4.833,28,car,555.3185038391972,483.899647457499,512.9380493164062,398.54443359375,599.8302001953125,483.5944519042969,3.0258873151907917,1.447883635263612,0.6831914742153742,0
58,4.833,94,person,25.112596627681143,437.36747998776633,13.942086219787598,387.7611389160156,32.3459358215332,438.7181091308594,-0.38698513922485367,1.322000586467904,0.8849387158664517,0
58,4.833,91,person,726.5187072753906,436.5699462890625,717.8677978515625,386.99920654296875,735.1696166992188,436.5699462890625,0.0,0.0,0.0,0
59,4.917,2,car,675.3931045532229,494.404291788737,622.2290649414062,418.7038269042969,727.8707275390625,494.4095764160156,-0.3137250627792688,2.683421107700578,0.9138060493898387,0
59,4.917,3,car,352.74232025146495,540.0000000000001,261.7921447753906,484.58258056640625,444.2426452636719,540.0,-0.6604745047434174,-3.388591910784958e-13,0.9705242376773379,44
59,4.917,4,car,778.7560907999675,539.0841944376629,698.7383422851562,467.10870361328125,859.0462646484375,538.9470825195312,-0.29690028599359414,-0.557501220703147,0.9716800864147013,0
59,4.917,5,car,421.73386650085456,502.2412554423015,380.7338562011719,427.3800048828125,462.6282653808594,501.7222900390625,-0.6653980800085156,2.859203665596804,0.9068281296074804,0
59,4.917,6,car,585.2078051249188,541.5672719319663,514.3953247070312,451.1719055175781,656.9049682617188,540.0,-4.041251482282789,4.547110421316889,0.6464337643646535,0
59,4.917,8,person,71.4166000366211,449.6511642456055,62.42880630493164,392.2443542480469,83.38340759277344,449.0047607421875,1.2613292149134823,2.3017900739395802,0.8848823247886348,66
59,4.917,17,truck,271.7875155766805,481.1534917195639,205.9264373779297,362.914306640625,339.2114562988281,482.2013244628906,7.687536294119528,-0.7259582519533504,0.26827704709735845,46
59,4.917,49,person,45.85788253148398,449.51395950317385,36.55523681640625,392.5207214355469,55.144187927246094,448.5124206542969,-0.6662061963762567,2.184752982003134,0.935451703842408,73
59,4.917,9,car,198.72261117299402,534.6157638549806,116.01185607910156,446.9369812011719,282.6668395996094,535.0510864257812,-3.4562514168876985,-3.8844229561945345,0.8630775516356763,48
59,4.917,135,bus,450.13718595958886,449.54175240652893,304.9849853515625,341.7204895019531,600.7464599609375,436.4352111816406,-318.6058018275666,9.853438895088802,0.8906858447743995,73
59,4.917,28,car,555.9237510136196,483.85682525634775,512.0301513671875,399.5154113769531,597.4769897460938,483.2589416503906,4.25927843366371,1.283854457310525,0.7383594082981815,0
59,4.917,94,person,24.820271196327568,437.63984192781453,15.044069290161133,387.10101318359375,33.36478805541992,437.6455993652344,-0.740696048610588,1.674558482806482,0.8882861638010728,55
59,4.917,91,person,726.2086181640625,436.4053955078125,717.4147338867188,386.3518371582031,735.0025024414062,436.4053955078125,0.0,0.0,0.0,0
60,5.0,2,car,675.505503845215,494.5226069132489,621.6783447265625,416.4308166503906,729.51708984375,493.7845153808594,-0.03164324079241574,2.683732386997906,0.9177526115309338,0
60,5.0,3,car,352.8332284291587,540.0000000000001,261.38592529296875,484.15447998046875,445.18310546875,540.0,-0.4771486554825438,2.218040286060469e-14,0.9649764986136113,8
60,5.0,4,car,778.7808804829918,538.9796793619793,698.3344116210938,466.6876220703125,859.5669555664062,538.91845703125,-0.2400342668801046,-0.668450055803435,0.9721862660592923,0
60,5.0,5,car,421.75574595133475,502.6387514750164,380.0777893066406,425.9814147949219,464.09716796875,502.5852966308594,-0.5980355398994432,3.234650966099581,0.9159367806370136,0
60,5.0,6,car,585.2429893493654,540.5337224324545,515.4713134765625,450.3870544433594,659.447998046875,540.0,-3.916852242605913,1.5405944824220232,0.800002369853291,0
60,5.0,8,person,71.92676725387574,449.5645380655925,62.7475700378418,391.4433898925781,83.60769653320312,448.3847961425781,1.7706421443394387,2.054498291015706,0.8661829308523163,60
60,5.0,17,truck,273.86503353118894,481.47504145304373,206.3717498779297,362.1529846191406,339.68023681640625,482.44964599609375,11.19023012433724,-0.17961992536266938,0.3893944109847133,47
60,5.0,49,person,45.80153438250225,449.21842600504567,36.50341033935547,391.4814758300781,55.141014099121094,447.60906982421875,-0.6747223172869035,1.6274544852120287,0.9070095509589915,67
60,5.0,9,car,198.68974971771243,534.8080123901369,114.80262756347656,446.6965637207031,284.88665771484375,536.6425170898438,-3.253358132498671,-3.3131966727118267,0.8387017987390799,42
60,5.0,135,bus,415.75421088082453,442.285400390625,261.1031799316406,340.9752197265625,552.3302612304688,432.9652404785156,-340.29577854701404,-12.514944893972887,0.8901108807184386,67
60,5.0,28,car,556.8472925672154,483.58433654238104,515.0877685546875,399.1723327636719,601.0485229492188,482.3448181152344,5.149996702069906,0.8410942439082211,0.7314115003664063,0
60,5.0,94,person,24.773933101812165,437.6300350050851,16.072072982788086,387.83673095703125,33.88175582885742,436.9004821777344,-0.7779429855742077,1.5981987987776416,0.8869546072499698,59
60,5.0,91,person,726.23486328125,436.0110168457031,717.4242553710938,385.9208984375,735.0454711914062,436.0110168457031,0.0,0.0,0.0,0
61,5.083,2,car,675.693045806885,494.4080098470055,622.054931640625,415.9983825683594,729.7843627929688,493.26617431640625,0.323423113142093,2.2897077287949203,0.9087945258609872,0
61,5.083,3,car,353.00232823689805,540.0000000000003,260.543701171875,483.3681640625,446.60821533203125,540.0,-0.1915897914339105,3.253034815588105e-13,0.9579692825225844,0
61,5.083,4,car,778.840432230632,538.8814147949221,697.6749267578125,465.98944091796875,860.2763671875,538.9033813476562,-0.10449829101511875,-0.7712716238836763,0.9756838539123093,0
61,5.083,5,car,421.8002573649091,502.8370478312177,379.8111572265625,424.728271484375,464.47967529296875,502.2002258300781,-0.4966971261159122,3.279013497489054,0.9164001454699064,0
61,5.083,6,car,585.4642005920414,540.1834070841473,515.00927734375,449.3203125,660.865478515625,540.0,-3.4796670096259015,0.5224757603237161,0.8064096424314112,0
61,5.083,8,person,72.62049096425378,449.3032206217451,63.78851318359375,390.8607482910156,84.65924072265625,447.86676025390625,2.4841510227748795,1.5430350167413058,0.8389148123704453,70
61,5.083,49,person,45.82913088798525,448.74846674601264,36.82848358154297,391.06011962890625,55.348079681396484,446.9248046875,-0.5694181987217429,0.8510755266464323,0.8792573774435091,75
61,5.083,9,car,198.8283714294435,535.3326609293624,113.76239776611328,446.1484680175781,286.8951416015625,537.820068359375,-2.813725498744371,-2.311036900111124,0.798545425707667,54
61,5.083,135,bus,383.70871543884294,451.6946970621745,182.39866638183594,340.40625,574.6937255859375,466.3277893066406,-349.1458118983678,12.570356096539705,0.8841574786835769,75
61,5.083,28,car,557.4048620036227,483.17245224078084,514.5643920898438,398.1265563964844,601.4984741210938,481.603515625,5.228573813956859,0.267619363261068,0.7222065854831492,0
61,5.083,94,person,24.770688545871796,437.46368709080645,16.29873275756836,387.9065246582031,33.9532356262207,436.4035339355469,-0.7641256300648891,1.293391854143143,0.8784927596882411,57
61,5.083,91,person,726.2759094238281,435.43701171875,717.546142578125,385.8065185546875,735.0056762695312,435.43701171875,0.0,0.0,0.0,0
61,5.083,147,car,625.7007446289062,423.701416015625,576.8338012695312,382.3711242675781,674.5676879882812,423.701416015625,0.0,0.0,0.0,0
61,5.083,12,person,801.9387817382812,447.4842529296875,791.78173828125,392.5462646484375,812.0958251953125,447.4842529296875,0.0,0.0,0.0,0
62,5.167,2,car,675.7602981567385,494.065836842855,621.5111083984375,414.3379821777344,730.2301635742188,492.4698791503906,0.37863333565810303,1.6034846714563802,0.8869384192510865,0
62,5.167,3,car,353.35098393758136,540.0,260.6663818359375,482.9406433105469,447.95892333984375,540.0,0.31970084054106707,-2.296556775582213e-13,0.9434291701976202,0
62,5.167,4,car,778.8700459798177,538.8358713785808,697.1488647460938,465.55755615234375,860.699462890625,539.013671875,-0.03566894531282417,-0.7862810407367714,0.9766567130390577,0
62,5.167,5,car,421.97273495992033,502.7936559041341,380.6234130859375,424.4556884765625,464.6390380859375,501.5487365722656,-0.22714952741383745,2.9667192731582874,0.8994487284483134,0
62,5.167,6,car,585.8103411356608,540.0508529663088,513.8680419921875,447.46209716796875,662.455810546875,540.0,-2.8042798723497,0.14261038643951748,0.7878189611815828,0
62,5.167,8,person,73.50507295926414,448.8565119425457,64.99024200439453,390.8605041503906,85.6226577758789,447.25518798828125,3.4296681812831076,0.7633326939173181,0.8120826476026636,60
62,5.167,49,person,45.96079367001851,448.0987472534181,37.222721099853516,390.0747985839844,55.72775650024414,446.1367492675781,-0.3317683901105953,-0.13972778320321383,0.8541174006338967,65
62,5.167,9,car,199.13471450805665,536.1567993164064,112.90057373046875,445.40325927734375,288.9516906738281,538.9815063476562,-2.1726928710938074,-0.9313476562503242,0.756214264037004,59
62,5.167,135,bus,354.55685662163603,461.6775071885849,147.74929809570312,341.535400390625,561.1787109375,476.3944396972656,-349.2651931762699,31.492126464843643,0.8801852639331946,65
62,5.167,28,car,557.9491112329844,482.59004398885145,514.3505249023438,396.87646484375,602.4522094726562,480.9437561035156,5.324329935575525,-0.5741845961133326,0.7133025025995288,0
62,5.167,94,person,24.816178810596472,437.17744336809443,16.500268936157227,387.47698974609375,34.15200424194336,435.96563720703125,-0.6941286972590637,0.8161664690293452,0.8664885429633173,50
62,5.167,91,person,726.6524091448101,435.09588041759673,718.1448364257812,385.6753845214844,735.3201293945312,434.7487487792969,2.0277308872762343,-3.880423409598154,0.9404512596516855,0
62,5.167,147,car,610.031005859375,423.69879150390625,561.6688842773438,382.6324462890625,658.3931274414062,423.69879150390625,0.0,0.0,0.0,0
62,5.167,12,person,801.9390258789062,448.0630187988281,791.7037963867188,392.09967041015625,812.1742553710938,448.0630187988281,0.0,0.0,0.0,0
63,5.25,2,car,675.7532847086587,493.4860514322918,621.7672729492188,413.7656555175781,729.9384155273438,491.60137939453125,0.25985804966497505,0.6041015625001925,0.8656835444691646,0
63,5.25,3,car,353.7172985076905,540.0000000000001,260.7225036621094,482.72491455078125,448.33428955078125,540.0,0.8232546125138313,-7.844453947190354e-14,0.9368964967924774,0
63,5.25,4,car,779.0756744384768,538.8264383951824,696.9900512695312,464.7104797363281,862.2699584960938,539.0559692382812,0.2555053710939718,-0.733855329241076,0.9667851446924774,0
63,5.25,5,car,422.3009518941244,502.5300562540691,381.6486511230469,424.25677490234375,464.94805908203125,500.8668212890625,0.2333352225168348,2.3519714355469,0.8709504290372753,0
63,5.25,6,car,585.997160847982,540.0073394775391,512.9461059570312,447.2774353027344,661.4930419921875,540.0,-2.251051548549034,0.020324707030967077,0.7822073858396335,0
63,5.25,8,person,74.34746254285177,448.21488494873057,64.96653747558594,388.3987731933594,86.1019515991211,446.47149658203125,4.300516319274892,-0.26307809012264366,0.7998753810986274,56
63,5.25,49,person,46.10715931256614,447.3049563090008,37.39287567138672,389.6803283691406,55.77275466918945,445.4185791015625,-0.09312850407190229,-1.2932229178292556,0.8386174601033545,61
63,5.25,9,car,199.4092418352763,537.0782063802083,112.1512451171875,444.9623107910156,289.3300476074219,539.4240112304688,-1.5755779266357446,0.5624372209820204,0.7381382312103959,61
63,5.25,135,bus,327.0874425021084,468.5981251109729,123.14095306396484,339.4849548339844,537.2335815429688,476.7384338378906,-346.16536837491094,39.63243519176137,0.8823068251635352,61
63,5.25,28,car,557.8960944217184,482.13813143191123,512.0302734375,395.01177978515625,602.0812377929688,481.0650329589844,4.450778165071008,-1.1489281032396512,0.7126285676318196,0
63,5.25,94,person,24.87198321407186,436.81444531781426,16.792970657348633,388.5640869140625,33.985504150390625,435.5924377441406,-0.6136825927851509,0.24690325904316135,0.8555129858851023,47
63,5.25,91,person,726.9405582972936,434.4577124459403,718.630615234375,385.3115539550781,735.5255126953125,434.094482421875,2.3577444893977657,-4.752175467354391,0.9380002086047053,0
63,5.25,147,car,598.3791198730469,421.8607177734375,551.6858520507812,382.0914001464844,645.0723876953125,421.8607177734375,0.0,0.0,0.0,0
63,5.25,12,person,801.8010559082031,446.5487060546875,791.849609375,391.885498046875,811.7525024414062,446.5487060546875,0.0,0.0,0.0,0
63,5.25,11,person,130.5890769958496,442.0036926269531,121.79621124267578,388.2112731933594,139.38194274902344,442.0036926269531,0.0,0.0,0.0,0
64,5.333,2,car,675.6858640034993,492.5543434143068,621.4443969726562,411.24298095703125,730.0264892578125,489.7237243652344,0.0435019356866765,-0.6956686837328347,0.8235246272422476,0
64,5.333,3,car,353.8839603424073,540.0,258.9012756347656,481.8456115722656,448.7553405761719,540.0,1.0617717197966576,3.4139485529203205e-13,0.9432116056513629,0
64,5.333,4,car,779.2870048522951,538.8266550699872,696.7576904296875,464.22662353515625,862.7479248046875,539.0270385742188,0.5333692278186757,-0.6601789202004521,0.9618351081751275,0
64,5.333,5,car,422.626611073812,502.08215815226237,382.3797302246094,424.704345703125,464.4050598144531,500.2313537597656,0.676173182896529,1.4981074741909801,0.84728621713912,0
64,5.333,6,car,585.8036396026612,539.9628000895183,511.7039489746094,447.517333984375,659.2520751953125,539.8460693359375,-2.15973619733502,-0.04617919921848529,0.7829862881012197,0
64,5.333,8,person,75.12067821820577,447.39357477823893,65.01013946533203,386.9842529296875,86.35778045654297,445.6442565917969,5.052849933079373,-1.4994179861884196,0.8012289171200169,0
64,5.333,49,person,46.2684999148051,446.38574981689464,37.54667663574219,389.2752685546875,55.8139533996582,444.7047119140625,0.15498030526300666,-2.5786246163502033,0.835970245975125,0
64,5.333,9,car,199.66912981669108,537.9479354858399,111.59618377685547,444.4150695800781,289.3588562011719,539.470458984375,-0.9552488054547168,1.9244881766186552,0.7425177252401992,0
64,5.333,28,car,557.586602688508,481.84301719934535,510.69189453125,394.0312194824219,603.1160278320312,481.7975769042969,3.0959656019978463,-1.5990233341963003,0.733572218572683,0
64,5.333,94,person,25.01554315868438,436.37749964264407,17.286237716674805,389.18023681640625,34.18244171142578,435.23193359375,-0.41225885579004984,-0.41976274085166093,0.8460240395116055,0
64,5.333,91,person,727.1871693929038,433.86835988362645,718.77978515625,384.2159729003906,735.7349243164062,433.5976867675781,2.47806222098252,-5.21618652343713,0.9391840726800706,0
64,5.333,147,car,581.4530639648438,415.8302307128906,540.4988403320312,381.07159423828125,622.4072875976562,415.8302307128906,0.0,0.0,0.0,0
64,5.333,12,person,801.6768188476562,445.71282958984375,791.8871459960938,391.7506408691406,811.4664916992188,445.71282958984375,0.0,0.0,0.0,0
64,5.333,11,person,130.7734832763672,440.82012939453125,122.17723083496094,388.110107421875,139.36973571777344,440.82012939453125,0.0,0.0,0.0,0
64,5.333,17,truck,272.5649144946045,482.79791502691603,193.30245971679688,358.8600158691406,331.24603271484375,482.15838623046875,6.013691916394362,2.150734475703471,0.3299773947216732,0
65,5.417,2,car,675.6102256774902,491.42074940999356,620.8754272460938,409.1427917480469,730.3251953125,488.73284912109375,-0.13165413992792474,-2.2518493652346914,0.7980382435783476,0
65,5.417,3,car,353.9941225687664,539.9835830688476,257.95904541015625,481.0577087402344,449.4111022949219,539.9320678710938,1.209891619000988,-0.020379638672262904,0.9492436526335498,0
65,5.417,4,car,779.4006642659506,538.8434173583985,696.0548095703125,463.7027587890625,862.695068359375,539.0352783203125,0.6973650251112892,-0.5603498186388974,0.965718834417592,0
65,5.417,5,car,422.9725111643474,501.3305524190268,382.16058349609375,422.8893127441406,464.9835205078125,499.3486633300781,1.1349563598630859,0.16313520159011297,0.8359938144992384,0
65,5.417,6,car,585.7258382161459,539.9557627360026,521.3839111328125,462.4928283691406,649.372802734375,539.9549560546875,-1.818148367746158,-0.05309535435295229,0.7885088211481742,0
65,5.417,8,person,75.58772724469505,446.44635009765636,64.50101470947266,388.1358337402344,85.18946838378906,444.77886962890625,5.394956997462656,-2.8135567801341277,0.8102270081075335,0
65,5.417,49,person,46.42497018178303,445.47009836832694,37.67814254760742,389.2962341308594,55.7530403137207,444.2950744628906,0.384565625871887,-3.777662004743321,0.8474274557465178,0
65,5.417,9,car,199.98633769353233,538.7028249104818,111.54257202148438,444.1078796386719,289.3091735839844,539.4533081054688,-0.20370107378282676,3.0209211077007954,0.7618901404832819,0
65,5.417,28,car,558.0101405217096,481.2857757207203,511.7992858886719,393.28155517578125,604.2550048828125,480.8912048339844,3.4733952448915915,-2.447390945705332,0.7425375215801361,0
65,5.417,94,person,25.19246327640831,435.85452790556377,17.58885955810547,389.6736755371094,34.17288589477539,434.7376708984375,-0.15810919727641107,-1.1737932293383502,0.8391008716811803,0
65,5.417,91,person,727.38502875434,433.4931925455728,718.8847045898438,383.7516784667969,735.8568725585938,433.5912170410156,2.4597534179687077,-5.090155029296731,0.9423574342432843,0
65,5.417,12,person,801.6385498046875,444.4591064453125,792.1931762695312,392.6873474121094,811.0839233398438,444.4591064453125,0.0,0.0,0.0,0
65,5.417,11,person,131.13656997680664,440.5702819824219,122.57735443115234,387.787109375,139.69578552246094,440.5702819824219,0.0,0.0,0.0,0
65,5.417,17,truck,266.9275951327168,482.31683302946385,191.4350128173828,357.6741943359375,330.6901550292969,481.1061706542969,-2.856226929830944,1.4264671955633677,0.40913258987603984,0
66,5.5,2,car,675.5827273050944,490.1764856974284,620.4397583007812,407.2796936035156,730.6926879882812,487.9937438964844,-0.16353541782942715,-3.9276253836493944,0.7956809643550417,0
66,5.5,3,car,353.8721464792888,539.9160883585613,257.4382019042969,480.78631591796875,448.3919677734375,539.7136840820312,1.0162176949636987,-0.1033630371095939,0.9377556112256233,0
66,5.5,4,car,779.4213755289717,538.8630737304688,696.00048828125,463.5651550292969,862.3729248046875,539.001220703125,0.6886387416293549,-0.45546177455359627,0.9653915044947612,0
66,5.5,5,car,423.32981109619135,500.51130371093757,382.5400085449219,422.7553405761719,465.02105712890625,498.99609375,1.5812020438056011,-1.2237304687500326,0.846640307892108,0
66,5.5,6,car,585.5720006306967,539.9534800211588,510.9244079589844,450.1759948730469,657.9080200195312,539.969970703125,-1.4518772670199764,-0.053576660156351284,0.8013587829296398,0
66,5.5,8,person,75.56686185201012,445.4433990478517,63.114261627197266,388.83831787109375,83.19805908203125,444.0219421386719,5.111323765346019,-4.085757882254571,0.8023154128513866,0
66,5.5,49,person,46.51551752090456,444.4114295959474,37.537635803222656,388.65594482421875,55.4719123840332,443.2371520996094,0.5196443285260867,-5.073908778599275,0.8669068045302324,0
66,5.5,9,car,200.47054672241214,539.291461690267,112.47119140625,443.455322265625,289.63140869140625,538.80322265625,0.7372924804687879,3.9358651297432776,0.8044734990536699,0
66,5.5,28,car,557.0863115583147,480.6769339425223,508.75762939453125,394.7706298828125,598.6795654296875,480.7947082519531,1.810422524252919,-3.411686287345636,0.7164046211072711,0
66,5.5,94,person,25.45013677633327,435.34932491468345,17.925785064697266,389.8302001953125,34.483089447021484,434.6620178222656,0.21494356341983628,-1.8909204234246746,0.8392778958376617,0
66,5.5,91,person,727.5844376997512,433.1017006613991,719.1779174804688,383.5019226074219,735.9698486328125,433.16363525390625,2.4491987748579342,-5.028220436789826,0.9452052919967574,0
66,5.5,12,person,801.6551688058033,443.6703200567335,792.23046875,391.4299621582031,811.2891845703125,443.4311218261719,-0.6584368024563524,-10.94169224330389,0.9346799556733612,0
66,5.5,11,person,130.30591201782227,440.5730285644531,121.71855926513672,388.1898193359375,138.8932647705078,440.5730285644531,0.0,0.0,0.0,0
66,5.5,17,truck,263.5497139416956,481.71196629951424,190.48583984375,357.41485595703125,330.2708740234375,480.29437255859375,-7.837614717356784,0.5656680806997268,0.48729225696709944,27
66,5.5,161,person,763.4870300292969,441.8973693847656,755.3446044921875,380.5314025878906,771.6294555664062,441.8973693847656,0.0,0.0,0.0,0
66,5.5,147,car,538.2199595683326,417.2103329220332,485.5652770996094,379.4393005371094,579.6651611328125,419.0050048828125,-220.35373337204445,-15.466711095861879,0.9317109596821682,27
67,5.583,2,car,675.5744710286459,488.82987899780284,620.9058837890625,406.5596008300781,730.3468017578125,486.97509765625,-0.1681222098209731,-5.624880981444791,0.8067040591575958,0
67,5.583,3,car,353.7267962137859,539.8375645955404,257.14373779296875,480.3443603515625,448.46356201171875,539.638427734375,0.7953643798830388,-0.19665265764484308,0.927847321049484,0
67,5.583,4,car,779.4352678934733,538.861501566569,696.11181640625,463.2178955078125,862.4757690429688,538.8665161132812,0.6362509591243094,-0.3752118791849775,0.9658822414216208,0
67,5.583,5,car,423.67824745178234,499.974302927653,382.2859802246094,422.1914978027344,465.6846618652344,499.3935241699219,1.9700062343056859,-2.0158538818356067,0.8588539014804982,0
67,5.583,6,car,585.6331250508625,539.954780069987,508.8131103515625,446.4541931152344,660.9468383789062,539.981689453125,-0.8000361851281639,-0.04925537109332372,0.8258685487425708,0
67,5.583,8,person,75.25414220492046,444.5205635070801,62.44941711425781,389.073974609375,82.37073516845703,443.6717224121094,4.363495445251479,-5.123216465541069,0.78219795786935,0
67,5.583,49,person,46.605130799611416,443.3499580383301,37.61188888549805,387.70477294921875,55.6002082824707,442.4551696777344,0.6235458918980467,-6.223251342773141,0.8909398033482359,0
67,5.583,9,car,201.01198803583782,539.5765172322591,112.80268859863281,442.15191650390625,290.3810729980469,538.1431884765625,1.6308989933560134,4.299978201730037,0.8334553681505397,0
67,5.583,28,car,556.9119211832683,480.5890945434571,511.7229309082031,397.0681457519531,600.0596313476562,481.2055969238281,1.4066528320316634,-3.167795235769887,0.7214961072682519,0
67,5.583,94,person,25.66463368312259,434.88742273758425,17.45011329650879,387.691650390625,34.731754302978516,434.58538818359375,0.5277030089342122,-2.498035236137929,0.8450596759997027,0
67,5.583,91,person,727.76535172896,432.700304898349,719.4326171875,383.2809143066406,735.9987182617188,432.7380676269531,2.40945157137794,-4.998010253906134,0.9476559983282837,0
67,5.583,12,person,801.6665867396766,442.18875449044384,792.393310546875,390.892822265625,811.0928344726562,441.5313415527344,-0.47487095424004805,-12.519483293805365,0.9225829371801504,0
67,5.583,11,person,131.36389541625977,439.7718505859375,122.62821197509766,386.3914489746094,140.09957885742188,439.7718505859375,0.0,0.0,0.0,0
67,5.583,17,truck,261.3602402110515,481.00259834550593,190.49185180664062,357.99932861328125,329.95050048828125,479.5126953125,-10.696046082239114,-0.43596715890853477,0.5536869972053954,31
67,5.583,161,person,763.4010009765625,441.3055725097656,755.2618408203125,379.9727478027344,771.5401611328125,441.3055725097656,0.0,0.0,0.0,0
67,5.583,147,car,515.6753447159479,417.62087747325074,462.291015625,377.49847412109375,561.94580078125,419.0663757324219,-231.31294316830866,-11.013013756793478,0.9341712897719282,31
68,5.667,2,car,675.7296760559084,487.5496795654297,622.5734252929688,407.5275573730469,729.843994140625,486.1968688964844,0.05863691057461754,-7.015832519531668,0.8190543377074869,0
68,5.667,3,car,353.6285372416179,539.82258199056,256.0150146484375,479.3053283691406,450.177490234375,539.8639526367188,0.5962424142018863,-0.2067888532368338,0.9245161511692657,0
68,5.667,4,car,779.4937932332357,538.8739151000979,695.8668823242188,462.5910339355469,863.1459350585938,538.9202270507812,0.6445809500552491,-0.29181518554711017,0.9665280607420257,0
68,5.667,5,car,423.92175738016766,499.3627072652182,382.3670349121094,422.0162048339844,465.3299865722656,498.8816223144531,2.1720709664478366,-2.8593370710103403,0.8777463366909795,0
68,5.667,6,car,585.812061818441,539.9609629313153,509.38031005859375,445.69195556640625,662.9050903320312,540.0,-0.35369829450369306,-0.038656180245710846,0.8285419994889337,0
68,5.667,8,person,75.02652303377789,443.5111236572267,63.34969711303711,388.9917907714844,82.8919677734375,442.5569152832031,3.645740318298331,-6.127143205915417,0.7741669433739637,33
68,5.667,49,person,46.54073483149212,442.4003758748374,37.23521041870117,388.3753356933594,54.91279602050781,441.9477844238281,0.5117609841482661,-7.047475760323662,0.911111125683989,39
68,5.667,9,car,201.49318688710534,539.6313613891604,112.64305877685547,441.0431213378906,290.8920593261719,537.856201171875,2.3196117946078956,4.187718854631694,0.8396325030869727,0
68,5.667,28,car,557.5208671569825,480.6068753560385,513.1076049804688,397.67535400390625,601.5299072265625,481.5728454589844,2.5779981340679567,-2.844317190988062,0.7517106354621355,0
68,5.667,94,person,25.78171720194393,434.1367062721025,17.372560501098633,388.0517272949219,34.04103469848633,433.2498474121094,0.7221736975675477,-3.4548766728688673,0.8505040794799016,33
68,5.667,91,person,727.9340186485878,432.5040427965995,719.5408935546875,382.8056945800781,736.1735229492188,433.03070068359375,2.3591756753985607,-4.6532887278739405,0.9435986402535407,0
68,5.667,12,person,801.7307357788092,440.81894429524755,792.5715942382812,390.3641357421875,811.1802978515625,440.36181640625,-0.2259390694743356,-13.303131103515167,0.9210686168295628,0
68,5.667,11,person,131.18116142636256,439.3879060291108,122.6515884399414,386.6005859375,139.75210571289062,439.4364013671875,1.3729470389230023,-5.4783586774553745,0.9428015707146136,39
68,5.667,17,truck,260.8364980854695,480.86642547857804,192.83526611328125,356.10205078125,335.314453125,480.874755859375,-11.29313636021719,-0.6733467428926865,0.59458391302672,35
68,5.667,161,person,763.9927673339844,441.15283203125,756.0154418945312,380.98590087890625,771.9700927734375,441.15283203125,0.0,0.0,0.0,0
68,5.667,147,car,495.2994507044961,417.27353824981276,445.0558776855469,377.61041259765625,542.8396606445312,417.9745788574219,-233.83160442195546,-9.706726910316839,0.9389714264871606,39
68,5.667,166,car,98.70241498947144,540.0,1.145216941833496,469.91534423828125,196.25961303710938,540.0,0.0,0.0,0.0,0
69,5.75,2,car,675.9735260009767,486.3558514912924,624.3038330078125,409.34356689453125,728.8396606445312,485.5830993652344,0.4040196010046123,-8.13809247698095,0.8363024835834826,0
69,5.75,3,car,353.54572855631517,539.8318720499674,256.0430908203125,478.9493713378906,450.52691650390625,539.9503173828125,0.38193184988838197,-0.18518502371671255,0.9245281689790218,0
69,5.75,4,car,779.5776987711589,538.9175872802736,695.6124877929688,462.0063171386719,863.77294921875,539.0333862304688,0.6755388532369334,-0.17605852399563318,0.9666853301261429,0
69,5.75,5,car,424.04736531575537,498.4178909301758,381.95916748046875,420.02337646484375,465.1235046386719,497.14306640625,2.2100777762278776,-4.03928309849335,0.8882499512329489,0
69,5.75,6,car,585.9202484130861,539.9671457926434,508.2568359375,444.31158447265625,663.8162841796875,540.0,-0.08134591238838562,-0.028056989397229178,0.8301532281077717,0
69,5.75,8,person,74.41846097310383,442.66526184082034,62.024871826171875,388.4382019042969,81.6783447265625,442.43939208984375,2.419084167480453,-6.8088919503349326,0.7586885995155624,37
69,5.75,49,person,46.3714256922404,441.4239173889161,36.97406768798828,388.7183532714844,54.26512908935547,440.929931640625,0.2765190124511644,-7.764324515206545,0.9210939437473831,42
69,5.75,9,car,202.32894500096648,538.5617543538414,117.32559204101562,440.9421691894531,290.3376770019531,534.5114135742188,3.28213299342571,2.297800990513579,0.7631849151006751,0
69,5.75,28,car,557.8129984537761,480.7871180216472,513.3604736328125,397.5623779296875,603.07177734375,482.2645568847656,2.6223423549106175,-2.3803527832029983,0.7441500863449825,0
69,5.75,94,person,26.018515423366004,433.59294172014506,17.495986938476562,388.3492431640625,34.13505935668945,433.68731689453125,1.192790410806849,-4.070808024982936,0.8699253886029009,36
69,5.75,91,person,728.0220860072545,432.01797619494766,719.3262939453125,380.694091796875,736.1448364257812,431.75848388671875,2.2028915908312894,-4.794829986907551,0.9429615391946105,0
69,5.75,11,person,131.42012895856584,438.63466099330356,123.0756607055664,385.12847900390625,140.05203247070312,438.29229736328125,1.7178693498884061,-6.300031389508467,0.9405056792640358,42
69,5.75,161,person,764.4361877441406,440.4016418457031,756.5956420898438,381.1459655761719,772.2767333984375,440.4016418457031,0.0,0.0,0.0,0
69,5.75,147,car,475.5353351593021,416.8962394714358,426.0694274902344,377.7404479980469,524.13720703125,417.56658935546875,-234.39973754882763,-8.825170898437346,0.9428761091969508,42
69,5.75,166,car,99.3892594575882,540.0,2.499939203262329,470.4219665527344,196.27857971191406,540.0,0.0,0.0,0.0,0
70,5.833,2,car,676.2490722656252,485.2381764729818,624.479736328125,409.5001220703125,728.5032348632812,485.0383605957031,0.8703264508932057,-9.062742396763037,0.8681068370466011,0
70,5.833,3,car,353.47457548777265,539.8504872639975,254.98985290527344,477.7571716308594,451.89813232421875,539.9837646484375,0.16005543300112388,-0.15141775948614355,0.9276782230780306,0
70,5.833,4,car,779.708339436849,538.9747004191081,695.8534545898438,461.8483581542969,863.8613891601562,539.0680541992188,0.7948974609380134,-0.04454956054648582,0.9680185098183596,0
70,5.833,5,car,424.1534729003907,497.2795468648275,382.6592712402344,419.6467590332031,464.69281005859375,495.5006103515625,2.1878906250003203,-5.271390642438396,0.877506490920109,0
70,5.833,6,car,585.6941816965739,539.9733286539713,506.6022644042969,443.4558410644531,663.073486328125,540.0,-0.29950234549359755,-0.017457798548760547,0.8268670435911976,0
70,5.833,8,person,73.7126098473867,441.88222885131836,62.13985061645508,389.2309265136719,81.30784606933594,441.90716552734375,1.0165856225150738,-7.302064296177024,0.758993366474667,35
70,5.833,49,person,46.25024607976279,440.52018992106133,37.462615966796875,390.8235778808594,53.91062927246094,440.3424072265625,0.13318225315644208,-8.284756033760715,0.9329699777885545,44
70,5.833,9,car,202.94750887552902,536.8885538736979,120.23258972167969,441.58294677734375,286.882568359375,531.3216552734375,3.8624077933176673,-0.10837751116054059,0.6691424010597891,19
70,5.833,28,car,557.9587303161622,480.408283742269,515.2409057617188,397.10235595703125,603.6842651367188,480.0484619140625,1.9751678466801765,-2.6707567487442114,0.7717809153257907,0
70,5.833,94,person,26.14375173648199,433.2176767985025,18.256229400634766,389.4547119140625,34.193424224853516,433.1046142578125,1.2248640673501292,-4.1155360630579105,0.8742006466878041,38
70,5.833,91,person,727.9138235909597,432.38566109793516,717.9248657226562,378.6023864746094,736.2166137695312,434.6021728515625,1.813775970123818,-3.7718245621565774,0.8823741639664479,0
70,5.833,11,person,131.6549873352051,437.761589050293,123.48674011230469,384.6361083984375,140.0800018310547,437.2742919921875,1.9379555838448295,-7.135397774832575,0.93530498429161,45
70,5.833,161,person,764.5586242675781,439.8722229003906,756.7789916992188,380.84930419921875,772.3382568359375,439.8722229003906,0.0,0.0,0.0,0
70,5.833,147,car,457.3884256723764,416.41135468354094,410.0474853515625,376.87335205078125,509.848388671875,416.8739013671875,-231.84022620948585,-8.362624214790717,0.9439860414913235,45
70,5.833,168,person,646.2230224609375,415.5922546386719,637.2620849609375,376.9508056640625,655.1839599609375,415.5922546386719,0.0,0.0,0.0,0
70,5.833,17,truck,258.16123525604945,482.88967732436777,181.85157775878906,352.48114013671875,337.12646484375,488.7776184082031,-13.538231618167714,1.3024402414567973,0.549130752201453,36
71,5.917,2,car,676.4443700154624,484.18627624511726,624.8562622070312,409.7422180175781,728.1072387695312,484.32269287109375,1.134545026506578,-9.774101911272556,0.8992445876708736,0
71,5.917,3,car,353.457939529419,539.8725763956705,254.15097045898438,476.608154296875,453.0665283203125,539.9964599609375,0.04413953508634984,-0.11314610072581192,0.9296452845637712,0
71,5.917,4,car,779.7439941406251,538.9635976155602,695.7738037109375,461.59100341796875,863.24169921875,538.8504638671875,0.8020124162940278,-0.02481340680808832,0.9686458507819112,0
71,5.917,5,car,424.22168807983405,496.13944422403983,383.3775329589844,420.2093811035156,464.2158508300781,494.64593505859375,2.0677512032643897,-6.368179321289213,0.8721627661390585,0
71,5.917,6,car,585.0186927795411,539.9795115152997,504.97076416015625,442.84014892578125,661.6438598632812,540.0,-1.213109043666662,-0.006858607701078684,0.8142677031745942,0
71,5.917,8,person,72.885800186793,441.2218223571778,61.61739730834961,387.4895935058594,81.2511978149414,441.5807800292969,-0.567791502816385,-7.534221104213283,0.7786894075596468,40
71,5.917,49,person,46.02246316274008,439.6815930684408,36.80565643310547,388.79425048828125,53.72368240356445,439.68414306640625,-0.1607244219098801,-8.61902683803028,0.9348892113025581,44
71,5.917,9,car,203.5432104746501,536.2187316894531,116.949462890625,440.6565246582031,291.1409912109375,534.7158203125,4.317172459193593,-1.1120779854913634,0.6664382708902534,22
71,5.917,28,car,558.2765327453615,480.1571957906088,514.3931274414062,396.29144287109375,603.9266357421875,479.7752380371094,2.0359457833425103,-2.6121656145368983,0.7713470238665937,0
71,5.917,94,person,26.400783689816805,432.7142733256022,17.975204467773438,388.6479797363281,34.202301025390625,432.89813232421875,1.6738196100507488,-4.5356284005303396,0.901782935783785,38
71,5.917,91,person,727.5974800109865,433.1552673339844,716.4690551757812,377.2217712402344,735.7919921875,436.5565490722656,1.233441598074414,-2.426262555803777,0.8075481417347663,0
71,5.917,11,person,131.81816067165795,437.5247551812065,123.29782104492188,384.098388671875,140.34402465820312,438.1140441894531,1.941506958007852,-6.3777404785156335,0.9295681703766252,38
71,5.917,161,person,764.5345386323477,439.3409699939546,756.4060668945312,380.16864013671875,771.9464721679688,439.2512512207031,2.524281529018356,-6.268055943080468,0.9605236907802154,0
71,5.917,147,car,440.1722245089387,415.69014861191823,394.3813781738281,376.061279296875,494.88470458984375,415.6385803222656,-228.29568523480563,-8.40360009900153,0.94202623178308,44
71,5.917,168,person,646.1881103515625,415.56964111328125,637.1256103515625,376.45513916015625,655.2506103515625,415.56964111328125,0.0,0.0,0.0,0
71,5.917,173,car,203.54388427734375,535.2153930664062,112.75421142578125,439.10675048828125,294.33355712890625,535.2153930664062,0.0,0.0,0.0,0
71,5.917,17,truck,257.6012629555757,484.72868744472305,182.975341796875,353.8472900390625,336.7059326171875,488.90362548828125,-13.266877683243733,3.4018294424378506,0.49691202568404846,36
72,6.0,2,car,676.5414563496909,483.3795995076498,624.695556640625,409.70184326171875,728.3519897460938,484.2496643066406,1.1459459577287403,-10.036144147600545,0.9142657853858984,10
72,6.0,3,car,353.45853188832604,539.8956095377606,254.10690307617188,476.0589599609375,453.307861328125,540.0,-0.04279142107298482,-0.07366071428558713,0.9315038814196455,0
72,6.0,4,car,779.7085316975912,538.9110824584963,695.8825073242188,461.4329833984375,862.8433837890625,538.72607421875,0.6829258510044084,-0.07885306222072248,0.9647063928359895,0
72,6.0,5,car,424.2446427663169,495.2514859517416,382.7350769042969,419.14569091796875,464.5550231933594,494.51727294921875,1.9244221278598859,-6.936054774693194,0.8697745719480312,0
72,6.0,6,car,584.4116327921549,539.9856943766276,505.1825256347656,442.3060302734375,662.3707275390625,540.0,-2.1474269321984667,0.00374058314722766,0.8269014338577396,0
72,6.0,8,person,72.02773623466493,440.5833170572918,61.32978439331055,386.236083984375,81.0938949584961,440.8774719238281,-2.1297220230102583,-7.652741350446307,0.8199159039150055,42
72,6.0,49,person,45.809179735183726,439.0329523722332,36.878658294677734,387.7458190917969,54.06562805175781,439.4315490722656,-0.5021431241716418,-8.590521240234365,0.9364031729576299,49
72,6.0,9,car,203.6196250915528,535.9415237426758,112.75371551513672,438.7429504394531,293.1146545410156,536.86962890625,3.8999555315289864,-1.8256007603237652,0.6833871062186261,20
72,6.0,28,car,558.267089589437,479.8477338155112,513.2994384765625,395.7961730957031,603.1705932617188,479.0913391113281,1.6432682582309994,-2.5755471365789755,0.77549934263891,0
72,6.0,94,person,26.49312030076981,431.77828521728514,17.48880386352539,385.55950927734375,34.09296798706055,430.57220458984375,1.7934539999280774,-5.403502546037915,0.9021157595796817,43
72,6.0,91,person,726.2634974161786,433.7727953592937,712.17333984375,377.244140625,732.1634521484375,436.197265625,-0.6830069405691642,-1.3611942836214395,0.7247817343750709,10
72,6.0,11,person,131.72546802867535,437.3887689763849,122.61447143554688,383.58349609375,139.87210083007812,438.13812255859375,1.4593250621448621,-5.628386896306938,0.9169892677744992,40
72,6.0,161,person,764.5459398542134,438.79363904680525,756.513916015625,379.30535888671875,772.1188354492188,438.7648010253906,1.97332763672039,-6.337267194475433,0.9597352042146835,0
72,6.0,147,car,421.9197084000011,414.89917485680047,372.16900634765625,374.53240966796875,475.3502502441406,414.68310546875,-227.0994838699792,-8.544074962857632,0.943820727312213,49
72,6.0,168,person,646.0532836914062,415.8222351074219,636.8193969726562,375.9310607910156,655.2871704101562,415.8222351074219,0.0,0.0,0.0,0
72,6.0,173,car,202.88027954101562,536.8868408203125,110.07791137695312,438.4879455566406,295.6826477050781,536.8868408203125,0.0,0.0,0.0,0
72,6.0,17,truck,259.9355520248413,485.09417667388914,196.39517211914062,354.65179443359375,342.1838684082031,484.8075866699219,-9.181779956817731,3.7431630134581964,0.3146606702234378,34
72,6.0,176,car,584.5076599121094,502.4819030761719,524.6470336914062,443.35601806640625,644.3682861328125,502.4819030761719,0.0,0.0,0.0,0
73,6.083,2,car,676.4514315287273,482.76473592122403,624.6947021484375,410.4447021484375,727.2714233398438,483.97052001953125,0.8790723528184641,-9.925383649553272,0.9066694201859418,15
73,6.083,3,car,353.4599332809449,539.9186426798503,254.3913116455078,475.8375549316406,452.9442443847656,540.0,-0.09842213221940396,-0.034175327845547845,0.9324336571390686,0
73,6.083,4,car,779.6312014261882,538.8507863362631,696.0283203125,461.3434143066406,862.57666015625,538.6897583007812,0.4865413120818223,-0.14797537667368385,0.962165765868331,0
73,6.083,5,car,424.19828275044756,494.419105275472,382.375732421875,418.2657775878906,464.9992980957031,494.42767333984375,1.6234582083567375,-7.511155046735234,0.8836043753487088,0
73,6.083,6,car,583.8866142272951,539.9829386393232,505.72662353515625,442.12982177734375,662.7821044921875,539.9630126953125,-3.0442814418244617,0.0032435825898362637,0.8658546293575946,0
73,6.083,8,person,71.43682584762573,440.08713912963873,61.477073669433594,386.4501647949219,81.06121063232422,440.6757507324219,-3.0060491834367737,-7.5234492710656315,0.840007639615916,42
73,6.083,49,person,45.68438496589661,438.5871548970541,37.11602783203125,388.552490234375,54.069366455078125,439.44757080078125,-0.659308433532684,-8.259405081612414,0.9279178877833703,46
73,6.083,9,car,203.6742511113485,535.9471974690755,111.69393157958984,437.8462219238281,293.69537353515625,537.567138671875,3.6064933776857333,-1.9912301199773261,0.6851375502102826,0
73,6.083,28,car,558.1997444152832,479.6032091776532,512.3287353515625,395.5731201171875,602.7509765625,479.1000671386719,1.3957358224053367,-2.4810882568356614,0.774963499591492,0
73,6.083,94,person,26.294371104240415,431.04318059285487,17.45751953125,384.3552551269531,34.332698822021484,429.7987060546875,1.1383298737662229,-5.644321550641483,0.9046216854755131,43
73,6.083,91,person,724.7225491841634,434.6546669006349,709.8552856445312,377.5237731933594,730.8739013671875,437.11077880859375,-2.6213051932196727,0.08877607073135792,0.658448221696521,15
73,6.083,11,person,131.1784291700884,437.3856395374647,121.2826919555664,386.1826171875,138.20852661132812,438.3840026855469,0.3130691528320554,-4.829696377840652,0.8800129794137207,42
73,6.083,161,person,764.694897969564,438.39387257893895,756.933349609375,379.37591552734375,772.4130859375,438.57354736328125,1.9361615862162898,-6.029253278459702,0.9605162399184705,0
73,6.083,147,car,403.43011152543005,414.2494737864881,353.3404541015625,375.3181457519531,455.8169250488281,414.4138488769531,-226.47541817670484,-8.45476378821985,0.9458407158524188,46
73,6.083,168,person,645.9331665039062,415.91558837890625,636.6934204101562,375.8949279785156,655.1729125976562,415.91558837890625,0.0,0.0,0.0,0
73,6.083,173,car,202.4007568359375,537.3609008789062,109.32205200195312,438.4686584472656,295.4794616699219,537.3609008789062,0.0,0.0,0.0,0
73,6.083,17,truck,263.20788809918344,484.8555536537982,202.5920867919922,354.23565673828125,343.8424072265625,482.2916564941406,-3.556909361494346,3.5352797747674787,0.1509381322816612,0
73,6.083,176,car,585.0521545410156,503.5465393066406,523.9468994140625,443.15911865234375,646.1574096679688,503.5465393066406,0.0,0.0,0.0,0
74,6.167,2,car,676.2016387939454,482.4174379984539,624.6539306640625,411.37335205078125,726.1367797851562,483.8870849609375,0.411375209263066,-9.318181065150839,0.8842624113866878,18
74,6.167,3,car,353.4334145863851,539.9416758219403,254.79563903808594,475.679931640625,452.5712585449219,540.0,-0.22000318254766926,0.0053100585937477735,0.9357203010884242,0
74,6.167,4,car,779.5627568562827,538.7850250244142,696.3212890625,461.36431884765625,862.3092041015625,538.6594848632812,0.3208714076448238,-0.22784075055823919,0.9612052611872928,0
74,6.167,5,car,424.05738894144696,493.7083778381348,382.7619323730469,419.2458190917969,464.3072204589844,494.2477111816406,1.170095607212364,-7.875307355608376,0.8994508220447474,0
74,6.167,6,car,583.90379931132,539.9752075195313,507.1257019042969,442.0039978027344,664.35498046875,539.9385986328125,-3.025129263742058,-0.00299246651807878,0.8647036299502879,0
74,6.167,8,person,70.97211241722108,439.80557098388675,61.40861511230469,385.2682800292969,81.4398422241211,440.8119812011719,-3.6333432606288594,-7.069819859096257,0.8571642051707318,45
74,6.167,49,person,45.60380735397339,438.36075693766276,37.080257415771484,387.180419921875,54.632808685302734,439.6505126953125,-0.7982209886823642,-7.634726388114104,0.9137178192432169,46
74,6.167,9,car,203.60790452957156,535.8780064900717,111.40167236328125,437.43994140625,293.652099609375,537.9577026367188,3.1284663064138534,-2.442027936663164,0.6990881637732524,0
74,6.167,28,car,557.8178276062013,479.40936889648447,511.91607666015625,395.51312255859375,602.5986328125,479.02996826171875,0.45487452915724047,-2.330074637277026,0.7887697363526742,0
74,6.167,94,person,26.26211318969727,430.28213144938167,17.285812377929688,381.0030212402344,35.281341552734375,429.3603820800781,0.8454136439732064,-6.00209524972111,0.9021709529944539,46
74,6.167,91,person,723.20090230306,435.35541966756193,709.3959350585938,378.29730224609375,730.5618896484375,436.508056640625,-4.517876325334934,1.2783338274272489,0.6438328151393792,18
74,6.167,11,person,131.09935721372943,437.28207397460926,122.25631713867188,384.5424499511719,139.439453125,437.9968566894531,0.14846924468347236,-4.36183860085252,0.8793590761842931,42
74,6.167,161,person,764.7706610785589,438.10713365342866,757.016845703125,380.0859680175781,772.2425537109375,438.46240234375,1.754925537109808,-5.572479248047053,0.9563252446147453,0
74,6.167,147,car,385.905048915318,413.8459385463171,338.9277648925781,376.2633056640625,440.6701354980469,414.715576171875,-224.67823297055338,-8.053392576423652,0.9451157494275653,46
74,6.167,168,person,645.9606018066406,416.0731506347656,636.725341796875,375.96490478515625,655.1958618164062,416.0731506347656,0.0,0.0,0.0,0
74,6.167,173,car,201.88175582885742,537.4742431640625,108.4994125366211,437.9949645996094,295.26409912109375,537.4742431640625,0.0,0.0,0.0,0
74,6.167,17,truck,266.34847055567377,484.52921789188196,201.84814453125,354.4732971191406,341.3753356933594,481.8258972167969,2.877711381062475,3.1535598603806587,0.14960889781839748,0
74,6.167,176,car,584.6891479492188,501.2915954589844,525.6809692382812,442.993896484375,643.6973266601562,501.2915954589844,0.0,0.0,0.0,0
74,6.167,180,car,560.4552764892578,478.9782409667969,511.4095153808594,394.5794372558594,609.5010375976562,478.9782409667969,0.0,0.0,0.0,0
75,6.25,2,car,675.9181195576987,482.4075327555339,624.2890625,412.2533264160156,725.6895141601562,484.5395202636719,-0.0051230294363023374,-8.27859061104913,0.850184834973906,21
75,6.25,3,car,353.39819666544605,539.96470896403,255.31800842285156,475.7293395996094,451.8199462890625,540.0,-0.3128867013113553,0.04479544503348965,0.9376395637565391,12
75,6.25,4,car,779.5122098286947,538.7388768513998,696.3652954101562,461.1675720214844,862.4364013671875,538.7266845703125,0.18277195521774062,-0.28503505161835196,0.9626245793483112,0
75,6.25,5,car,423.9314337412517,493.210410308838,383.2641296386719,419.9698486328125,463.8636779785156,493.87872314453125,0.7854381016323287,-7.733929007394067,0.8984135015604435,0
75,6.25,6,car,584.5362556457521,539.9793807983399,526.9656982421875,470.8672180175781,647.6288452148438,539.9815063476562,-1.9223602294922686,0.006275285993254057,0.8219367377615061,0
75,6.25,8,person,70.68677042325339,439.6803438822429,61.90648651123047,385.65087890625,81.8202133178711,440.95343017578125,-3.9722971507481106,-6.435195922851739,0.8650063025533046,44
75,6.25,49,person,45.54231843948365,438.20397567749035,37.430908203125,388.7204895019531,54.47188949584961,439.5202331542969,-0.9183947426932292,-6.979055786132762,0.901577500100233,41
75,6.25,9,car,203.52916193008426,535.9681798299156,111.70084381103516,437.2217712402344,293.3522644042969,538.039794921875,2.6869748251779257,-2.447133963448352,0.6963580461885361,0
75,6.25,28,car,557.7015984853109,479.16591644287115,511.4198913574219,395.4570007324219,602.1541748046875,478.89154052734375,0.40203748430524694,-2.3527614048549372,0.7877125870432108,0
75,6.25,94,person,26.224552782376612,429.66206639607753,17.787900924682617,385.47247314453125,34.313140869140625,429.4977722167969,0.658326489584787,-6.219039916992356,0.9037982399427018,42
75,6.25,91,person,721.7509404500325,436.14350128173834,708.9515380859375,379.35211181640625,730.2816772460938,437.0976257324219,-6.247153145926675,2.5051470075334112,0.6542215722978397,21
75,6.25,11,person,130.9546309251052,437.0411752554086,122.11038970947266,385.1964416503906,138.96939086914062,437.36480712890625,-0.07775292029742452,-4.1853121243990605,0.8815866727956997,42
75,6.25,161,person,764.856895862926,437.96063620827397,757.3165283203125,381.4334411621094,772.1698608398438,438.56292724609375,1.6412242542613948,-4.970188210227632,0.9464775326735826,0
75,6.25,147,car,370.3337472892973,413.3886899759151,329.2025451660156,375.0254821777344,431.2374267578125,414.05950927734375,-220.75129496122116,-7.7869347354376375,0.9335606647081165,44
75,6.25,168,person,645.6879214332215,415.9959309895833,636.59228515625,377.03857421875,654.51123046875,415.82232666015625,-1.42593122209943,0.9443115234377046,0.9797295761472862,0
75,6.25,173,car,201.96649932861328,537.4197998046875,109.03956604003906,438.11749267578125,294.8934326171875,537.4197998046875,0.0,0.0,0.0,0
75,6.25,17,truck,270.5524713795656,484.08707967381577,201.74681091308594,354.6059875488281,339.5522766113281,480.9737854003906,12.793650536020635,2.686265223800495,0.3647177743281238,37
75,6.25,176,car,584.6676940917969,500.42498779296875,526.4238891601562,442.9032897949219,642.9114990234375,500.42498779296875,0.0,0.0,0.0,0
75,6.25,180,car,560.4895324707031,478.4954528808594,511.67291259765625,394.48150634765625,609.30615234375,478.4954528808594,0.0,0.0,0.0,0
76,6.333,2,car,675.6247662862143,482.5186347961427,623.7644653320312,411.804931640625,725.651611328125,484.3698425292969,-0.36954476492699556,-7.071406337192702,0.8344266769490536,22
76,6.333,3,car,353.3662344614666,539.9877421061199,255.4090576171875,475.5008850097656,451.49310302734375,540.0,-0.3534072875973376,0.0842808314735261,0.9381404473188882,12
76,6.333,4,car,779.4629486083986,538.7110743204753,696.2740478515625,460.8655090332031,862.6038818359375,538.7910766601562,0.04537353515688314,-0.3198617117743663,0.9657110607459118,0
76,6.333,5,car,423.7338603973389,492.87525380452485,383.05828857421875,420.0786437988281,463.7183532714844,493.86419677734375,0.30469469342929545,-7.35579398018937,0.8955127680138515,0
76,6.333,6,car,585.3174462636313,539.9880579630534,534.5629272460938,483.3604431152344,640.7017822265625,539.9982299804688,-0.5483165196007377,0.021352713448863133,0.8031036761449897,0
76,6.333,8,person,70.59976846377056,439.6676699320476,61.97748947143555,385.2927551269531,81.96424865722656,440.93621826171875,-3.863956751142184,-5.664860752650422,0.8536055030324121,44
76,6.333,49,person,45.538929128646856,438.19394912719736,37.45553207397461,388.5979309082031,54.661224365234375,439.6682434082031,-0.9207874570573741,-6.166922869000782,0.8863827637087615,44
76,6.333,9,car,203.4385692914327,536.2262715657553,111.86257934570312,437.0397033691406,293.1131286621094,538.2294921875,2.2849206651961613,-2.051482282365596,0.6852516111717308,0
76,6.333,28,car,557.500791803996,478.8817680358887,510.8786315917969,395.1413879394531,601.7709350585938,478.77490234375,0.25284314836816707,-2.5166028703959666,0.7849894881846634,0
76,6.333,94,person,26.13039434750875,429.12611694335936,17.87468910217285,387.17254638671875,33.815589904785156,429.3542175292969,0.4147228513445378,-6.332174246651501,0.9060181531661888,45
76,6.333,91,person,720.7414227803548,436.92639261881527,709.4855346679688,377.4387512207031,731.9781494140625,437.5052490234375,-7.344147164480496,3.610876464844133,0.686806585639375,22
76,6.333,11,person,131.0730050223214,436.8815011160714,122.93650817871094,385.09136962890625,139.93087768554688,437.42779541015625,0.08871842269063158,-3.9331762963599335,0.8823383356127207,42
76,6.333,147,car,355.7227171773495,413.21167033651585,318.40887451171875,374.67462158203125,419.13873291015625,413.9734802246094,-216.4138594585919,-6.944285848866658,0.9148996092176126,45
76,6.333,173,car,201.7151612781343,537.9552234468007,109.10778045654297,437.80316162109375,295.0980224609375,537.577880859375,-3.5880876813616576,4.637025669642416,0.9194827474308659,0
76,6.333,17,truck,271.0603061853493,483.47500395280645,200.59654235839844,353.9892272949219,338.6071472167969,481.2912902832031,12.002179764756777,1.5012180604234864,0.37883665491619545,39
76,6.333,176,car,584.6280212402344,500.0616760253906,526.3172607421875,442.4624328613281,642.9387817382812,500.0616760253906,0.0,0.0,0.0,0
77,6.417,2,car,675.4599314371746,482.7537752787273,623.8323974609375,411.50128173828125,726.45068359375,484.4021301269531,-0.5687935965404797,-5.746279907226957,0.8350128146562361,23
77,6.417,3,car,353.4181061426798,540.0107752482097,254.8995819091797,474.7880859375,451.8576354980469,540.0,-0.15773653302898252,0.1237662179126837,0.9424980829738482,9
77,6.417,4,car,779.4136113484701,538.7204025268554,696.18994140625,460.53131103515625,862.8400268554688,538.8722534179688,-0.10672694615003231,-0.28770839146231575,0.9715297775580625,0
77,6.417,5,car,423.5730681101482,492.59421717325847,382.8950500488281,419.6516418457031,463.9070739746094,493.5852355957031,-0.05893053327311143,-6.927456665039248,0.8918330922621899,0
77,6.417,6,car,586.10403213501,539.9876195271811,534.3870239257812,486.5662841796875,640.6114501953125,539.9603271484375,0.8758523123603716,0.025135149274298108,0.8165803110593637,0
77,6.417,8,person,70.53686839739483,439.6105725606283,61.320899963378906,384.97314453125,81.15959930419922,440.37286376953125,-3.5070768356323416,-4.976190621512467,0.8531327641940938,44
77,6.417,49,person,45.62151989936829,438.1874188741049,37.44501876831055,387.0375671386719,54.95012283325195,439.3668212890625,-0.7474697930472471,-5.404411533900742,0.8778498054491165,44
77,6.417,9,car,203.26926835378018,536.6956420898439,111.66659545898438,437.1090087890625,292.4452819824219,538.5053100585938,1.86556974138521,-1.1924246651786257,0.672675214002071,0
77,6.417,28,car,557.2065995534261,478.6082005818684,510.37176513671875,395.60455322265625,600.74365234375,478.89007568359375,0.07350311279266203,-2.7508693150117294,0.7825299852639882,0
77,6.417,94,person,25.99344658851624,428.79012832641604,17.06877326965332,384.8522644042969,34.19532012939453,429.6940002441406,0.1449941090174925,-6.191396222795876,0.9010548723730849,53
77,6.417,91,person,720.1940172831219,437.77291666666673,710.5864868164062,378.3787536621094,733.0507202148438,438.36224365234375,-7.72097037179159,4.649089704240791,0.7095137056272203,23
77,6.417,11,person,131.07078304290775,436.7169186909994,123.08505249023438,389.5511474609375,138.9961700439453,437.2289733886719,0.07678233555382123,-3.7306052071710183,0.8843110734826095,44
77,6.417,147,car,343.3558959444419,413.610389604017,307.58245849609375,373.0517578125,411.7327880859375,415.17596435546875,-208.77471145608385,-5.198968893247666,0.8891814521512473,53
77,6.417,173,car,201.54748657771518,538.1837310791014,108.6490249633789,437.7618408203125,294.7490234375,538.0015258789062,-3.224397386823282,4.199733189173893,0.9234727902284076,0
77,6.417,17,truck,271.87725570115504,481.9269229370033,204.81781005859375,354.0021057128906,337.8829345703125,477.1156921386719,11.760458966435788,-0.7060531856096528,0.3638112303547556,38
77,6.417,176,car,584.5734122140066,499.5164998372395,525.9685668945312,441.99517822265625,643.01025390625,499.8290100097656,-0.4748918805802272,-8.429370117187858,0.909686764220112,0
78,6.5,2,car,675.4761756896974,483.0502504984538,624.4299926757812,411.5242919921875,727.220458984375,484.3005065917969,-0.5377899169922921,-4.403651210239889,0.8517592998241055,0
78,6.5,3,car,353.5056704839072,540.0338083902997,254.9167022705078,474.4439697265625,451.70458984375,540.0,0.13154525756862842,0.16325160435270158,0.9571578369358645,0
78,6.5,4,car,779.4727915445964,538.7395401000978,696.2577514648438,460.2288818359375,863.013671875,538.8748779296875,-0.005927385602693086,-0.23420497349329414,0.9704266255761924,0
78,6.5,5,car,423.48938509623207,492.2436065673828,383.0939025878906,419.4389953613281,463.7695007324219,492.8497619628906,-0.21762673514226188,-6.6122680664061795,0.8900878564095998,0
78,6.5,6,car,586.5552781422933,539.9728179931641,531.5646362304688,487.2247314453125,641.5613403320312,539.8967895507812,1.724455261230451,0.011556570870272663,0.8399446009772817,0
78,6.5,8,person,70.47981799443566,439.5366111755372,60.76967239379883,384.2035827636719,80.66659545898438,440.02349853515625,-3.054464885166679,-4.366067504882832,0.8633040990828548,0
78,6.5,49,person,45.62081216176351,438.21133244832373,37.038143157958984,387.4709167480469,54.491477966308594,439.1886901855469,-0.6551968165806258,-4.651429530552503,0.8770571198934309,0
78,6.5,9,car,203.03377558390306,537.281392923991,111.91004180908203,437.1600036621094,292.09246826171875,538.6934814453125,1.3177982875279608,-0.1047912597655001,0.6696063867139846,0
78,6.5,28,car,556.4484795888264,478.2783030192058,509.28216552734375,395.3675537109375,598.8903198242188,478.37762451171875,-0.8867582048689571,-3.0092755998885146,0.7631060928712177,0
78,6.5,94,person,25.862237167358405,428.37469914754234,16.660287857055664,381.81121826171875,34.64495849609375,428.9223937988281,-0.1100375584193629,-6.14126979282912,0.9012557859042761,0
78,6.5,11,person,131.017365582784,436.4907007853191,123.2066650390625,390.2470703125,138.88536071777344,436.2408447265625,-0.06701169695170618,-3.459796142578149,0.891881313063945,0
78,6.5,173,car,201.551836013794,538.4136912027997,108.86763000488281,437.48944091796875,295.0005798339844,538.2456665039062,-2.569079262869586,3.911690848214675,0.923373457403837,0
78,6.5,17,truck,272.7553716471775,480.04277048061545,207.4789581298828,353.9758605957031,337.3931884765625,474.3244934082031,11.634747520011976,-2.957404924303542,0.3384549029699916,0
78,6.5,176,car,584.5056729997907,499.08599744524275,526.10791015625,441.70916748046875,642.8384399414062,499.3997802734375,-0.5528869628901725,-7.676291329519839,0.9132704209855989,0
79,6.583,2,car,675.5614074707033,483.56894810994464,623.9554443359375,411.6673278808594,728.3897705078125,485.500732421875,-0.44163992745474717,-3.0318276541570204,0.8424955967697103,0
79,6.583,3,car,353.5144844055177,540.0568415323893,255.75978088378906,474.7614440917969,450.7303466796875,540.0,0.21331133161306173,0.2027369907927092,0.9609224293291653,0
79,6.583,4,car,779.5935742696125,538.7577102661135,696.1029052734375,459.6321105957031,863.5440063476562,538.8681030273438,0.1930546351844337,-0.18489205496613612,0.9707180546269378,0
79,6.583,5,car,423.40791918436685,491.9736913045248,382.97393798828125,419.265869140625,463.8316345214844,492.7049255371094,-0.3584701538083758,-6.214816720144683,0.8874259025621188,0
79,6.583,6,car,586.4591247558595,539.9447484334311,527.7608642578125,487.0261535644531,642.6207885742188,539.9161376953125,1.592442103795184,-0.04457048688570716,0.8360210131905608,0
79,6.583,8,person,70.49247821172078,439.45486017862964,60.5565071105957,384.3460693359375,80.29503631591797,439.7806396484375,-2.4318258558000205,-3.8360844203402293,0.888913038098156,0
79,6.583,49,person,45.67090900739034,438.2576301574707,37.02128219604492,387.6337890625,54.65196228027344,439.03070068359375,-0.47289447784422384,-3.923603602817802,0.8814240834955344,0
79,6.583,9,car,202.65740410486862,537.939759318034,111.87957000732422,437.2788391113281,291.5082092285156,538.8927612304688,0.5335763658797492,1.0898594447548948,0.6789807886054523,0
79,6.583,28,car,555.294216410319,478.1450202941895,507.7228698730469,395.2671813964844,596.7243041992188,478.509033203125,-2.3305951799662954,-2.8619267054962534,0.7310389516535237,0
79,6.583,94,person,25.416877826054893,428.128959910075,14.299726486206055,376.0422058105469,34.079349517822266,429.1334533691406,-0.6969619478498054,-5.865567888531988,0.8821389225099878,0
79,6.583,11,person,131.13493436177575,436.04390411376954,123.58492279052734,388.189697265625,139.81321716308594,435.38494873046875,0.0287534441267603,-3.604569789341183,0.8873973303350329,0
79,6.583,17,truck,274.0570508183389,477.31752641040424,210.42994689941406,353.68328857421875,336.3199462890625,470.28643798828125,12.656941664581192,-6.308299974972836,0.2859574407762323,0
79,6.583,176,car,584.3326822916669,498.70053609212243,525.9220581054688,441.477294921875,642.387939453125,499.05645751953125,-0.8574872698102217,-7.066140311104683,0.9147944363551164,0
80,6.667,2,car,675.770039621989,484.2117841084799,624.0758056640625,411.7062683105469,729.5302124023438,486.1242370605469,-0.22143598284084462,-1.6316959926062609,0.8324812404615503,0
80,6.667,3,car,353.5248161951701,540.0708170572918,255.67318725585938,474.3316650390625,450.86688232421875,540.0,0.27845600673118914,0.2189313616068561,0.9636860384898907,0
80,6.667,4,car,779.6510645548503,538.7894337972007,695.759521484375,459.0911560058594,863.795166015625,538.9031982421875,0.24562029157339155,-0.11541399274573984,0.9699763263345978,0
80,6.667,5,car,423.37645098368336,491.67730662028004,382.93023681640625,418.6844482421875,464.093017578125,492.3038024902344,-0.40550994873055685,-5.9177777971542485,0.8848719718493487,0
80,6.667,6,car,586.4205696105957,539.9432662963867,525.485107421875,486.6606140136719,645.4237670898438,539.9733276367188,1.517652675083261,-0.049210902623111966,0.8342680899346845,0
80,6.667,8,person,70.65110284487407,439.4218083699545,60.73842239379883,382.5686340332031,81.15868377685547,439.85302734375,-1.7145620891026327,-3.3297912597656314,0.913294722941592,0
80,6.667,49,person,45.694923988978076,438.4182484944662,36.34551239013672,385.45135498046875,54.898399353027344,439.1427917480469,-0.3067390169416489,-3.059425571986722,0.8959906686732014,0
80,6.667,9,car,202.17722953160606,538.6255035400391,111.9598388671875,437.416259765625,290.8775329589844,538.9557495117188,-0.40304440089651555,2.3222848074772977,0.7066283617632649,0
80,6.667,28,car,554.7698657989503,477.8855298360189,509.11981201171875,394.49603271484375,598.3327026367188,478.14666748046875,-2.7379518781391665,-2.9931060791018798,0.7284179346160862,0
80,6.667,94,person,24.928422848383587,427.9470878601074,13.796712875366211,374.4304504394531,33.74440383911133,429.03955078125,-1.2931345530918796,-5.526134817941244,0.86570226898461,0
80,6.667,11,person,131.30991655985517,435.5228637695313,123.56768798828125,386.7922668457031,140.09645080566406,434.6533203125,0.24923727852947716,-3.821557617187694,0.8803975261756214,0
80,6.667,17,truck,274.8777834809346,474.73048354439123,210.04837036132812,353.5517272949219,336.20318603515625,470.3677673339844,12.718449086728524,-9.62820063051967,0.2783903322238841,0
80,6.667,176,car,584.079497612847,498.22764960394943,526.140380859375,441.41497802734375,641.4199829101562,498.41864013671875,-1.2423217773437982,-6.82058105468771,0.9169123170921816,0
81,6.75,2,car,675.867461649577,484.56434020996113,624.328857421875,411.53619384765625,728.6432495117188,485.0610046386719,-0.1595502580915166,-0.6921439034596379,0.8496992471823729,19
81,6.75,3,car,353.415279642741,540.0539764404297,256.5166015625,474.75006103515625,449.79522705078125,540.0,0.06315569196424171,0.15733991350431697,0.9642056563259799,0
81,6.75,4,car,779.6734560648601,538.8290044148765,695.9735717773438,459.0958251953125,863.5816040039062,538.9407958984375,0.21647644042979053,-0.04067295619394251,0.9703957055940764,0
81,6.75,5,car,423.38895988464367,491.48938395182296,382.8277587890625,418.37432861328125,464.31689453125,492.2183532714844,-0.3602711268833538,-5.465332031249859,0.8819443551400105,0
81,6.75,6,car,586.190119425456,539.9482091267904,523.0894165039062,486.4154968261719,647.3087768554688,539.9935302734375,1.0331229073663646,-0.04343000139504684,0.8294134913467995,0
81,6.75,8,person,70.57952025731406,439.4064506530762,60.46282958984375,383.3710632324219,80.58671569824219,439.83428955078125,-1.5365450722830558,-2.8775299072264873,0.9193948941305108,0
81,6.75,49,person,45.8422022342682,438.55029652913424,36.96823501586914,386.76361083984375,55.30214309692383,439.07525634765625,-0.012023735046383219,-2.3574122837612075,0.9086280361685045,0
81,6.75,9,car,201.6975019137065,539.2265213012696,112.05718994140625,437.48553466796875,290.2991638183594,538.912353515625,-1.2399348122732634,3.340128871372812,0.7400381919769535,0
81,6.75,28,car,553.2843011220298,477.6646174112957,507.3857421875,394.0799255371094,595.976318359375,478.07562255859375,-5.051769365583205,-3.06106044224337,0.7848616911925994,0
81,6.75,11,person,131.3486359914144,435.05410486857096,123.48259735107422,386.17095947265625,140.1143341064453,434.25604248046875,0.14503587995251538,-3.9032030378069433,0.8805411627340828,0
81,6.75,17,truck,275.4167427891568,472.3494285335996,210.27789306640625,353.424560546875,336.9495544433594,470.91326904296875,12.121021248154308,-12.822525364454847,0.3163520066365004,0
81,6.75,176,car,583.8979081587356,497.8822942560368,526.1543579101562,441.33172607421875,641.3456420898438,498.30487060546875,-1.3902299360796755,-6.39800470525586,0.9173822930182416,0
81,6.75,161,person,765.026389770508,437.48413330078125,757.0440673828125,379.22943115234375,772.3890991210938,438.5290222167969,0.8826635742190801,-2.6713183593749683,0.9037149347734563,0
81,6.75,91,person,719.0589962480082,439.5771604319711,712.21630859375,377.1808166503906,734.80810546875,437.83203125,-6.787019602802606,5.530509130925705,0.6387568260936346,19
82,6.833,2,car,675.8565795898438,484.7631802876791,624.1056518554688,411.22088623046875,728.0941162109375,484.6835632324219,-0.2323242187495589,-0.08938555036232877,0.8663394756543326,0
82,6.833,3,car,353.295572980245,540.0199437459311,256.4410705566406,474.3717346191406,449.9593811035156,540.0,-0.18737869262671542,0.05767560686418495,0.9736470001296103,0
82,6.833,4,car,779.6742609659832,538.8585708618165,696.1997680664062,459.2067565917969,863.1808471679688,538.9674682617188,0.17254028320364903,-0.001525006975067439,0.9705188718425274,0
82,6.833,5,car,423.4169167836507,491.52243525187185,382.6825866699219,418.285400390625,464.32086181640625,492.2123107910156,-0.2570768083843054,-4.587962559290835,0.8969106954935532,0
82,6.833,6,car,586.0110991160075,539.9556889851889,521.0855102539062,486.0906982421875,649.3885498046875,540.0,0.6854245867053381,-0.03270002092603959,0.8264002462739513,0
82,6.833,8,person,70.41633809407553,439.43641052246113,60.237998962402344,383.3155822753906,80.33232116699219,439.7818298339844,-1.5734383719307319,-2.381610979352273,0.9273047693289042,0
82,6.833,49,person,45.9866700967153,438.6765225728354,36.871742248535156,387.37493896484375,55.18716049194336,439.05206298828125,0.3015322821481278,-1.7520983014784917,0.9274208021398367,0
82,6.833,9,car,201.3159090995789,539.7281773885093,112.58360290527344,437.6484680175781,290.0146484375,538.8766479492188,-1.8606361934115732,4.116286795480323,0.7748298418459009,0
82,6.833,28,car,551.9102230072021,477.4523969014486,506.94708251953125,393.6980895996094,594.5186157226562,477.6036071777344,-6.817796761648595,-3.0132110595699895,0.8274701162264655,0
82,6.833,11,person,131.4630705833435,434.63891016642253,123.15153503417969,384.9018249511719,140.21337890625,434.2662353515625,0.30480243137909446,-3.985752214703994,0.8796168210869547,0
82,6.833,17,truck,273.8318602657882,469.7206025795117,203.0590057373047,353.7602844238281,330.3905029296875,469.9682312011719,8.510345368695596,-16.51743532440386,0.33664336981541965,0
82,6.833,176,car,582.9256952459164,497.0557528409093,524.9720458984375,441.0411071777344,637.209228515625,496.4270935058594,-2.858276367187542,-6.900932173295449,0.8725680437083575,0
82,6.833,94,person,25.01320524215699,427.3875016432541,16.041423797607422,373.3661804199219,35.94139099121094,427.70831298828125,-1.0098961169903038,-4.914909407937504,0.8583963003025363,0
83,6.917,2,car,675.7239227294922,484.8710879007976,623.4994506835938,411.25897216796875,727.1478881835938,484.4996032714844,-0.35858851841538153,0.28957214355449795,0.8764260720016719,0
83,6.917,3,car,353.19618924458825,540.0069417317708,256.6286315917969,474.2536926269531,449.6991882324219,540.0,-0.3654830932617945,0.01983816964254582,0.9806231986280679,0
83,6.917,4,car,779.6990036010745,538.8933502197267,696.3642578125,459.1424865722656,863.0618896484375,538.9698486328125,0.1913373674664614,0.05242571149540931,0.9704787566523226,0
83,6.917,5,car,423.4383829752605,491.6529276529948,382.6236267089844,418.1793212890625,464.37701416015625,492.1550598144531,-0.18048444475447945,-3.595511300223446,0.9370097132029869,0
83,6.917,6,car,585.9883150736491,539.9651524861654,519.435791015625,485.9901428222656,651.0117797851562,540.0,0.751385062081185,-0.016476876395250674,0.8278320348621593,0
83,6.917,8,person,70.39308171272278,439.41117121378596,60.198001861572266,383.1153564453125,80.30640411376953,439.7660827636719,-1.2854630878993614,-2.1059260777064335,0.9366899004927127,0
83,6.917,49,person,46.023774766922,438.81403884887703,36.61500930786133,387.5671081542969,55.02315902709961,439.02667236328125,0.3942738941737377,-1.1825147356307453,0.9506629243516175,0
83,6.917,9,car,200.99828090667728,540.1486139933269,113.01644134521484,437.6175537109375,289.85675048828125,538.7747802734375,-2.367317308698474,4.732054792131295,0.8154361447008001,0
83,6.917,28,car,550.8844013214112,477.3061645507812,507.5806579589844,393.75250244140625,594.124755859375,477.3014221191406,-7.837371172224047,-2.7757324218751176,0.8668402680502758,0
83,6.917,11,person,131.51149717966717,434.2426277160644,122.76659393310547,382.71112060546875,140.29676818847656,433.96002197265625,0.3501241411480806,-4.039221627372019,0.8792549665611427,0
83,6.917,17,truck,271.56514827183315,467.99275251116063,196.81463623046875,353.2198486328125,328.8925476074219,472.3883972167969,4.580212871845037,-18.769742391397546,0.3009650329617527,0
83,6.917,176,car,581.8502760667068,496.1674749912359,524.6289672851562,441.1106262207031,635.0674438476562,495.41851806640625,-4.168722512839096,-7.391158524093378,0.8397325903233226,0
83,6.917,94,person,25.371251536693492,427.1572981948745,16.80105972290039,373.4959411621094,36.67009353637695,427.53912353515625,-0.5555608450777859,-4.672777390580792,0.846428740152986,0
84,7.0,2,car,675.5408602396651,484.9554033915203,622.1717529296875,409.9779357910156,727.4747314453125,484.5650329589844,-0.4725808279852359,0.55046343122196,0.8809130007086575,0
84,7.0,3,car,353.0821185429892,540.0020538330078,256.71527099609375,474.1848449707031,449.2967224121094,540.0,-0.5291463579448678,0.005780901227574809,0.9864607034235571,0
84,7.0,4,car,779.7250864664716,538.9452072143555,696.3932495117188,459.0337829589844,862.8811645507812,538.9832153320312,0.24239501953123244,0.14705723353807434,0.9729131549051603,0
84,7.0,5,car,423.4431624094646,491.65900599161796,382.674072265625,417.94512939453125,464.45538330078125,491.9035949707031,-0.17496446881986344,-2.9862945556640046,0.966410456644785,0
84,7.0,6,car,586.16589012146,539.974615987142,518.5247802734375,485.8100280761719,653.5079345703125,540.0,1.0581083025254894,-0.00025373186388321956,0.8321373088101783,0
84,7.0,8,person,70.26618801752726,439.3817108154297,60.25130081176758,383.18414306640625,80.20243072509766,439.5247497558594,-1.3173102787563178,-1.8233276367187115,0.9410932615852506,0
84,7.0,49,person,45.980952803293874,438.8377672831218,36.210514068603516,385.9137878417969,55.21486282348633,438.8152160644531,0.31022594996860325,-0.900155639648533,0.9599636558818679,0
84,7.0,9,car,201.0555224100749,540.0689473470053,113.50692749023438,437.2949523925781,290.12255859375,538.6458129882812,-2.0386871337890344,4.12298060825876,0.80351731107146,0
84,7.0,28,car,550.8643343607587,477.4497037251791,510.7710876464844,394.818603515625,596.9298095703125,477.6769714355469,-7.37283717564158,-2.005369785853649,0.849911940909672,0
84,7.0,11,person,131.54114392598473,433.7082811991375,122.48385620117188,381.5133972167969,140.09288024902344,433.45343017578125,0.43243037632536085,-4.40223083496094,0.8831230545108415,0
84,7.0,17,truck,268.9321404774984,468.2236607869467,191.74935913085938,353.413818359375,327.19512939453125,473.8564147949219,0.8378363473074403,-16.541400146484314,0.18195171805117583,0
84,7.0,176,car,581.8442144708321,495.85435636750935,526.569091796875,441.4612731933594,638.9215698242188,496.6537780761719,-3.6772045093577495,-6.955110319368169,0.8363299521187202,0
84,7.0,94,person,25.699146285264398,427.0415480903958,16.893041610717773,373.3293762207031,36.706886291503906,427.2071838378906,-0.136762146327796,-4.146867569632897,0.8459250787591446,0
84,7.0,203,truck,201.22011184692383,537.7893676757812,113.15662384033203,437.85809326171875,289.2835998535156,537.7893676757812,0.0,0.0,0.0,0
85,7.083,2,car,675.3842081705731,484.90781377156577,621.9061279296875,409.168701171875,727.6857299804688,484.2144470214844,-0.5473493303567136,0.5630427769255274,0.8798726652976052,0
85,7.083,3,car,352.9938062032064,540.0003835042319,256.8260498046875,474.0407409667969,449.16595458984375,540.0,-0.6293400355745576,0.0010620117190272076,0.9917331133388689,0
85,7.083,4,car,779.8401336669923,538.9728357950846,696.6602172851562,458.7324523925781,863.1572265625,538.858642578125,0.43375592912978955,0.21835327148474115,0.9824076607241301,0
85,7.083,5,car,423.49679082234707,491.60414352417,382.5446472167969,417.5566711425781,464.84527587890625,492.0155944824219,-0.08519243512816288,-2.682056971958327,0.9643815161166236,0
85,7.083,6,car,586.1772351582847,539.9840794881186,516.4376220703125,485.13555908203125,655.5379028320312,540.0,0.9461412702292232,0.015969412667609168,0.8319971616117765,0
85,7.083,8,person,70.21666239102682,439.3305452982586,60.64777374267578,384.4566345214844,80.25106811523438,439.42706298828125,-1.2565625054495595,-1.6275996616905013,0.9426261220071415,0
85,7.083,49,person,45.93398497899374,438.7732650756837,35.824485778808594,383.680908203125,55.51188278198242,438.5555114746094,0.2318169185093652,-0.8065141950331994,0.9620614986023006,0
85,7.083,9,car,201.0916977246603,539.4329188028972,113.41463470458984,436.92205810546875,289.9256286621094,538.5311889648438,-1.7609640393936674,2.2086992536275263,0.884493342604601,0
85,7.083,28,car,551.8505814870199,477.08877563476574,513.5690307617188,393.7777404785156,600.1813354492188,476.3376159667969,-5.386424691335957,-2.2000069754461156,0.7396347745381553,0
85,7.083,11,person,131.68315149943035,433.4257298787434,122.89598846435547,384.13287353515625,140.3114013671875,434.5564270019531,0.6964063371931499,-4.575991385323557,0.8970179131895282,0
85,7.083,17,truck,267.97194544474286,467.6989283243816,204.4296112060547,353.66973876953125,334.3914489746094,469.68505859375,-1.9420989990232738,-15.25893467494392,0.25770815697064653,0
85,7.083,176,car,582.202822440011,495.73263898577,527.5060424804688,441.51251220703125,640.7420654296875,497.0553894042969,-2.7904822716344624,-6.3446101262018235,0.8120171825951202,0
85,7.083,94,person,26.05909856924766,426.8575416312982,17.05750274658203,373.16204833984375,36.75370407104492,426.67535400390625,0.37973193693980745,-3.7301233087535444,0.8513077420630498,0
85,7.083,203,truck,201.392578125,537.5772705078125,113.03933715820312,437.2861328125,289.7458190917969,537.5772705078125,0.0,0.0,0.0,0
85,7.083,204,car,629.4480285644531,412.26727294921875,576.113037109375,371.9145202636719,682.7830200195312,412.26727294921875,0.0,0.0,0.0,0
85,7.083,161,person,764.3847825370503,437.75711124616646,756.2205200195312,376.7748107910156,771.901123046875,437.53656005859375,-0.11675331562942717,-1.0088873908958642,0.9493782248686994,0
86,7.167,2,car,675.5715047200523,484.8478813171387,622.8621826171875,409.11090087890625,729.236083984375,484.4729919433594,-0.17682756696446547,0.4431243896481072,0.8787590903325471,0
86,7.167,3,car,352.9284983317058,540.0,256.81085205078125,473.8440856933594,449.0970458984375,540.0,-0.6664620535715888,-2.296556775582213e-13,0.9933329935472879,0
86,7.167,4,car,779.9028358459473,538.9887237548828,696.3719482421875,458.2906188964844,863.4087524414062,538.908447265625,0.497519792828918,0.2389630998880034,0.9845968407495498,0
86,7.167,5,car,423.59289677937835,491.6501419067383,382.36029052734375,417.4542541503906,465.251953125,492.5439758300781,0.07848292759480358,-2.3629786900114915,0.9483351022437648,0
86,7.167,6,car,585.5489852905274,539.9935429890952,513.3933715820312,484.7329406738281,655.2157592773438,540.0,-0.24483032226602466,0.032192557198429714,0.8404330512614244,0
86,7.167,8,person,70.20008982022605,439.2673904418946,60.91664123535156,385.32684326171875,80.31074523925781,439.30096435546875,-1.1911892754691178,-1.4753147670202165,0.9428248136548993,0
86,7.167,49,person,45.82066532770793,438.62629114786785,35.553497314453125,382.0523986816406,55.69554138183594,438.392578125,-0.0035710471017209007,-0.9108620779858229,0.9636447493064975,0
86,7.167,9,car,201.2569466908773,539.0652099609378,113.727783203125,436.8834228515625,289.7520751953125,538.5146484375,-1.214217485700477,1.1441894531249113,0.9306495723184086,0
86,7.167,28,car,553.1921468098959,476.7911951700847,514.28369140625,393.35235595703125,602.2059326171875,476.3666076660156,-2.982019042968863,-2.320587158203441,0.6666519238033058,0
86,7.167,11,person,131.65181026458743,433.1972585042318,121.73980712890625,381.5587463378906,139.95436096191406,434.0357360839844,0.7539743695939753,-4.5015642438617425,0.8968071247003317,0
86,7.167,17,truck,266.83644631703703,467.3520009358724,205.034912109375,353.8224182128906,334.0000915527344,468.3761901855469,-4.994596317836266,-13.507674734933245,0.40413225559404053,0
86,7.167,176,car,582.7749094645183,496.0663332621258,526.9686889648438,441.44970703125,643.630859375,498.77252197265625,-1.7916346958710296,-5.2740299769810814,0.7611134139112656,0
86,7.167,94,person,26.3791978420989,426.68677263803454,17.178972244262695,373.13092041015625,36.7648811340332,426.2228698730469,0.8153151615913753,-3.253284956383378,0.8680766217773179,0
86,7.167,203,truck,201.49895477294922,537.5413818359375,113.34623718261719,437.44635009765625,289.65167236328125,537.5413818359375,0.0,0.0,0.0,0
86,7.167,161,person,764.1565828428163,437.54607869242557,756.2276611328125,377.2575988769531,771.7460327148438,437.30230712890625,-0.43514134333709087,-1.0519321148214131,0.9537493703445954,0
86,7.167,91,person,724.7879435221356,437.54680213046964,714.575927734375,379.1805419921875,735.6485595703125,436.785400390625,4.0540771484374565,0.48255663579049635,0.833044140616316,0
87,7.25,2,car,675.9265785217285,484.68196334838876,623.8738403320312,409.4809875488281,729.47705078125,484.09027099609375,0.4145363943914594,0.1769099644252813,0.8762626587269202,0
87,7.25,3,car,352.89710706075033,540.0000000000001,257.164306640625,473.90191650390625,448.77996826171875,540.0,-0.636247689383447,-7.844453947190354e-14,0.9926281669975688,0
87,7.25,4,car,779.9498522440595,539.0103246053061,696.301513671875,458.0254821777344,863.5883178710938,539.0067138671875,0.5116084507533079,0.24392002650662906,0.9847037908374499,0
87,7.25,5,car,423.68171628316253,491.7210912068686,382.4323425292969,417.3592529296875,465.28887939453125,492.5007629394531,0.20610940115810703,-2.0108930315289886,0.9388720192379559,0
87,7.25,6,car,584.8288913726807,540.0030064900718,511.9087219238281,484.6090087890625,655.6287841796875,540.0,-1.4783772059849187,0.04841570173014784,0.8586226828448178,0
87,7.25,8,person,70.24297569592794,439.13814061482753,61.33522415161133,386.3677978515625,80.45992279052734,439.1796569824219,-1.08175449371343,-1.5028499058316316,0.9387420197802517,0
87,7.25,49,person,45.72839889526367,438.4524388631185,35.6534538269043,382.3164367675781,55.615333557128906,438.287109375,-0.1802849905831619,-1.0781014578683694,0.9675949048544306,0
87,7.25,9,car,201.2991558392843,538.807369486491,113.55882263183594,436.158203125,289.65179443359375,538.1739501953125,-0.9899873461042039,0.5531119210379344,0.9347483638525416,0
87,7.25,28,car,554.4716091156006,476.6563563028971,513.9652099609375,393.3806457519531,602.8416748046875,477.0647277832031,-0.8079038347515932,-2.320126778738867,0.6339346612464727,0
87,7.25,17,truck,266.65081755320233,466.67554677327485,205.14048767089844,353.7860412597656,333.3312683105469,467.14898681640625,-5.306686510358628,-12.64918474469867,0.4150848694550543,0
87,7.25,176,car,583.3541547139486,496.51815617879237,527.2105102539062,441.4833679199219,644.4645385742188,499.17022705078125,-0.9506273542132119,-4.1209991455078265,0.7172796997805766,0
87,7.25,94,person,26.632978044429294,426.270333905287,17.281475067138672,373.1540832519531,36.72020721435547,425.78948974609375,1.1075467430827906,-3.4131073193422723,0.8664366273377756,0
87,7.25,161,person,764.112308398564,437.4489413677183,756.5230102539062,377.88330078125,771.8876342773438,437.4344177246094,-0.5573818113023271,-1.064648627001032,0.9591016257110448,0
87,7.25,91,person,725.5758701641777,437.261564068311,715.0867919921875,379.89520263671875,735.7881469726562,437.1322326660156,5.021101265440044,-0.04318309568531131,0.8971431294657748,0
88,7.333,2,car,676.2403991699221,484.5469815572104,623.66796875,409.324951171875,729.9695434570312,484.3558044433594,0.8570068359380509,-0.0985198974605221,0.8775176606028979,0
88,7.333,3,car,352.8895950317384,540.0,257.4614562988281,473.9195251464844,448.572021484375,540.0,-0.5747209821424987,3.4139485529203205e-13,0.9909805456026528,0
88,7.333,4,car,779.9938763936364,539.0220143636068,696.4824829101562,457.9252014160156,863.5697021484375,539.0147705078125,0.5043810163230233,0.22681535993336033,0.9848628948487047,0
88,7.333,5,car,423.7467586517335,491.88101119995116,382.30413818359375,417.3720397949219,465.2180480957031,492.7097473144531,0.3092017037530701,-1.5404100690565776,0.9321075949511228,0
88,7.333,6,car,583.6314058939616,540.0075383504231,509.5490417480469,484.897705078125,653.5088500976562,540.0,-3.21973310198065,0.0519574846543387,0.8641186331113733,0
88,7.333,8,person,70.29191338221231,439.0324788411459,61.30230712890625,386.88397216796875,80.4146728515625,439.2129211425781,-0.9509296417236085,-1.5168038504460517,0.9352346147258797,0
88,7.333,49,person,45.648043584823625,438.2906748453776,35.70610809326172,382.37890625,55.561798095703125,438.20989990234375,-0.32275191715780066,-1.2139630998881015,0.9729799233020913,0
88,7.333,9,car,201.3828176180522,538.6750737508137,113.79817199707031,436.17156982421875,289.744873046875,538.4435424804688,-0.7410665784561745,0.22615879603818317,0.9376008366699139,0
88,7.333,17,truck,267.5584177652995,465.8697982788086,208.1461944580078,353.9555969238281,335.02783203125,466.1753234863281,-3.5644880022319594,-12.188601248604487,0.39231490907832134,0
88,7.333,176,car,584.0368863423668,497.2963732401531,527.3348388671875,441.6738586425781,644.8709716796875,499.5908508300781,0.09968392508433442,-2.3348340715677565,0.7043435427952607,0
88,7.333,94,person,26.90738550935472,425.8377645220075,17.47296905517578,373.11077880859375,36.877220153808594,425.62139892578125,1.432528127942765,-3.6779754638670643,0.8692518437665847,0
88,7.333,161,person,764.1515648959362,437.37286306998794,756.768798828125,378.27093505859375,771.9938354492188,437.44866943359375,-0.49884933865175457,-1.0998793987286672,0.9574038966821732,0
88,7.333,11,person,131.55223168593187,432.9537386380709,122.96571350097656,387.1649475097656,139.65682983398438,434.16851806640625,0.3725756673417782,-3.881724990754476,0.8900363654126849,0
89,7.417,2,car,676.4071317036949,484.4150939941407,623.1716918945312,408.982421875,730.0699462890625,484.4544982910156,1.002781023297593,-0.3894601004466237,0.8817324680785616,0
89,7.417,3,car,352.8927746454875,540.0,258.3735656738281,474.52398681640625,447.5964050292969,540.0,-0.48944582257959957,-2.296556775582213e-13,0.9916603190028402,0
89,7.417,4,car,780.0564323425297,539.0008921305339,696.8135375976562,457.8521728515625,863.5276489257812,538.9293212890625,0.5138658796036275,0.15976736886148424,0.984837650206582,0
89,7.417,5,car,423.7980805714926,492.0950266520183,382.34918212890625,417.3908996582031,465.2434387207031,492.85516357421875,0.367269679478135,-1.014378138951193,0.9291752252433136,0
89,7.417,6,car,582.6124116261801,540.0078903198242,508.94580078125,485.1261901855469,653.3856811523438,540.0,-4.443768964495422,0.04554356166277217,0.8681985388140016,0
89,7.417,8,person,70.38171091079714,438.9360918680827,61.15810012817383,385.8580322265625,80.64093780517578,439.0248107910156,-0.7370241982596738,-1.4777906145369704,0.9315987635524993,0
89,7.417,49,person,45.58133964538574,438.170723215739,35.62214279174805,382.0352478027344,55.47614669799805,438.1429138183594,-0.40197143554690434,-1.247297450474451,0.9739614389822868,0
89,7.417,9,car,201.43025344212853,538.601971435547,113.95938873291016,436.4165344238281,289.2779846191406,538.5636596679688,-0.5559538160052055,0.031588309151502944,0.9411808988261379,0
89,7.417,17,truck,268.4808537801107,465.3215258280436,209.16220092773438,354.0563049316406,335.56890869140625,465.83050537109375,-2.0693193708148465,-11.300452096121955,0.37473890198616844,0
89,7.417,176,car,584.6973630269371,497.9849688212077,527.2054443359375,441.7080383300781,645.4341430664062,500.0549011230469,1.0455701555524322,-1.0130480085102647,0.6906550296676484,0
89,7.417,94,person,27.193692473046475,425.5120340149475,17.464481353759766,373.5411682128906,36.84968185424805,425.8594970703125,1.8351058842735986,-3.8469453662669815,0.8811453651891986,0
89,7.417,161,person,764.0918105866748,437.2293545853782,756.47802734375,377.9060974121094,771.7518920898438,437.22821044921875,-0.5873892387866999,-1.2887370600618495,0.960660560317648,0
89,7.417,11,person,131.5458315054352,433.0068660504727,123.12752532958984,386.2533874511719,140.06129455566406,433.6790771484375,0.27878001311269207,-3.3297149442987366,0.8888383000041337,0
90,7.5,2,car,676.3306317647299,484.2756388346355,621.8970336914062,407.4913635253906,730.0332641601562,484.1219177246094,0.7601113455635007,-0.5808000837053516,0.8818300738777717,0
90,7.5,3,car,352.8953836441041,540.0000000000001,258.7314453125,474.74188232421875,447.2156066894531,540.0,-0.41692167009625647,-7.844453947190354e-14,0.9922003580593083,0
90,7.5,4,car,780.1390495300295,538.9711425781251,697.1920776367188,457.9331359863281,863.3976440429688,538.8844604492188,0.5533224923270158,0.09073660714274333,0.9836688379157197,0
90,7.5,5,car,423.8835084279379,492.3405746459961,382.4607849121094,417.39892578125,465.4358825683594,493.045166015625,0.4697825840539915,-0.4981750488282038,0.927913053823453,0
90,7.5,6,car,582.3452997843426,540.0124282836915,509.7557067871094,484.9465026855469,656.1337890625,540.0,-4.404243687221038,0.051209368024704834,0.8674719085691611,0
90,7.5,8,person,70.57240589459738,438.86585235595714,61.29537582397461,385.9896545410156,80.74556732177734,438.8700866699219,-0.31378955841062534,-1.3601048060826757,0.9351864120423393,0
90,7.5,49,person,45.609646034240725,438.06736653645845,36.543155670166016,385.8551940917969,55.17314910888672,438.12750244140625,-0.3427894592285257,-1.265311104910639,0.9725024964812441,0
90,7.5,9,car,201.4890108108521,538.5125559488934,114.01575469970703,436.248779296875,289.1277770996094,538.5135498046875,-0.3461082458495589,-0.17583879743296288,0.9486763002090213,0
90,7.5,17,truck,269.35156485239673,464.999195098877,209.6637725830078,354.0074462890625,335.8569641113281,465.58087158203125,-0.8179089137485812,-10.093828909737837,0.36662959814988083,0
90,7.5,176,car,585.2853617350261,498.2608683268231,528.427734375,441.7923583984375,643.9730834960938,498.6973876953125,1.87840053013409,-0.3426374162944069,0.6963095219151348,0
90,7.5,94,person,27.377925070332736,425.29528807012525,17.24888801574707,373.5206604003906,36.622005462646484,425.8927307128906,2.0660128855334783,-3.8156929292826263,0.8869123990541614,0
90,7.5,161,person,763.973659434217,437.0151763266704,756.209228515625,377.3885803222656,771.6055297851562,437.1066589355469,-0.7788069704741223,-1.7398058302858237,0.9647150586440607,0
90,7.5,11,person,131.49603972435003,433.06785817353625,123.19268035888672,386.7239074707031,140.1203155517578,433.72100830078125,0.06813755035406112,-2.8332193789272817,0.8907090598497405,0
90,7.5,91,person,726.3169683419324,436.76781002111034,715.5621337890625,379.40380859375,736.09130859375,436.80523681640625,4.315178550009152,-1.0648000945577827,0.9292880123701897,0
91,7.583,2,car,675.9112078348799,484.1470840454103,620.24658203125,406.4259948730469,729.3579711914062,484.2174377441406,0.030328805106696846,-0.7837620326446079,0.8792330045194318,0
91,7.583,3,car,352.9257488250733,540.0,258.2396545410156,474.1662902832031,447.9440002441406,540.0,-0.3238095964700718,3.4139485529203205e-13,0.9899556300307484,0
91,7.583,4,car,780.5211435953778,538.9085245768229,698.6323852539062,458.0306701660156,864.5786743164062,538.729248046875,0.9607334681925705,-0.009542410714121942,0.9512577248284069,0
91,7.583,5,car,423.9775210062663,492.5316574096681,382.7247314453125,417.2395324707031,465.5162658691406,492.7415771484375,0.5472695486889303,-0.04230521065804973,0.9388162917367282,0
91,7.583,6,car,581.7959147135418,540.0136006673179,474.1993713378906,456.1855773925781,688.0838012695312,539.978759765625,-4.604244559151355,0.05544433593796722,0.864811054764927,0
91,7.583,8,person,70.9397696495056,438.82239125569674,61.87781524658203,385.77764892578125,81.33218383789062,438.7748718261719,0.35779053824292895,-1.1875985281804802,0.9480600679691247,0
91,7.583,49,person,45.57178710301717,437.9683311462403,35.83771514892578,383.28399658203125,55.19367599487305,437.9196472167969,-0.3456696101596901,-1.23524649483776,0.9729022053752646,0
91,7.583,9,car,201.35495131810507,535.8111638387045,121.16741180419922,435.9931640625,280.2255554199219,527.6497192382812,-0.37119647434764796,-3.597679792131425,0.6543558793309753,0
91,7.583,17,truck,270.06299076080325,465.16575800577806,209.5518798828125,353.81219482421875,336.2434387207031,465.8363342285156,0.025013841901625693,-8.042011805942826,0.3840876060967925,0
91,7.583,176,car,585.7445042928059,498.7994677225749,526.979736328125,441.7975769042969,644.715576171875,499.80615234375,2.5261151994981796,0.6098785400393625,0.7059949896744071,0
91,7.583,94,person,27.473016015762088,425.14157100460824,17.169818878173828,374.2109680175781,36.31442642211914,425.87567138671875,2.1426180850877055,-3.6882993106008124,0.885830905090252,0
91,7.583,161,person,764.0103761918541,437.0109540882144,756.5652465820312,377.8255310058594,771.8555908203125,437.2880554199219,-0.5808925729575025,-1.4656523850858627,0.9608881526036867,0
91,7.583,11,person,131.52967111544694,433.2080875935927,122.52774047851562,382.4629821777344,140.6697998046875,433.7129211425781,0.10514036957153015,-2.1866469591106332,0.8982673886077489,0
91,7.583,211,car,523.5041351318359,414.03485107421875,464.3491516113281,369.95477294921875,582.6591186523438,414.03485107421875,0.0,0.0,0.0,0
91,7.583,212,person,947.0443725585938,527.3698120117188,934.3258666992188,443.83697509765625,959.7628784179688,527.3698120117188,0.0,0.0,0.0,0
91,7.583,91,person,726.2294230329879,436.43038359475787,715.688720703125,379.0777893066406,735.9177856445312,436.29437255859375,3.4821318180184537,-1.633840858389746,0.9481795762404519,0
91,7.583,28,car,557.6198979467895,475.88481694311633,513.8516235351562,394.56964111328125,600.898193359375,476.2410583496094,4.585405906149042,-2.4209976506850346,0.6821481607066231,0
92,7.667,2,car,675.6658785502116,483.73477554321295,621.2918701171875,405.7186584472656,729.2946166992188,483.00970458984375,-0.40757315499483976,-1.33144226074223,0.8815060914719598,0
92,7.667,3,car,352.9468109766643,540.0,257.9558410644531,473.851806640625,448.1564636230469,540.0,-0.2508508954731643,-2.296556775582213e-13,0.9894170733787971,0
92,7.667,4,car,780.7622344970704,538.8755925496421,698.2210083007812,458.008544921875,864.1875,538.8009033203125,1.1809727260040357,-0.057843017578331685,0.9480186156914587,0
92,7.667,5,car,424.0774145762127,492.71231282552094,382.7378845214844,417.051025390625,465.689208984375,492.7362060546875,0.6256602696008954,0.3644217354908955,0.9553105156102053,0
92,7.667,6,car,581.4528566996257,540.0131266276043,466.57830810546875,446.59027099609375,696.2163696289062,539.9908447265625,-4.494984218052787,0.05114397321408757,0.8655059126705131,0
92,7.667,8,person,71.1860566298167,438.6786783854167,61.72553634643555,385.4549560546875,81.21295166015625,438.447265625,0.7538260051181905,-1.2138950892858438,0.9555150243080531,0
92,7.667,49,person,45.580890146891285,437.84029693603526,35.78386306762695,382.1805725097656,55.37030792236328,437.7850646972656,-0.25915178571430825,-1.2739615304132748,0.9745159202882848,0
92,7.667,9,car,201.07312615712485,531.7537134806316,125.15327453613281,435.72222900390625,275.1227722167969,520.7918090820312,-0.635134996686757,-8.528908865792642,0.4271259842181897,0
92,7.667,17,truck,270.80745201110847,465.1195564270019,208.99569702148438,353.7238464355469,335.82550048828125,465.6609191894531,1.180064392089714,-6.812097603934539,0.39193475332517913,0
92,7.667,176,car,585.1676378885907,498.0011479695638,527.5927124023438,441.587646484375,635.9340209960938,494.3760070800781,1.8487492152620537,-0.13546927315861582,0.6542285754223003,0
92,7.667,94,person,27.6819901150206,425.1098474087924,18.112079620361328,376.040283203125,36.68107604980469,425.8248596191406,2.3136382248090737,-3.2903011819588666,0.8851520944067245,0
92,7.667,161,person,764.0856410593226,437.002080945001,756.7408447265625,377.9220886230469,771.9677734375,437.2481384277344,-0.35913483992837014,-1.2625573199726638,0.9576858864261438,0
92,7.667,211,car,513.1626586914062,413.73101806640625,454.84796142578125,370.2474365234375,571.4773559570312,413.73101806640625,0.0,0.0,0.0,0
92,7.667,212,person,945.0412902832031,528.5458984375,931.8251953125,441.9954528808594,958.2573852539062,528.5458984375,0.0,0.0,0.0,0
92,7.667,91,person,726.2087418922715,436.1812738614302,716.1244506835938,379.2765197753906,735.9627685546875,435.9681701660156,2.648134657554895,-1.7903043259558336,0.956069459028391,0
92,7.667,214,car,588.7223815917969,414.61285400390625,551.4534301757812,377.2372741699219,625.9913330078125,414.61285400390625,0.0,0.0,0.0,0
92,7.667,28,car,556.9406776778193,475.76223332582975,510.8683776855469,394.7698669433594,596.4765014648438,475.80987548828125,3.945528082891267,-2.2955042287845093,0.6758079017193928,0
93,7.75,2,car,675.5505279541018,483.24032185872403,621.7733154296875,405.52288818359375,729.1658325195312,482.5818176269531,-0.5646711077009648,-1.9826555524553744,0.886316062959419,0
93,7.75,3,car,353.01753966013604,540.0000000000001,258.1170349121094,473.6964416503906,448.4145812988281,540.0,-0.1244773864744121,-7.844453947190354e-14,0.9854581894889061,0
93,7.75,4,car,780.8769706726076,538.8432011922201,697.6121826171875,457.6758728027344,863.9669189453125,538.7943115234375,1.2457959856306215,-0.10416346958695852,0.949004812958802,0
93,7.75,5,car,424.18888905843113,493.01606190999354,382.6872253417969,417.4808349609375,465.9700012207031,493.5635070800781,0.7142551967075755,0.8035635811942787,0.9553971984995056,0
93,7.75,6,car,581.5023619333901,539.9956446329754,467.3359069824219,442.8883056640625,698.4782104492188,539.9586791992188,-3.992297581264047,0.014101736886310326,0.8532922903321253,0
93,7.75,8,person,71.19432055155438,438.5041763305664,61.271644592285156,386.8877868652344,80.32050323486328,438.31341552734375,0.7590853009905382,-1.3176034109933938,0.9551111896959059,0
93,7.75,49,person,45.66269666353862,437.70346730550153,36.785247802734375,385.30816650390625,55.319759368896484,437.6833190917969,-0.1517912455967552,-1.336484200613725,0.9706874588491133,0
93,7.75,9,car,200.97609170277917,529.4402857462568,120.6720962524414,435.4605712890625,280.7967834472656,526.0722045898438,-0.6567008972167462,-11.052353341238593,0.42360195178393045,0
93,7.75,17,truck,271.35414180755623,465.1941846211752,206.951171875,353.6173095703125,335.254638671875,466.5158996582031,2.269608960832925,-5.791752842494263,0.40479854416685934,0
93,7.75,176,car,585.3748916625977,498.2026573181153,526.7817993164062,441.5799865722656,642.6881103515625,498.1859436035156,2.17412370954259,0.3486995152065598,0.6626394779487395,0
93,7.75,94,person,27.94043631560375,425.091565931398,18.917692184448242,379.28125,36.56022644042969,425.8929443359375,2.5361819483833785,-2.9678086639964634,0.8833825569816093,0
93,7.75,161,person,764.0835403130977,436.91026430713885,756.5299682617188,377.4681701660156,771.76953125,436.942138671875,-0.313076097138498,-1.240383848852126,0.959666713909323,0
93,7.75,211,car,499.4969177246094,413.6381530761719,440.58416748046875,369.6294860839844,558.40966796875,413.6381530761719,0.0,0.0,0.0,0
93,7.75,212,person,943.5852661132812,528.5062255859375,930.013427734375,440.1579895019531,957.1571044921875,528.5062255859375,0.0,0.0,0.0,0
93,7.75,91,person,726.320125064335,435.96270170469575,716.1719970703125,378.808349609375,736.0211791992188,435.82080078125,2.4808192897493964,-1.8965158823373527,0.9558137426123126,0
93,7.75,28,car,557.5041976975563,475.6591885897615,509.1968078613281,384.1493835449219,605.2095947265625,475.8669128417969,4.543162100878717,-2.205143095893278,0.6859257206888921,0
94,7.833,2,car,675.6235506693523,482.9006251017253,622.5441284179688,405.6119079589844,729.4970703125,482.3822021484375,-0.4221169607975926,-2.2085893903457827,0.8830961078539696,0
94,7.833,3,car,353.12023811340333,540.0,258.39801025390625,473.6715393066406,448.4612731933594,540.0,0.03048248291038986,3.4139485529203205e-13,0.9808199959932488,0
94,7.833,4,car,780.9099830627443,538.8146937052411,697.1597290039062,457.3898620605469,863.7745971679688,538.8057861328125,1.2288221086780788,-0.1459115164615107,0.9485431316702755,0
94,7.833,5,car,424.2723190307617,493.27433675130214,382.59405517578125,417.1721496582031,466.0485534667969,493.5290832519531,0.7523045131142069,1.1521309988841941,0.9623965179438426,0
94,7.833,6,car,581.513359451294,539.9640172322593,470.9649963378906,442.95050048828125,695.2881469726562,539.8958740234375,-3.737529863629648,-0.03780081612687243,0.8436401208101174,0
94,7.833,8,person,71.183562485377,438.2988037109375,61.119693756103516,385.75250244140625,80.65376281738281,438.14276123046875,0.6879621505737341,-1.4824846540176966,0.9545125062090932,0
94,7.833,49,person,45.75885411898295,437.55833053588873,36.69037628173828,384.52532958984375,55.51367950439453,437.58038330078125,-0.017281968252961476,-1.4195395333423635,0.9688151727672752,0
94,7.833,9,car,201.06789833704636,529.341183980306,115.39865112304688,435.7941589355469,287.7101135253906,533.8193359375,-0.48337440490706113,-10.642422049385809,0.4108680457822672,0
94,7.833,17,truck,271.8606887181601,464.93700739542646,205.849609375,353.6112976074219,334.712158203125,466.5630187988281,3.491582271031231,-5.807094464983012,0.4342218592275462,0
94,7.833,176,car,585.694027964274,498.654438273112,526.6932983398438,441.87188720703125,644.1077880859375,499.285400390625,2.578866577148787,1.0970162527904233,0.6701186577644782,0
94,7.833,94,person,27.870887879366,425.1994543673723,18.478479385375977,378.3280944824219,36.58042526245117,425.89764404296875,2.0011066527056243,-2.3809917021081883,0.886748247469158,0
94,7.833,161,person,764.079231496238,436.78590005511904,756.527587890625,377.221435546875,771.7437133789062,436.73150634765625,-0.2796851784169268,-1.272576043064472,0.9613430038084521,0
94,7.833,211,car,484.6925506591797,414.3171691894531,424.9178161621094,369.5350646972656,544.46728515625,414.3171691894531,0.0,0.0,0.0,0
94,7.833,212,person,942.7657470703125,528.3582763671875,929.028076171875,439.7376403808594,956.50341796875,528.3582763671875,0.0,0.0,0.0,0
94,7.833,91,person,726.3621152580465,435.8175375470644,715.9525756835938,377.95001220703125,735.9901733398438,435.84808349609375,2.240038505524833,-1.8776929732061813,0.9525203691801101,0
94,7.833,28,car,557.8143353190256,476.20130023061813,507.4375915527344,380.74859619140625,607.8499755859375,477.79595947265625,4.468128160832266,-1.3161927429893878,0.6766238080307727,0
95,7.917,2,car,675.8390543619792,482.64685134887714,622.7383422851562,405.2190246582031,729.7549438476562,482.0711364746094,0.010902622767507765,-2.180418613979048,0.8860889491691467,0
95,7.917,3,car,353.218531926473,540.0,258.5263671875,473.68585205078125,448.3070983886719,540.0,0.18222067696698185,-2.296556775582213e-13,0.9805955516588466,0
95,7.917,4,car,780.8970067342124,538.8088994344075,697.321044921875,457.5888977050781,863.416748046875,538.8739624023438,1.1389709472649991,-0.1525033133374934,0.9454601146526014,0
95,7.917,5,car,424.2979846954346,493.33218943278007,382.6188049316406,417.1033935546875,465.6156921386719,493.0063171386719,0.7270889282224449,1.1710196358815768,0.9627351819217985,0
95,7.917,6,car,581.4102068583171,539.9451090494792,471.5982971191406,441.3155517578125,692.9921875,539.9148559570312,-3.5533120291574103,-0.06353236607178539,0.8402631144876185,0
95,7.917,8,person,71.33893052736919,438.1390589396159,61.56529235839844,385.8830871582031,81.10150909423828,438.1221923828125,0.9103247778756157,-1.5585231236052988,0.9619325486041391,0
95,7.917,49,person,45.85626735687256,437.455303700765,36.370452880859375,381.5751953125,56.135780334472656,437.5427551269531,0.07757949829097474,-1.4132956368584257,0.965208605896202,0
95,7.917,9,car,201.05496606826785,528.5242701212567,117.65834045410156,435.50054931640625,284.8584289550781,530.2894897460938,-0.4872238704136783,-11.052416120256762,0.41797963569511,0
95,7.917,17,truck,272.4225638071696,464.8463076273601,205.51043701171875,353.46221923828125,335.1440124511719,466.82183837890625,4.774631391252625,-5.557330758231331,0.469530036585712,0
95,7.917,176,car,586.0124458312989,499.5439811706544,525.2154541015625,442.0088195800781,646.2509765625,501.472412109375,2.901521955217371,2.2729444231301863,0.6661237918377347,0
95,7.917,94,person,27.741091237749366,425.33980712890616,18.854446411132812,377.15728759765625,37.268577575683594,425.61029052734375,1.2176322266295736,-1.6958335121910022,0.9329290828932443,0
95,7.917,161,person,764.0971474580664,436.6501453525607,756.680419921875,377.4292907714844,771.7451782226562,436.5668029785156,-0.22093699648058088,-1.3149119238678186,0.9623732268981572,0
95,7.917,211,car,483.2518615722656,415.3655700683594,422.9913330078125,370.6824645996094,543.5123901367188,415.3655700683594,0.0,0.0,0.0,0
95,7.917,212,person,941.9804992675781,528.3341064453125,928.1339721679688,440.17816162109375,955.8270263671875,528.3341064453125,0.0,0.0,0.0,0
95,7.917,91,person,726.3720376452028,435.7274075924362,715.7921142578125,377.3141174316406,736.0128784179688,435.9036560058594,1.99366321879852,-1.785212817113174,0.9473387759747569,0
95,7.917,28,car,558.0035055943516,476.3018243929349,511.4201354980469,388.83697509765625,602.6267700195312,476.6748962402344,4.480525389734674,-0.9921909495713793,0.6776010109214337,0
96,8.0,2,car,676.0212946573894,482.3947525024416,622.6624145507812,405.25750732421875,729.7902221679688,482.2453918457031,0.35299857003344653,-2.29080374581457,0.8891214266519022,0
96,8.0,3,car,353.32950019836437,540.0000000000001,258.55401611328125,473.51788330078125,448.5406188964844,540.0,0.3277202061245458,-7.844453947190354e-14,0.9794962194927114,0
96,8.0,4,car,780.8563898722333,538.8271392822267,697.4453125,457.7300720214844,863.1858520507812,538.9496459960938,1.007856968471099,-0.12224644252228316,0.9413960877738216,0
96,8.0,5,car,424.3182403564454,493.3955276489258,382.21710205078125,416.4049072265625,466.03094482421875,493.1488342285156,0.6987618582589599,1.1732587541850923,0.9622695277418685,0
96,8.0,6,car,580.4525459289551,539.8500269571942,470.6040954589844,440.2076110839844,686.542724609375,539.5824584960938,-4.437795148576973,-0.17955060686354857,0.8221642000481885,0
96,8.0,8,person,71.31089200973513,438.0420422871909,61.247413635253906,387.3613586425781,80.44878387451172,438.2130432128906,0.8253071921212356,-1.5395520891460066,0.9582572320511897,0
96,8.0,49,person,46.13724174499512,437.3992917378744,37.420082092285156,384.8834533691406,56.16953659057617,437.6090393066406,0.4838647024972105,-1.3417484828404223,0.9574956818592569,0
96,8.0,9,car,201.00622593561815,527.5947555541993,118.67353820800781,435.6764221191406,283.77911376953125,528.9509887695312,-0.576281138828767,-11.507427978515775,0.42495821477858686,18
96,8.0,17,truck,273.2135183970134,464.95339304606125,205.6718292236328,353.36590576171875,335.7610168457031,466.97247314453125,6.461673627580931,-4.923379080636027,0.5321966903146792,41
96,8.0,176,car,586.0255424499514,500.28255996704115,524.5238647460938,442.0773620605469,644.8531494140625,501.2264099121094,2.8167153494699897,3.205189296177425,0.6676477613160351,0
96,8.0,94,person,28.022446703910834,425.3721336364747,19.595666885375977,378.8931884765625,37.57816696166992,425.9170227050781,1.4409391266959026,-1.4802730015344867,0.9273304794345044,0
96,8.0,161,person,764.2482917981276,436.6306218856422,756.8212890625,377.4767150878906,771.7943115234375,436.5161437988281,0.17311405635423707,-1.0512994085992524,0.9736437173702411,0
96,8.0,211,car,466.9994753882998,415.38466389973956,404.6386413574219,370.52783203125,527.3062133789062,415.5601501464844,-134.46695905412918,4.528857421874598,0.9375151656836395,41
96,8.0,212,person,940.008312406994,528.7827642531621,925.5390625,440.818115234375,953.8336791992188,528.8169555664062,-16.042937360490942,2.2122488839282712,0.9277190537110317,0
96,8.0,91,person,725.9950400298499,435.7322191922172,715.3282470703125,377.0804138183594,735.6491088867188,436.03106689453125,0.6818778559854144,-1.499714113630785,0.9519456573357451,0
96,8.0,28,car,558.1914715846954,476.31295792833527,513.7849731445312,391.4419250488281,602.536865234375,476.3001708984375,4.037073149098006,-0.7549043284903654,0.6830824824521791,0
97,8.083,2,car,676.1430440266929,482.23292185465505,622.3651123046875,405.10113525390625,729.9592895507812,482.535888671875,0.5545898437500684,-2.322779192243286,0.8914908944769085,0
97,8.083,3,car,353.4304444630942,540.0000000000001,258.5595703125,473.4628601074219,448.48419189453125,540.0,0.46400691441127156,3.3253531660885684e-14,0.9820416268449605,0
97,8.083,4,car,780.783716328939,538.8497319539391,697.5155029296875,457.72772216796875,863.0579833984375,538.953857421875,0.8151096888949211,-0.08196062360469765,0.9376497007542063,0
97,8.083,5,car,424.36742439270023,493.4459345499675,382.3929748535156,416.26275634765625,466.2865295410156,493.1949157714844,0.6873027256555791,1.1473728724887073,0.9615921554900471,0
97,8.083,6,car,579.3059501647951,539.7212880452475,472.2054443359375,439.8868408203125,681.965087890625,539.3970947265625,-5.471757725306897,-0.3313424246649799,0.7994923468047554,0
97,8.083,8,person,71.22328356107077,437.96137822469075,61.18077087402344,387.79833984375,80.35372924804688,438.1419372558594,0.6200252805437437,-1.490417044503532,0.9536006376792536,37
97,8.083,49,person,46.39901162783307,437.36324310302746,37.52272415161133,385.3439636230469,56.161109924316406,437.5527648925781,0.8397598539079966,-1.2321977887834878,0.9571690363119405,0
97,8.083,9,car,200.9606425603231,526.1011611938478,120.68636322021484,435.2856140136719,281.6689147949219,525.6060791015625,-0.6405398777552958,-12.551239013671825,0.4317960562222789,20
97,8.083,17,truck,273.3403637568157,465.024873352051,206.47706604003906,353.3877258300781,336.4618835449219,466.9388732910156,6.1368690490723035,-4.454629080636132,0.5219176648675792,44
97,8.083,176,car,585.6772697448732,500.7345390319825,524.5111083984375,441.9749450683594,645.00390625,501.37872314453125,1.8006055559430838,3.4141100202288515,0.6715614819247675,0
97,8.083,94,person,28.153014103571582,425.53936767578136,19.238805770874023,378.38116455078125,37.519195556640625,426.1151123046875,1.391901152474549,-1.011505998883947,0.9286862698096423,0
97,8.083,161,person,764.3406321766612,436.6058473691834,757.1730346679688,378.3978271484375,771.9196166992188,436.771728515625,0.2853105146807226,-0.9608187832675499,0.9719048885201865,0
97,8.083,211,car,452.8898021153041,416.0255606515066,386.8009338378906,370.6037292480469,512.2769165039062,416.32958984375,-142.5090637207023,5.258527483259113,0.9354520877319832,44
97,8.083,212,person,938.5533392769951,529.0358014787946,923.7724609375,440.1486511230469,953.061767578125,529.1150512695312,-16.369877406528566,2.4024483816971327,0.93209829742081,0
97,8.083,91,person,725.8389578315223,435.7554816537105,715.1620483398438,377.08599853515625,735.515625,436.10369873046875,0.33509572978049357,-1.2582617066337178,0.9439888772057461,0
97,8.083,28,car,558.1523319778744,475.7534399365842,513.733642578125,388.9703369140625,602.949462890625,474.0626525878906,2.9897975034896884,-1.2529765349034216,0.7008695459359783,0
98,8.167,2,car,676.1106369018557,482.12960789998385,621.9769287109375,404.78057861328125,729.9411010742188,482.6573486328125,0.42642386300243595,-2.289345441545602,0.8908821852070794,0
98,8.167,3,car,353.4532173156739,540.0000000000002,258.418701171875,473.4761047363281,448.0847473144531,540.0,0.49301016671347203,3.8893904425821596e-13,0.9838412093913909,0
98,8.167,4,car,780.6839230855309,538.8799591064455,697.4945068359375,457.68914794921875,862.9528198242188,538.9827270507812,0.5856824602404832,-0.03161446707539145,0.934789924943489,0
98,8.167,5,car,424.39820302327485,493.4586484273276,382.6906433105469,416.7005310058594,466.011474609375,493.17218017578125,0.6428388323104572,1.0529257638117886,0.9598519272708873,0
98,8.167,6,car,578.1500901540122,539.5743011474611,474.2619934082031,439.7154235839844,678.159912109375,539.2592163085938,-6.423194013322665,-0.49865897042391927,0.7841592312687162,0
98,8.167,8,person,71.07310160001121,437.8942710876467,60.96821975708008,387.9086608886719,80.18453979492188,438.0370788574219,0.3255217143467892,-1.407857404436021,0.9499295598818827,57
98,8.167,49,person,46.57792442639671,437.36237564086935,37.525611877441406,386.48541259765625,55.87273406982422,437.5572509765625,1.0458859307425865,-1.065750994000899,0.9605489179444614,49
98,8.167,9,car,200.92231073379523,524.2036397298178,122.47735595703125,435.1629638671875,279.7611083984375,522.6180419921875,-0.6699814387729174,-13.957648577008666,0.4339656985907173,22
98,8.167,17,truck,272.9444654464722,465.47028376261414,207.04571533203125,353.4075927734375,336.82037353515625,466.8375244140625,4.420534515381041,-3.0566829136438183,0.5462017771660297,45
98,8.167,176,car,585.1089561462403,500.9795738220216,524.5360717773438,441.7997131347656,645.2875366210938,501.5910949707031,0.24765668596575086,3.1287322998048728,0.7153365012589393,0
98,8.167,94,person,28.22187395890554,425.7225013732912,19.059146881103516,379.7396240234375,36.86100387573242,426.10943603515625,1.3700039046151475,-0.5341696602953141,0.9350909712613568,28
98,8.167,161,person,764.4494349888395,436.6152805873326,757.4769897460938,379.5635681152344,771.9131469726562,436.87384033203125,0.3986797626201341,-0.8414835164835562,0.9687342323861071,0
98,8.167,211,car,438.018882751465,416.67328898111975,369.4089050292969,370.2926025390625,498.2424011230469,416.96661376953125,-149.69745744977635,5.761369977678873,0.931785692162419,57
98,8.167,212,person,937.2767918904624,529.3045501708986,922.0428466796875,438.1842956542969,952.7560424804688,529.4005126953125,-16.159615652900506,2.566955566406637,0.9356707663861464,0
98,8.167,91,person,725.7288130713588,435.74606701529217,715.2879028320312,377.4263610839844,735.4578857421875,435.9920959472656,0.12666686356970663,-1.114185210490755,0.9423418542468823,0
98,8.167,28,car,557.7627856952006,475.0913792405897,512.8190307617188,387.648681640625,602.7083129882812,473.3186340332031,1.322401967792005,-1.9106972117839613,0.7490155519313604,0
99,8.25,2,car,675.8592793782552,481.9374150594076,621.6755981445312,404.36187744140625,729.1140747070312,482.0628967285156,-0.06979980468811153,-2.332860456194414,0.8945528003109104,0
99,8.25,3,car,353.40693677266455,540.0000000000001,258.43634033203125,473.56707763671875,447.68804931640625,540.0,0.40724945068333884,-2.668275402496944e-13,0.9789933296837919,0
99,8.25,4,car,780.5395668029787,538.9137705485028,697.3280639648438,457.4854431152344,862.9398193359375,538.9915161132812,0.28144487653405015,0.025399344307947436,0.9343318620962523,0
99,8.25,5,car,424.34357515970885,493.4339187622072,381.6903076171875,415.20721435546875,466.4099426269531,493.2611999511719,0.4937170846121409,0.8553771972654814,0.9598020485658599,0
99,8.25,6,car,577.2525605519614,539.4544479370118,476.5422058105469,439.6719970703125,675.2783203125,539.2948608398438,-6.806833975655969,-0.6235342843192327,0.7774846005470581,0
99,8.25,8,person,70.91844325065615,437.7873453776043,60.91756057739258,387.59326171875,80.29318237304688,437.82659912109375,0.017135320390922342,-1.3970842633930058,0.9520493113991251,58
99,8.25,49,person,46.70199963251752,437.3462575276694,37.3419303894043,386.0223083496094,55.902076721191406,437.45880126953125,1.1546645573207213,-0.9383632114956911,0.9640663332021135,59
99,8.25,9,car,200.92449045181286,522.7319880167646,121.49195861816406,434.7851867675781,280.5988464355469,522.780029296875,-0.5783201490130351,-14.667247663225561,0.4392514104215486,23
99,8.25,17,truck,271.96770572662365,466.26655222574897,207.47775268554688,353.342041015625,337.19085693359375,466.9051818847656,1.276139504568763,-0.8972246442522444,0.789105296160957,51
99,8.25,176,car,584.7892217000327,501.2713104248048,524.3518676757812,441.5743408203125,645.3797607421875,501.7413635253906,-0.5428004673553468,3.0474138532363373,0.7297011353437486,0
99,8.25,94,person,28.175091648101816,425.902531941732,18.618511199951172,379.7381896972656,36.52689743041992,426.1318359375,1.2014924730573244,-0.10264892578142494,0.9401332512316792,50
99,8.25,161,person,764.5505625406903,436.6035476684571,757.611572265625,379.82867431640625,771.9157104492188,436.7867736816406,0.4829746791289794,-0.7689985002792628,0.9675772556687584,0
99,8.25,211,car,422.5189453125001,417.09556613498273,353.847900390625,371.27386474609375,481.22479248046875,417.00030517578125,-156.10365600585922,5.638891601562605,0.9274853289764496,59
99,8.25,212,person,935.8374145507817,529.034285481771,920.059814453125,437.00933837890625,951.3095092773438,528.23681640625,-16.356011962890435,1.5416381835939836,0.9223272701880255,0
99,8.25,91,person,725.6068782169493,435.7559667228605,715.1747436523438,377.6949157714844,735.2954711914062,436.0442810058594,-0.059440089864370535,-0.9698562487985772,0.9404366926656643,0
99,8.25,28,car,557.2038800159195,474.6134773392354,511.07257080078125,386.50152587890625,601.9107055664062,473.4161682128906,-0.12039118974720403,-2.222968235230867,0.7683727760774076,0
100,8.333,2,car,675.535141754151,481.7108212788904,621.0257568359375,403.1983642578125,729.3099975585938,481.8551330566406,-0.6679726736881781,-2.4516710553846157,0.9065064260142329,0
100,8.333,3,car,353.35562133789097,540.0000000000005,258.4433898925781,473.520263671875,447.6619873046875,540.0,0.3128016880583245,3.53896773062517e-13,0.9755994585301461,0
100,8.333,4,car,780.3587913513192,538.9304550170903,697.4097290039062,457.690673828125,862.3599243164062,538.990234375,-0.025725010462495042,0.038962227957892115,0.9325349099773144,0
100,8.333,5,car,424.13576749165895,493.4216812133794,381.4646301269531,415.8149719238281,465.32464599609375,493.39154052734375,0.1717980521068182,0.6771475655694672,0.9524265247415107,0
100,8.333,6,car,576.9997797648117,539.3903081258143,480.0096740722656,439.4355163574219,675.0873413085938,539.4524536132812,-6.275686209541843,-0.6709115164616339,0.7789050933165681,0
100,8.333,8,person,70.79690451622015,437.60850753784223,60.8810920715332,386.98583984375,80.43647766113281,437.4072570800781,-0.215144102913955,-1.4728284563334493,0.9547303452591167,57
100,8.333,49,person,46.8099936485291,437.30207570393924,37.28270721435547,385.560791015625,56.06545639038086,437.34564208984375,1.2248374394008577,-0.8758326939169045,0.9663634423188394,58
100,8.333,9,car,200.82976983388284,521.2353159586594,122.07280731201172,434.84613037109375,279.2164611816406,521.0984497070312,-0.6234986441473962,-15.240658133370216,0.4418834515947533,23
100,8.333,17,truck,271.90541013081895,466.6450055440272,206.94447326660156,352.9933776855469,336.9868469238281,466.7586364746094,0.877332196917262,0.08600071498375983,0.8194218801424353,52
100,8.333,176,car,584.8412930806484,501.860261535645,523.5724487304688,440.8211975097656,648.153564453125,503.27593994140625,-0.6522726876390748,3.346124267578459,0.7267069315616812,0
100,8.333,94,person,28.162507653236414,426.06254145304393,18.073522567749023,376.1874694824219,37.398216247558594,426.2311706542969,1.0850323677063272,0.22241690499462646,0.9436668156534532,56
100,8.333,211,car,408.3659390536222,417.1604181463068,343.667724609375,371.5076599121094,468.72760009765625,416.3929443359375,-158.2719327059659,4.871417791192794,0.9302627302216642,58
100,8.333,212,person,934.174454012784,528.6773060191761,917.650146484375,435.79766845703125,949.5620727539062,527.7575073242188,-16.92435635653488,0.6218394886359726,0.9051220279952814,0
100,8.333,91,person,725.4677130276216,435.70971088699383,715.0980224609375,377.94561767578125,735.0228271484375,435.8146057128906,-0.23552603510440043,-0.9245062889206082,0.9396950337713954,0
100,8.333,28,car,556.6319028171927,474.4825463251238,508.7236633300781,385.2351379394531,601.7615356445312,475.221923828125,-0.9972646170802059,-2.391505250143598,0.7618416826599843,0
100,8.333,218,person,115.00337982177734,430.10882568359375,106.18155670166016,381.65899658203125,123.82520294189453,430.10882568359375,0.0,0.0,0.0,0
100,8.333,11,person,132.84963607788086,434.4470520019531,123.4070816040039,380.7325134277344,142.2921905517578,434.4470520019531,0.0,0.0,0.0,0
101,8.417,2,car,675.3113474527996,481.60067113240575,621.4454345703125,404.0834045410156,728.4148559570312,481.95025634765625,-0.9237357003344725,-2.352187238420614,0.904759590815121,0
101,8.417,3,car,353.2537502288819,540.0000000000001,258.3622741699219,473.5516052246094,447.3828430175781,540.0,0.14746725899852484,2.1646493415527658e-13,0.9708710036919316,0
101,8.417,4,car,780.1576301574709,538.9446492513023,697.6392211914062,457.8874816894531,861.97705078125,538.966064453125,-0.3611768450053834,0.056710379464612236,0.9342026219841324,0
101,8.417,5,car,423.96290435791025,493.2760533650717,382.209716796875,416.4190368652344,464.6839599609375,492.6903991699219,-0.08347778320298124,0.4107657296318234,0.9426268437512281,0
101,8.417,8,person,70.71353578567506,437.40766245524105,60.7091178894043,385.57891845703125,80.78639221191406,437.17681884765625,-0.3733832768030993,-1.5743748256134205,0.9574274663755378,56
101,8.417,49,person,46.90048282941185,437.24297078450525,37.144649505615234,384.6593017578125,56.314945220947266,437.2486267089844,1.2536442620414043,-0.8464181082588047,0.9672868859224459,56
101,8.417,9,car,200.6248550732931,519.474530029297,123.62145233154297,435.2176818847656,276.4666748046875,518.2113037109375,-0.7809678758892131,-15.938766043526472,0.43929324733108277,0
101,8.417,17,truck,271.7131402969361,466.95984929402687,206.4892120361328,352.8819274902344,336.7770690917969,466.9148254394531,0.3059394836425778,0.7927459716798999,0.8468581692589078,51
101,8.417,176,car,585.0779113769532,502.56037343343104,523.8274536132812,440.5011901855469,648.48828125,503.4320373535156,-0.3447091238835765,4.01380004882842,0.7229732515188013,0
101,8.417,94,person,28.14932994047801,426.13074061075855,17.78253746032715,374.2640380859375,37.78288269042969,426.0549621582031,0.9697810445513184,0.3585191999163992,0.9443223342302145,57
101,8.417,211,car,395.6573971835051,416.9119179465554,334.31353759765625,370.8362731933594,459.061767578125,415.509521484375,-157.44772838245726,3.7495006214488127,0.9321803949700715,57
101,8.417,212,person,932.3292444402521,528.5698797052556,915.0902709960938,435.1898193359375,947.70458984375,528.2286376953125,-17.669807572798348,0.34884588068194095,0.8960316841385407,0
101,8.417,91,person,725.0524499099746,435.719181522585,714.3551635742188,378.12530517578125,734.362548828125,435.9706726074219,-0.9381691477179099,-0.8069420392599853,0.937944361608124,0
101,8.417,28,car,556.0458970572387,474.28083411345693,508.20550537109375,385.0596618652344,600.3621215820312,474.9820251464844,-1.5747231803077517,-2.6756513950137806,0.7507725462230639,0
101,8.417,218,person,114.96053695678711,430.04571533203125,106.12623596191406,381.5628967285156,123.79483795166016,430.04571533203125,0.0,0.0,0.0,0
101,8.417,11,person,133.11845779418945,434.45281982421875,123.77791595458984,380.729736328125,142.45899963378906,434.45281982421875,0.0,0.0,0.0,0
102,8.5,2,car,675.1782310485842,481.47758051554376,622.3375854492188,405.5171813964844,727.3505249023438,481.8468933105469,-0.9426334926065161,-2.306813703264735,0.9038299398634037,0
102,8.5,3,car,353.12459665934256,540.0000000000001,258.2140808105469,473.489501953125,447.2683410644531,540.0,-0.047547258649696694,-4.0480682833204593e-13,0.9670481397218191,0
102,8.5,4,car,779.9943339029951,538.9799453735352,697.8140258789062,457.9110412597656,862.0383911132812,539.005126953125,-0.6389753069201445,0.11739937918479998,0.9399772526667605,0
102,8.5,5,car,423.8552111307781,492.9926177978516,381.1623229980469,413.3415222167969,466.13623046875,492.1591491699219,-0.24394226074240485,-0.03608224051364664,0.9339438281231718,0
102,8.5,8,person,70.69494137763978,437.190963236491,60.70928955078125,384.8105163574219,81.03677368164062,436.9584045410156,-0.40245462145127886,-1.6920017787391024,0.9570509648178216,54
102,8.5,49,person,46.95975082715354,437.1672350565593,36.94887924194336,383.7493896484375,56.470115661621094,437.1196594238281,1.2323775427681773,-0.8428279331755425,0.9666726697901831,55
102,8.5,9,car,200.45631211598717,518.2531626383463,122.89634704589844,435.3289489746094,277.29046630859375,518.531005859375,-0.897109876360365,-15.78763078962098,0.43899035961586497,0
102,8.5,17,truck,271.8588610331218,467.4136782328289,208.11959838867188,353.0186462402344,338.69232177734375,468.0158386230469,0.0791656494138792,1.471669660295437,0.8650496120995335,54
102,8.5,176,car,585.4213516235353,503.20210622151694,524.3507690429688,440.3238830566406,648.4331665039062,503.45306396484375,0.18068062918472147,4.624446323939406,0.7255031112984724,0
102,8.5,94,person,28.12950942516328,426.1119000752767,17.721433639526367,373.60540771484375,37.92485427856445,425.9165344238281,0.8418255533490778,0.31170174734895717,0.942370185093937,57
102,8.5,211,car,382.1706171280299,416.8444358630059,318.6714782714844,370.1710510253906,443.9186706542969,415.9358825683594,-158.02081085418482,3.1548111922257944,0.9348337373328675,57
102,8.5,212,person,930.6879495474008,528.635013678135,913.5963745117188,434.767822265625,946.97216796875,528.7212524414062,-17.934033373853264,0.40529307118646785,0.8984550627665987,0
102,8.5,91,person,724.4355981847739,435.8374107276999,713.4872436523438,377.848388671875,733.6749877929688,435.94976806640625,-1.9103353311731932,-0.40925681984073176,0.9395635993550161,0
102,8.5,28,car,555.3522841624725,474.14818670810797,507.9339599609375,384.9168395996094,599.08544921875,474.68719482421875,-2.2698682238171233,-2.6544057139149793,0.7360798483918121,0
102,8.5,218,person,115.01554870605469,429.8104553222656,106.11251068115234,380.974853515625,123.91858673095703,429.8104553222656,0.0,0.0,0.0,0
102,8.5,11,person,133.02374649047852,434.39208984375,123.7503433227539,380.5205078125,142.29714965820312,434.39208984375,0.0,0.0,0.0,0
102,8.5,219,car,584.0083923339844,540.0,502.15985107421875,485.0661315917969,665.85693359375,540.0,0.0,0.0,0.0,0
103,8.583,2,car,675.2325444539395,481.5467519124353,623.5247802734375,407.2051696777344,727.1774291992188,482.2638854980469,-0.6817932128900901,-1.9491577148433998,0.9020102932585735,0
103,8.583,3,car,352.9583843231204,540.0000000000005,258.1977844238281,473.6016540527344,446.8809509277344,540.0,-0.27792598179397887,3.53896773062517e-13,0.9632899947594807,0
103,8.583,4,car,779.8075111389167,539.0369466145837,697.7872314453125,458.029541015625,861.7770385742188,539.09033203125,-0.9313620431076707,0.20648018973265903,0.948411621534908,0
103,8.583,5,car,423.7148183186852,492.6311553955083,381.13555908203125,412.78826904296875,465.9584655761719,491.6856384277344,-0.4601492745533085,-0.5386910574770748,0.9255221827981703,0
103,8.583,8,person,70.67381947835294,437.0198638916019,60.725093841552734,384.8517761230469,81.03810119628906,436.8989562988281,-0.44130445207861146,-1.720861816406005,0.9578387572403592,55
103,8.583,49,person,47.01477422714238,437.1094027201338,36.84587097167969,382.8288269042969,56.76091766357422,437.1155700683594,1.1930529458182466,-0.8169028145925457,0.9659251390171396,55
103,8.583,9,car,200.03841212590555,516.8913991292322,123.93222045898438,435.7646789550781,273.6947326660156,515.769287109375,-1.2754474639891358,-15.530739048548627,0.4396970126662575,0
103,8.583,17,truck,272.3848517735802,467.43112945556686,209.83702087402344,353.2040100097656,338.390380859375,466.8370056152344,0.6920997619630566,1.4259652273999215,0.846285627626701,53
103,8.583,176,car,585.7285163879401,503.64180959065806,524.9273071289062,440.1751403808594,647.3782958984375,502.82806396484375,0.7015463692808536,5.008256312779537,0.7357391058023008,0
103,8.583,94,person,28.074212686220825,426.0324691772464,17.620197296142578,373.7204284667969,37.71034622192383,425.7716979980469,0.6910108975001958,0.15835745675242274,0.9391300366339583,56
103,8.583,211,car,368.91217577588407,416.63256031078294,308.8714599609375,370.22296142578125,428.47747802734375,415.379150390625,-158.15046909877245,2.471133053957726,0.9369971816348357,56
103,8.583,212,person,928.9035476852245,528.9969790951234,911.1387329101562,435.4031066894531,945.1376953125,529.8634033203125,-18.35148805052411,0.877888103107662,0.888855789370158,0
103,8.583,91,person,723.9942496163503,435.77879289899556,712.9725952148438,376.8815002441406,733.3856811523438,435.7079772949219,-2.2865406078300565,-0.4419409447975838,0.9315967068088225,0
103,8.583,28,car,554.6496333866326,474.19697050995865,508.0645751953125,385.0240478515625,598.5234375,474.90972900390625,-3.0093011541684542,-2.265628353579986,0.7368048439453545,0
103,8.583,218,person,115.04000854492188,429.6561584472656,106.03807067871094,380.27862548828125,124.04194641113281,429.6561584472656,0.0,0.0,0.0,0
103,8.583,11,person,132.43375396728516,434.3517150878906,123.02540588378906,379.57440185546875,141.84210205078125,434.3517150878906,0.0,0.0,0.0,0
103,8.583,219,car,584.6405944824219,540.0,503.39996337890625,485.4998779296875,665.8812255859375,540.0,0.0,0.0,0.0,0
103,8.583,6,car,575.7634508408612,538.8955097380405,483.72308349609375,439.9996643066406,670.7930908203125,538.5675048828125,-6.192930897456098,-1.1354089346514518,0.7646875755473337,0
104,8.667,2,car,675.4669171651205,481.6769332885744,624.7979125976562,408.5014343261719,727.3092041015625,482.2454833984375,-0.21518162318616715,-1.4735307965958642,0.9027820662945568,0
104,8.667,3,car,352.7379918416342,540.0000000000001,257.82232666015625,473.47052001953125,446.7442932128906,540.0,-0.5755501883368026,2.1646493415527658e-13,0.9605621044896134,0
104,8.667,4,car,779.9800493876141,539.0865066528321,698.610107421875,457.6128845214844,863.71826171875,539.114501953125,-0.7491354806079163,0.27027675083729114,0.9353741299915581,0
104,8.667,5,car,423.60687128702807,492.212274169922,382.0920104980469,414.1656799316406,465.1873779296875,491.2618713378906,-0.6273023332866373,-1.0746826171871757,0.9194717021801757,0
104,8.667,8,person,70.65540970166525,436.846640777588,60.682594299316406,384.5773620605469,81.06255340576172,436.75457763671875,-0.4697846276419188,-1.7583605085098974,0.9584263269859323,55
104,8.667,49,person,47.01698306401572,437.05669250488296,36.67100143432617,382.16522216796875,56.83423614501953,437.0605163574219,1.0592996324812007,-0.7835606166293713,0.9644604214749108,54
104,8.667,9,car,199.67546154658,516.0971084594727,123.55866241455078,435.8638916015625,274.0796813964844,515.70556640625,-1.5777039119175174,-14.28002668108247,0.4584404920747267,0
104,8.667,17,truck,273.0002412160239,467.5383878072105,210.00608825683594,353.238037109375,338.6248474121094,467.4673156738281,1.5242058890208428,1.422772652762547,0.8400648215771632,52
104,8.667,176,car,586.0569358825686,503.7817382812501,526.3298950195312,440.256591796875,645.922607421875,501.6664733886719,1.2866703578406373,5.063954380580521,0.744528183779316,0
104,8.667,94,person,27.94170411427816,425.9688067118328,17.40777015686035,373.8420715332031,37.40507125854492,425.72113037109375,0.4353574480329388,0.06503513881159619,0.9344644602691083,56
104,8.667,211,car,356.52258518763955,416.36995588030106,301.93646240234375,370.2676086425781,415.6709289550781,415.01641845703125,-157.0976488721242,1.8464234739865566,0.9371108030357295,56
104,8.667,212,person,927.0726143973212,529.2272705078121,908.9722900390625,434.8470458984375,943.4301147460938,529.6812133789062,-18.75367820655932,1.0874001974582677,0.8845562535702177,0
104,8.667,91,person,723.7873555501303,435.6687838236493,713.6576538085938,377.1789855957031,733.814453125,435.43914794921875,-2.306835937499619,-0.5327859061101157,0.9331836791762048,0
104,8.667,28,car,554.0247480119975,474.21134730747747,508.4722595214844,385.76568603515625,597.4157104492188,474.7983093261719,-3.5081148587744058,-1.994722806490811,0.7407076808228037,0
104,8.667,218,person,114.72819137573242,429.37255859375,106.07535552978516,382.0310363769531,123.38102722167969,429.37255859375,0.0,0.0,0.0,0
104,8.667,11,person,131.0696258544922,433.74163818359375,121.58816528320312,377.8221435546875,140.55108642578125,433.74163818359375,0.0,0.0,0.0,0
104,8.667,219,car,585.3222351074219,540.0,503.43157958984375,485.09429931640625,667.212890625,540.0,0.0,0.0,0.0,0
104,8.667,220,car,115.90268898010254,540.0,31.05813980102539,506.9759216308594,200.7472381591797,540.0,0.0,0.0,0.0,0
105,8.75,2,car,675.6279602050781,481.77195332845054,624.760009765625,408.5809631347656,727.3463745117188,482.0549621582031,0.05083007812509006,-1.0744158063617402,0.9057860579519049,0
105,8.75,3,car,352.5000898996989,540.0000000000001,257.3892822265625,473.185546875,446.89990234375,540.0,-0.8886468069894405,-7.844453947190354e-14,0.9620077996525528,0
105,8.75,4,car,780.2275741577148,539.1573750813801,698.7616577148438,457.6398620605469,864.2557373046875,539.24658203125,-0.46353149414068734,0.3503801618303861,0.9193530855617624,0
105,8.75,5,car,423.409223429362,491.7629483540853,382.1362609863281,414.9133605957031,464.20062255859375,490.8662414550781,-0.8769967215402494,-1.5959354945592383,0.9138544271855803,0
105,8.75,8,person,70.66376338005067,436.66026331583663,60.67127227783203,384.12371826171875,81.15632629394531,436.5506591796875,-0.44327291761125837,-1.8127873011997986,0.957583692817393,0
105,8.75,49,person,47.02741134961447,437.005202738444,36.56992721557617,381.63287353515625,56.911354064941406,436.96209716796875,0.9763208934238948,-0.7386396135604533,0.9631578630558578,0
105,8.75,9,car,199.3326984087626,515.614815266927,123.72594451904297,435.7776794433594,273.5520324707031,514.6596069335938,-1.8301233019147745,-12.380650111607132,0.5126909739701138,0
105,8.75,17,truck,273.2902309417725,467.493317159017,208.82411193847656,353.074462890625,337.0816345214844,467.14404296875,1.9993305751255477,1.1668605259484903,0.8527685000039804,0
105,8.75,176,car,586.2943890889486,503.5673884073893,526.4996337890625,440.0561218261719,645.0917358398438,501.1161804199219,1.7399871826172468,4.420063999720798,0.7348221540428117,0
105,8.75,94,person,27.74822899500529,425.91088104248047,17.417722702026367,374.4217834472656,37.18671798706055,425.71221923828125,0.061768831525536964,-0.013636125837211037,0.9345981091216087,0
105,8.75,212,person,925.294718170166,529.2050003051758,907.2605590820312,434.50433349609375,941.97900390625,528.8507690429688,-19.020686122349527,0.947264753069127,0.8839812640734618,0
105,8.75,28,car,553.4939580281576,474.0968233744304,509.06719970703125,386.3371887207031,596.4242553710938,474.2590637207031,-3.8041181291852535,-1.9305398123605217,0.7474510549731749,0
105,8.75,218,person,114.76855196271623,429.1970970517113,105.9389419555664,380.94891357421875,123.52596282958984,429.1579895019531,-0.6950448172435314,-2.3752964564738734,0.9857593554279084,24
105,8.75,11,person,131.43123154413135,434.00683739071803,122.19068145751953,378.344482421875,141.0456085205078,434.17352294921875,-4.420780726841655,-1.2142508370541596,0.9342727435315443,24
105,8.75,219,car,585.0087890625,540.0,503.00958251953125,485.04742431640625,667.0079956054688,540.0,0.0,0.0,0.0,0
105,8.75,220,car,116.02855491638184,540.0,30.855403900146484,506.8486633300781,201.2017059326172,540.0,0.0,0.0,0.0,0
106,8.833,2,car,675.7150540669764,482.1010396321618,624.5624389648438,408.7724914550781,728.2333374023438,482.7569885253906,0.017778233119935125,-0.34335937499956354,0.9168033739289213,0
106,8.833,3,car,352.2821720123294,540.0000000000002,256.904541015625,472.7862548828125,447.24798583984375,540.0,-1.146155875069388,2.1877700870942098e-13,0.9657983740007352,0
106,8.833,4,car,780.7627403259285,539.206490071615,698.762939453125,457.1654968261719,865.4398193359375,539.2796630859375,0.39722769601086777,0.3716727120538473,0.9081789613462095,0
106,8.833,5,car,423.26516825358107,491.29282150268597,382.5062255859375,415.4332275390625,463.9228515625,490.7222595214844,-1.0204101562497545,-2.1710880824494474,0.9196562721198571,0
106,8.833,8,person,70.76969836552944,436.4690994262699,60.70781707763672,383.7607421875,81.26028442382812,436.34344482421875,-0.19070450919009865,-1.8626194545197663,0.9601067143249169,0
106,8.833,49,person,46.99057176907862,436.9190183003748,36.604576110839844,381.30084228515625,57.045989990234375,436.8126525878906,0.7635001863752734,-0.7598706926615344,0.9657043411632109,0
106,8.833,9,car,198.92524194717424,514.0663940429691,124.0447769165039,435.92578125,273.0568542480469,513.7742309570312,-2.2834008898052476,-13.44931640624951,0.5239586570292606,0
106,8.833,17,truck,273.3599031448366,467.204313151042,208.17434692382812,352.85296630859375,335.7964172363281,466.1554260253906,2.223028891427304,0.6349574497768933,0.858005418299852,0
106,8.833,176,car,586.4119570414232,503.17254104614307,526.9856567382812,439.7434997558594,643.9190673828125,500.0077819824219,1.9867087227963518,3.7201394217358335,0.7141382917014156,0
106,8.833,94,person,27.482394663492858,425.8597071329756,17.307859420776367,374.6488952636719,36.98695373535156,425.73089599609375,-0.4402653285435085,-0.08481706891715572,0.9455450848094944,0
106,8.833,212,person,923.4669499715176,528.9765416463221,905.1521606445312,432.5751647949219,940.7453002929688,528.4147338867188,-19.400215366908174,0.43620169503368283,0.8850729831961004,0
106,8.833,28,car,553.0931187947596,473.86637827555376,510.06317138671875,386.802001953125,596.2117919921875,473.70770263671875,-4.006993756975086,-2.0360621861047727,0.7484800056428292,0
106,8.833,11,person,130.82056781223844,433.8224454607282,121.04522705078125,377.04840087890625,140.03683471679688,433.7264404296875,-5.091669355119946,-1.4446629115510206,0.9354335407981722,0
106,8.833,219,car,585.5641021728516,540.0,502.9331359863281,484.6618957519531,668.195068359375,540.0,0.0,0.0,0.0,0
106,8.833,220,car,116.12918472290039,540.0,30.454383850097656,506.6487731933594,201.80398559570312,540.0,0.0,0.0,0.0,0
107,8.917,2,car,675.9237139383952,482.1682304382326,624.7671508789062,407.8839416503906,728.8230590820312,482.18853759765625,0.203839547293109,-0.134327479771332,0.9132776213477181,0
107,8.917,3,car,352.04416135152195,540.0000000000002,256.8096618652344,472.77362060546875,447.0058288574219,540.0,-1.4229276384626417,-1.1561640216337655e-13,0.9746078016998179,0
107,8.917,4,car,780.8632085164388,539.3685887654624,696.3904418945312,456.5024719238281,864.7601928710938,539.7645874023438,0.6413373674663604,0.5394208635600977,0.9139111334095934,0
107,8.917,5,car,423.1859748840333,490.7593424479168,382.6597595214844,415.1009521484375,464.0159912109375,490.2541809082031,-1.0560934884207414,-2.801963588169707,0.9310502857340681,0
107,8.917,8,person,70.88147959709171,436.2531277974448,60.69273376464844,383.2820739746094,81.34507751464844,436.1700134277344,0.052387700762056955,-1.972599138532421,0.9657962299785557,0
107,8.917,49,person,46.95714735984803,436.80291595459005,36.7089729309082,381.1639099121094,57.173065185546875,436.6485900878906,0.5503230776105438,-0.8290204729352938,0.9728459361439573,0
107,8.917,9,car,198.50478064219163,511.76159617106146,123.81263732910156,435.39581298828125,273.3536682128906,512.99267578125,-2.826492200579055,-16.509068952288068,0.7097212360128422,0
107,8.917,17,truck,273.35145600636815,466.72459716796897,208.0302276611328,352.39227294921875,335.6427307128906,465.4960632324219,2.2741617475238116,-0.1685721261162126,0.8552050214697688,0
107,8.917,176,car,585.85350672404,501.78019536336285,527.3973388671875,439.67718505859375,642.3377685546875,498.8970031738281,0.6746010916574763,0.8165758405413237,0.7685413935072242,0
107,8.917,94,person,27.28909517129263,425.7784660339357,17.195634841918945,373.8465576171875,37.061161041259766,425.6195373535156,-0.7409867559160549,-0.2006221226283851,0.9510934831611955,0
107,8.917,212,person,921.2721956888837,528.8214228312177,902.1748657226562,431.6138610839844,937.9104614257812,528.1774291992188,-20.30566537039651,0.21239449637274402,0.8809463708141106,0
107,8.917,28,car,552.3388542175295,473.4022628784182,511.09423828125,387.5877990722656,595.464599609375,472.71661376953125,-5.2551021030970375,-2.4781729561941956,0.8107248964356216,0
107,8.917,11,person,130.34606424967444,433.6062698364256,120.97305297851562,377.5418701171875,139.57852172851562,433.47216796875,-5.2121440342493734,-1.6745518275668632,0.938795735476152,0
107,8.917,219,car,586.1403626941496,539.9999999999998,502.4686584472656,483.8594665527344,670.1532592773438,540.0,4.789683314731483,-6.658154509916099e-13,0.9661690293443773,0
107,8.917,220,car,116.30400562286377,540.0,30.52103614807129,506.6083984375,202.08697509765625,540.0,0.0,0.0,0.0,0
107,8.917,225,car,380.48536682128906,409.160888671875,344.2073669433594,376.2044982910156,416.76336669921875,409.160888671875,0.0,0.0,0.0,0
108,9.0,2,car,675.9882194519046,482.09829533894873,624.6607666015625,408.2164001464844,727.8526000976562,481.7722473144531,0.22446507045244854,-0.16169389997172276,0.9126151560636541,0
108,9.0,3,car,351.7960962931317,540.0,256.29791259765625,472.5409851074219,446.9654235839844,540.0,-1.6614231654572529,1.313839163808791e-13,0.9811765716232415,0
108,9.0,4,car,780.8322718302413,539.5497014363609,695.5269775390625,455.88653564453125,864.8636474609375,539.9465942382812,0.656215994698963,0.7182102748330157,0.9128438040212881,0
108,9.0,5,car,423.1378462473552,490.28408406575534,382.7603759765625,415.03851318359375,463.86431884765625,489.7818908691406,-1.0224550519667004,-3.1845075334818955,0.9303069887567029,0
108,9.0,8,person,70.89801262219748,436.01014531453455,60.655845642089844,383.0768127441406,81.24333953857422,435.8965148925781,0.0631850378854421,-2.112923322404995,0.9669235085819988,0
108,9.0,49,person,46.96655756632489,436.64074122111015,36.82244110107422,381.2162780761719,57.17168426513672,436.3965148925781,0.4585052490234699,-0.9599709647040352,0.9733661345594645,0
108,9.0,9,car,198.31301685969044,510.4537851969401,123.33609008789062,435.31182861328125,274.7430725097656,513.3980102539062,-2.961531993320885,-17.30255126953118,0.76474444858581,0
108,9.0,17,truck,272.21249548594164,466.4175018310548,203.45333862304688,352.6677551269531,332.1878356933594,465.7215881347656,0.6967800685338698,-0.6042428152898283,0.7651494601226482,0
108,9.0,176,car,585.5264457702636,500.55702819824234,527.8162841796875,439.6058044433594,641.197021484375,497.96270751953125,0.14001682826453668,-1.2547694614951095,0.7659630082423262,0
108,9.0,94,person,27.12928235530854,425.77668329874683,17.08619499206543,373.8745422363281,37.01444625854492,425.8895263671875,-0.9362500190734808,-0.20328761509469295,0.9541982858276299,0
108,9.0,212,person,918.4668279012047,528.7133407592773,897.59375,429.7251281738281,933.8727416992188,528.3558349609375,-21.931779261997498,0.044298444475633206,0.8568731268450633,0
108,9.0,28,car,551.992568333944,472.7523742675783,511.38836669921875,387.7193298339844,594.5695190429688,471.596435546875,-5.365962655203128,-3.1042131696424646,0.8083116125799936,0
108,9.0,11,person,130.0594358656141,433.45581054687466,121.2994384765625,379.0784606933594,139.3060302734375,433.4378356933594,-4.899331665039316,-1.6976623535167177,0.9404827282268557,0
108,9.0,219,car,586.7897545950757,540.0000000000002,502.8385925292969,483.634521484375,671.3184204101562,540.0,5.482687813896083,4.688713821043455e-13,0.9622414193846119,0
108,9.0,220,car,116.30906105041504,540.0,30.326618194580078,506.5316467285156,202.29150390625,540.0,0.0,0.0,0.0,0
108,9.0,225,car,370.57801818847656,409.2583312988281,335.46795654296875,377.3571472167969,405.6880798339844,409.2583312988281,0.0,0.0,0.0,0
108,9.0,204,car,655.3668823242188,413.1396789550781,597.6730346679688,369.5595397949219,713.0607299804688,413.1396789550781,0.0,0.0,0.0,0
108,9.0,91,person,722.7640405151973,434.7976444680892,713.2544555664062,375.8572998046875,733.205078125,433.82318115234375,-2.8225765150634134,-1.3401819692378767,0.9234462996270443,0
109,9.083,2,car,675.9412785847986,481.92373326619503,623.5953979492188,407.1598815917969,727.5504760742188,481.3656921386719,0.1951564243863187,-0.34477059500541785,0.909148479459432,0
109,9.083,3,car,351.58894691467316,540.0000000000002,256.0403137207031,472.34063720703125,447.0427551269531,540.0,-1.8007526942658982,2.1877700870942098e-13,0.9860376360748875,0
109,9.083,4,car,780.6538920084641,539.7164433797204,694.5222778320312,455.06719970703125,864.8809204101562,540.0,0.4379150390630322,0.8675720214847178,0.9049498510550996,0
109,9.083,5,car,423.0651275634769,489.90306116739947,382.35089111328125,414.7214660644531,463.86810302734375,489.79962158203125,-1.0086233956471797,-3.411465454101203,0.9329894815330155,0
109,9.083,8,person,70.93565522829698,435.7253796895348,60.666358947753906,382.38458251953125,81.3392562866211,435.5677490234375,0.11444901057656835,-2.306805855886994,0.9692676342595131,0
109,9.083,49,person,46.95022079149885,436.46864725748736,36.942230224609375,381.96282958984375,56.97959518432617,436.2791442871094,0.3323410851614886,-1.1062761579238733,0.9770976916566442,0
109,9.083,9,car,198.40106919606544,510.5692062377934,123.06307220458984,435.210693359375,276.0763854980469,513.7018432617188,-2.583767591203767,-14.80554460797953,0.7609414658293938,0
109,9.083,17,truck,270.0465098063153,466.04792048136426,198.70286560058594,352.9291076660156,328.666748046875,465.3548583984375,-2.262500871930536,-1.0997353690008997,0.6472863871564357,0
109,9.083,176,car,585.1823631286626,499.2768641153975,528.0247192382812,439.502685546875,640.0660400390625,497.09716796875,-0.29496329171285923,-3.1992527553010275,0.7714387996206217,0
109,9.083,94,person,26.982366712888098,425.69071807861354,17.130002975463867,373.0832824707031,37.16607666015625,425.5382385253906,-1.1445154053824214,-0.30958164760012385,0.9636553049035378,0
109,9.083,212,person,915.4746093750005,528.8355606079106,894.3406982421875,428.9737243652344,930.7212524414062,529.3748779296875,-23.60589425223155,0.13763514927481343,0.8363701985156815,0
109,9.083,28,car,551.6911790211999,472.46902770996127,511.24420166015625,388.4153137207031,593.72509765625,471.6070861816406,-5.2930147443496125,-2.882650320870205,0.8130505241608353,0
109,9.083,11,person,129.86199874877926,433.33577936345864,121.42101287841797,379.8915710449219,139.10195922851562,433.37640380859375,-4.499844360351522,-1.6570379083802909,0.9393307801704128,0
109,9.083,219,car,587.285547892253,540.0000000000003,502.5521545410156,483.2833251953125,672.1278686523438,540.0,5.576054164342648,1.1812279907737176e-12,0.964500573214302,0
109,9.083,220,car,116.46867079961865,539.9999999999999,30.138273239135742,506.38897705078125,202.81272888183594,540.0,1.3304227556500345,1.7355824474783915e-14,0.9955752032480893,0
109,9.083,225,car,363.54771423339844,409.17010498046875,329.4365539550781,378.0855407714844,397.65887451171875,409.17010498046875,0.0,0.0,0.0,0
109,9.083,204,car,648.0146789550781,412.167724609375,592.4830322265625,369.6209411621094,703.5463256835938,412.167724609375,0.0,0.0,0.0,0
109,9.083,91,person,722.6767564359421,434.24647440312447,712.850341796875,375.4428405761719,733.0711669921875,433.7561950683594,-2.6653806353932703,-1.9473316997566579,0.9218503011678598,0
109,9.083,218,person,114.38064446347828,427.37177065585536,106.08019256591797,382.02789306640625,122.5600357055664,426.9713134765625,-0.9648371351525722,-4.160191312749031,0.9569644017221186,0
110,9.167,2,car,675.8255363464356,481.66218236287443,622.8458251953125,406.2895202636719,727.3886108398438,481.07220458984375,0.12581830705939234,-0.6789799281525817,0.9044260970831246,0
110,9.167,3,car,351.4318718592327,540.0,255.7914581298828,472.0467834472656,447.3296203613281,540.0,-1.8578878130229333,4.399082405233716e-14,0.990360123153826,0
110,9.167,4,car,780.3982254028322,539.8624201456707,694.5358276367188,455.1134338378906,864.1777954101562,540.0,0.11529628208754349,0.9891278948105152,0.8959118396658828,18
110,9.167,5,car,422.97687822977707,489.47361399332686,382.1349182128906,414.2403259277344,463.92999267578125,489.5018615722656,-1.0359316144669386,-3.747151402064593,0.944158388475066,0
110,9.167,8,person,71.0325578848521,435.4795906066895,60.74509048461914,382.5094299316406,81.28208923339844,435.4739990234375,0.31711766379221507,-2.4255078996927786,0.9827821301196306,0
110,9.167,49,person,46.95557238260906,436.29264933268246,37.17045211791992,382.66015625,56.94184494018555,436.1491394042969,0.24974016462055054,-1.2487165178569195,0.9818953229482553,0
110,9.167,9,car,198.7211462338766,510.94128316243496,122.11546325683594,434.4809875488281,278.8601989746094,514.6302490234375,-1.9470008305140583,-12.378070940289941,0.7243352237163018,15
110,9.167,17,truck,267.77223122914637,465.70352198282893,196.917724609375,353.20330810546875,328.13983154296875,465.1912841796875,-5.270013100760187,-1.5037837437217638,0.5963046428745626,15
110,9.167,176,car,584.8584370930993,498.2088030497234,528.2891235351562,439.58001708984375,639.3209838867188,496.5418395996094,-0.6299037388387574,-4.466720581054471,0.7658021114779998,0
110,9.167,94,person,26.927270778020226,425.52610702514653,17.093547821044922,372.4306945800781,37.29640579223633,425.33416748046875,-1.139932986668166,-0.560215105329168,0.967542410967373,0
110,9.167,212,person,912.4902394612633,528.7204427083334,891.8878173828125,428.49755859375,927.85009765625,528.5112915039062,-25.05206647600392,-0.07995954241041027,0.8262387737706733,18
110,9.167,28,car,551.2757414499919,472.177991994222,510.8869323730469,388.8416748046875,592.755615234375,471.5535583496094,-5.410658700125441,-2.79627293178008,0.8165309796739826,0
110,9.167,11,person,129.73485669222745,433.2820448441939,121.44047546386719,379.94207763671875,139.0914306640625,433.4627990722656,-4.074967262961619,-1.5124345259231637,0.9353050640403184,0
110,9.167,219,car,587.5552408854167,540.0,502.52264404296875,483.35626220703125,671.945556640625,540.0,5.163159179687907,1.1308256159569093e-13,0.9614187618817345,0
110,9.167,220,car,116.50493843214855,540.0000000000002,29.39900016784668,506.10235595703125,203.438720703125,540.0,1.1238355636597934,4.749002939148052e-13,0.9924967496491358,0
110,9.167,225,car,359.2514343261719,408.6700134277344,327.07281494140625,379.1304016113281,391.4300537109375,408.6700134277344,0.0,0.0,0.0,0
110,9.167,91,person,722.7892152753067,433.82326660364487,713.3287353515625,375.4880065917969,733.5094604492188,433.5655822753906,-2.2567923320354004,-2.3637514143663725,0.9200606668996877,0
110,9.167,218,person,114.25162405003617,426.7910006163552,105.95204162597656,381.6952819824219,122.4485092163086,426.54376220703125,-1.0402212924643754,-4.523158339202871,0.9560580695418249,0
111,9.25,2,car,675.8392051696779,481.5800415039063,623.2621459960938,406.8929138183594,727.83203125,481.6151123046875,0.2268768310550747,-0.747760881696325,0.9068193366969994,0
111,9.25,3,car,351.3394020716349,540.0,255.47093200683594,471.6833801269531,447.65667724609375,540.0,-1.7897202627998923,9.688909436029122e-14,0.9867073194468312,0
111,9.25,4,car,780.1385164896649,539.9796137491863,695.3273315429688,455.70513916015625,863.2022705078125,539.9556274414062,-0.20982971191363117,1.0750619070872511,0.8901340201852862,21
111,9.25,5,car,422.94699681599934,489.0407958984376,382.3245544433594,414.0718688964844,463.9914855957031,489.0467529296875,-0.9767565046037303,-4.020315987722959,0.9516557290493813,0
111,9.25,8,person,71.05776502291363,435.2617996215821,60.73712921142578,382.449462890625,81.16604614257812,435.2657775878906,0.3485025950840874,-2.462033517019901,0.9845246008887938,0
111,9.25,49,person,47.02829650243124,436.109699757894,37.47393035888672,383.9835205078125,56.764347076416016,435.93963623046875,0.33734386989049525,-1.3715554373603285,0.9818762810567387,0
111,9.25,9,car,199.15539455413824,511.63289998372414,121.50759887695312,434.0597839355469,280.28887939453125,515.071044921875,-1.1650794982908979,-9.606162806919315,0.717815138122228,18
111,9.25,17,truck,265.332672627767,465.6143864949545,193.87368774414062,353.22265625,327.7731018066406,465.9957580566406,-8.321481759207474,-1.544962855747593,0.5751336038960628,18
111,9.25,176,car,584.4334643046062,497.1247467041017,528.4635620117188,439.5403137207031,639.0641479492188,496.101318359375,-1.2527539934428498,-5.739378138950701,0.7818740335646279,0
111,9.25,94,person,26.934112095832834,425.41081593831393,16.886497497558594,372.0898132324219,37.25699996948242,425.3404541015625,-0.9550429344177118,-0.6919634137833458,0.9720170528729856,0
111,9.25,212,person,909.3474245707197,528.794383239746,889.164306640625,428.8545227050781,925.1500244140625,529.0455322265625,-26.722125680105435,0.020672607421818257,0.8348930068740759,21
111,9.25,28,car,551.2912405649821,472.31324818929045,511.1387023925781,389.51226806640625,593.73876953125,472.9944763183594,-4.730124991280684,-2.1866115025109347,0.8131437662265824,0
111,9.25,11,person,129.97474054189823,433.5192072941704,122.5474624633789,381.9500732421875,140.17337036132812,434.3877258300781,-3.1679794204820433,-0.9439496660573132,0.899213047691902,0
111,9.25,219,car,587.7747450395061,540.0,502.7799987792969,483.4653625488281,671.9708251953125,540.0,4.763826127485191,-2.9500300747047266e-13,0.9572575074137726,0
111,9.25,220,car,116.62787930170698,540.0000000000003,29.160717010498047,505.8910217285156,204.1770477294922,540.0,1.1941265378680197,5.304584761950513e-13,0.9924855616219153,0
111,9.25,225,car,353.2856750488281,409.08795166015625,320.79852294921875,378.7694396972656,385.7728271484375,409.08795166015625,0.0,0.0,0.0,0
111,9.25,218,person,114.1612772700762,426.3968248463638,105.85188293457031,381.4751892089844,122.45891571044922,426.369140625,-1.0454247214578491,-4.547665682706133,0.9585363015531895,0
112,9.333,2,car,676.0214261372885,481.5277356465658,624.10302734375,407.27874755859375,728.3162841796875,481.5130920410156,0.5338322230746159,-0.72053702218201,0.9098567250007714,0
112,9.333,3,car,351.3113911310831,540.0000000000001,255.3055419921875,471.3596496582031,447.97320556640625,540.0,-1.6225953238351103,7.060787741072899e-14,0.9812879244931202,0
112,9.333,4,car,779.8792098999023,540.0618794759114,695.5966186523438,455.829833984375,862.750732421875,539.912841796875,-0.527147565569405,1.1064906529018423,0.8865248173691865,26
112,9.333,5,car,422.99933052062994,488.6818636576335,382.35113525390625,413.89678955078125,464.2073974609375,488.9027099609375,-0.7658432006835804,-4.14509059361056,0.9559276185662022,0
112,9.333,8,person,71.08148959477744,435.07580337524416,60.75124740600586,382.0201110839844,81.25028228759766,435.1316833496094,0.3624858856201151,-2.436855207170681,0.9847474029861469,0
112,9.333,49,person,47.116131210327154,435.93789800008153,37.55855941772461,384.164794921875,56.81989288330078,435.8441162109375,0.4482251848493438,-1.4707986014229282,0.9846877086523036,0
112,9.333,9,car,199.75689268112183,513.2072097778321,118.53199768066406,434.1249694824219,284.63446044921875,519.1331787109375,-0.18029300144742666,-6.167585972377189,0.6352909680547999,19
112,9.333,17,truck,263.1817390441895,465.8495068868002,191.99411010742188,352.7142028808594,329.16351318359375,467.2550048828125,-10.764149257114964,-1.1780286516462364,0.5839868723623758,19
112,9.333,176,car,584.0080256144205,496.1886761983236,528.0208129882812,439.3018798828125,639.235595703125,496.0994567871094,-1.8530142647879781,-6.740725708007779,0.8126851888762024,0
112,9.333,94,person,26.94346364339193,425.3392789204916,16.73267936706543,371.5355224609375,37.3475341796875,425.3525695800781,-0.785995265415737,-0.7274505615234109,0.9757332806531038,0
112,9.333,212,person,906.2727444966637,529.2520818074546,886.4722900390625,428.9801330566406,923.0762939453125,530.49267578125,-28.148111833844403,0.6478559221542611,0.8454944557173226,26
112,9.333,28,car,551.5489939371745,472.24378509521483,511.2937927246094,389.15472412109375,594.205322265625,473.0398864746094,-3.6491768973216283,-2.1888035365513963,0.8174946657957838,0
112,9.333,11,person,130.0478044866205,433.56290209424344,122.00606536865234,380.95599365234375,139.86923217773438,433.88592529296875,-2.6826098096239384,-0.7677551940247546,0.8938040285318988,0
112,9.333,219,car,587.9856574318629,540.0000000000001,502.5973815917969,483.2021484375,672.5764770507812,540.0,4.444843639027598,2.0310168870487482e-13,0.9543404490668648,0
112,9.333,220,car,116.75418056911894,540.0000000000001,28.758188247680664,505.6507568359375,204.8384246826172,540.0,1.250859832763718,2.375541031459509e-13,0.9924404625368975,0
112,9.333,218,person,114.13848919844096,426.11493746547916,105.8682861328125,381.152587890625,122.67544555664062,426.31622314453125,-0.9605486738214699,-4.419574796036474,0.9585250807568584,0
113,9.417,2,car,676.2442820231123,481.5078058878581,624.1054077148438,406.99755859375,728.8842163085938,481.4742431640625,0.8546369280138536,-0.6194902692521103,0.9131717098954159,0
113,9.417,3,car,351.38384850819915,540.0,255.156494140625,470.75518798828125,448.8623352050781,540.0,-1.3564044407433757,4.399082405233716e-14,0.9678400051192387,0
113,9.417,4,car,779.5931513468425,540.140525309245,695.339111328125,455.5595397949219,862.6261596679688,539.9811401367188,-0.8757019042967156,1.127207728794802,0.8843752085534126,29
113,9.417,5,car,423.09346796671554,488.434056599935,382.27838134765625,413.78533935546875,464.39422607421875,488.9310607910156,-0.48849269321986477,-4.085203334263166,0.9563981065556206,0
113,9.417,8,person,71.11054650942485,434.9346138000489,60.86027526855469,381.6570739746094,81.4443130493164,435.06353759765625,0.34647895268034723,-2.3390611921035567,0.9848854255746006,0
113,9.417,49,person,47.15260014533998,435.80148239135747,37.368595123291016,383.72674560546875,56.81412887573242,435.8113098144531,0.46592175619944326,-1.5051177978513868,0.985679213978629,0
113,9.417,9,car,200.37673966089892,514.2702153523763,119.09774780273438,433.4522399902344,284.3689270019531,517.9963989257812,0.812118366786586,-3.817102922711886,0.6130910507125976,18
113,9.417,17,truck,262.4728508631388,465.74307327270515,196.794921875,351.7348327636719,333.5321044921875,465.9302978515625,-11.205725424630245,-1.2568032400948304,0.599857138701372,18
113,9.417,176,car,583.1530372619632,495.2135477701824,526.1404418945312,438.6618347167969,637.1571655273438,495.2745361328125,-2.9457942417684313,-7.690482003348003,0.8398952782044922,0
113,9.417,94,person,26.926185091336574,425.25901158650737,16.67033576965332,371.2008361816406,37.37474060058594,425.2406921386719,-0.7084685325622492,-0.7657666887553827,0.9759688830857645,0
113,9.417,212,person,903.4102223714193,529.5360305786133,884.5062255859375,428.50433349609375,920.9605102539062,529.7587280273438,-29.09345528738805,1.0936863490513746,0.8598755614878025,29
113,9.417,28,car,551.4914571126303,471.91212259928403,510.2763366699219,389.6381530761719,592.0941772460938,472.2596130371094,-2.9959926060264572,-2.63633684430776,0.8479977683907618,0
113,9.417,11,person,129.98093032836917,433.50499093191974,121.36946868896484,379.8713073730469,139.4976348876953,433.52252197265625,-2.47370759733429,-0.7596639444539826,0.8957569806441456,0
113,9.417,219,car,588.000754331931,539.9999999999999,501.8413391113281,482.9352722167969,672.4608764648438,540.0,3.888711355782815,2.771558154445306e-13,0.9398554322841849,0
113,9.417,220,car,116.84923957477913,539.9999999999999,28.445890426635742,505.476806640625,205.21780395507812,540.0,1.233467448841492,7.121663024297971e-14,0.9927642390638757,0
114,9.5,2,car,676.515194193522,481.2986643473308,625.1824951171875,407.4274597167969,728.938232421875,480.8968811035156,1.1287118094306479,-0.8447596958704356,0.9091274852706428,0
114,9.5,3,car,351.50659058888755,540.0,255.04141235351562,470.2980041503906,449.3456726074219,540.0,-1.046714891705995,9.688909436029122e-14,0.9570136876297141,0
114,9.5,4,car,779.2754814147951,540.1872111002605,695.1104736328125,455.2601623535156,862.4354248046875,539.9473266601562,-1.2647369384764573,1.0980050223216853,0.8839859940939342,30
114,9.5,5,car,423.15435307820644,488.2193186442058,382.3116455078125,413.73828125,464.2078857421875,488.5800476074219,-0.2937914167130957,-3.918336704798908,0.956642099482395,0
114,9.5,8,person,71.21908906300865,434.83284734090176,61.13766860961914,381.0813293457031,81.91189575195312,435.0351867675781,0.4274763924735335,-2.19449942452552,0.9799984806100847,0
114,9.5,49,person,47.17631607055665,435.69323603312176,37.08536911010742,381.92144775390625,57.15810775756836,435.80157470703125,0.449465070452015,-1.50128566196982,0.9853866003448489,0
114,9.5,9,car,201.04196036656705,516.9023798624677,114.87922668457031,434.0816650390625,289.1714782714844,523.9219970703125,1.8405024392265241,0.5646684919087142,0.5477706998001828,16
114,9.5,17,truck,261.06784648895274,465.4556734720866,192.4665069580078,351.3092041015625,330.2561950683594,465.05029296875,-12.36025248936231,-1.5375013078961972,0.622834808314322,16
114,9.5,176,car,582.2087989807131,493.76103413899745,527.2379150390625,438.1139221191406,634.6967163085938,492.56280517578125,-4.118945748465128,-9.13152727399543,0.8769699364317511,0
114,9.5,94,person,26.885588169097907,425.17563069661463,16.69029998779297,371.1084899902344,37.395267486572266,425.1255798339844,-0.7175009046281958,-0.7937046595981133,0.9761752706077237,0
114,9.5,212,person,900.7891342163086,529.8108591715496,882.5672607421875,426.9910888671875,919.617431640625,530.4000854492188,-29.633341761997535,1.3175903320314197,0.8694543652324728,30
114,9.5,11,person,129.92967576980593,433.414735921224,121.25689697265625,379.7268981933594,139.5745086669922,433.3301696777344,-2.281433159964389,-0.7931187220981049,0.8971891227071072,0
114,9.5,219,car,588.0241903787131,540.0000000000001,501.2095642089844,482.384033203125,673.2515258789062,540.0,3.455813900455053,1.3649738772771997e-13,0.9316245370245548,0
114,9.5,220,car,116.93089797280055,540.0000000000001,28.357036590576172,505.3868713378906,205.41419982910156,540.0,1.1972436384721514,2.5012360623025764e-13,0.9927155006829106,0
114,9.5,230,bus,713.9549560546875,416.27386474609375,658.0477905273438,327.4734802246094,769.8621215820312,416.27386474609375,0.0,0.0,0.0,0
115,9.583,2,car,676.6750231424968,480.9246559143067,625.2316284179688,407.3468933105469,728.5648193359375,480.20867919921875,1.204950387137202,-1.2977508544921619,0.9055469867703995,0
115,9.583,3,car,351.7366470336914,540.0000000000001,255.9503936767578,470.5619201660156,449.15557861328125,540.0,-0.5952235630582193,7.060787741072899e-14,0.9467656396711801,0
115,9.583,4,car,778.9191126505534,540.2153620402019,695.0625,455.15069580078125,862.1564331054688,539.97021484375,-1.729899379185455,1.0342660086495428,0.8886360659106074,31
115,9.583,5,car,423.23000437418625,488.04946950276695,382.73797607421875,413.71112060546875,464.4635314941406,488.2096252441406,-0.1876595633371147,-3.6172877720425056,0.9610961987811686,0
115,9.583,8,person,71.29280265172324,434.7386113484701,60.99476623535156,380.52374267578125,81.89784240722656,435.0089416503906,0.4638403211320961,-2.0819536481585916,0.9762732413553827,0
115,9.583,49,person,47.16786526044209,435.63606109619144,36.69544982910156,380.2772216796875,57.3277473449707,435.9039001464844,0.3964046205792958,-1.4345293317522094,0.9809083383058245,0
115,9.583,9,car,201.75498984654743,521.5049585978189,107.0355224609375,433.05303955078125,298.0558166503906,533.121337890625,2.845577512468565,7.080759102957393,0.3706805249280386,0
115,9.583,17,truck,259.2369909286499,464.8417958577474,189.62237548828125,351.2927551269531,327.7125549316406,463.58831787109375,-13.979068320138227,-2.2275408063617586,0.6487922358215318,0
115,9.583,176,car,581.1524096171063,492.249843343099,526.696533203125,437.435546875,632.4030151367188,490.5238342285156,-5.208386666433986,-10.264756556919753,0.8575889527689395,25
115,9.583,94,person,26.861050097147622,425.07576548258464,16.694799423217773,371.2142639160156,37.233985900878906,424.8984680175781,-0.6713973999023468,-0.812593296596025,0.9752644227781321,0
115,9.583,212,person,898.4115628560386,529.9029006958008,881.0496826171875,425.5255432128906,918.286865234375,530.1319580078125,-29.830568586076954,1.20401000976556,0.8756226598625099,31
115,9.583,11,person,130.26276699701947,433.595820871989,122.34613037109375,380.39141845703125,141.17799377441406,434.3124084472656,-1.5861254555838413,-0.4672995431083737,0.8763560566956233,0
115,9.583,219,car,587.9255593436103,539.9999999999998,501.0447692871094,482.4189758300781,672.5725708007812,540.0,2.9403265313784326,-2.2724540122198243e-13,0.9179013571384035,0
115,9.583,220,car,117.0771967080923,540.0,29.028440475463867,505.5173645019531,205.34848022460938,540.0,1.2700707495628893,-2.439828154101909e-13,0.9911737434802076,0
115,9.583,230,bus,704.7014770507812,411.831787109375,651.03759765625,327.0867919921875,758.3653564453125,411.831787109375,0.0,0.0,0.0,0
115,9.583,161,person,764.6234741210938,433.3345642089844,758.091552734375,382.49298095703125,771.1553955078125,433.3345642089844,0.0,0.0,0.0,0
115,9.583,28,car,551.6948623657227,471.0886838472806,512.0416870117188,390.159912109375,592.15380859375,470.9557189941406,-1.7564110389120615,-3.326058400171236,0.8795010142486532,25
116,9.667,2,car,676.6892351786295,480.6401357014974,624.9544067382812,407.68359375,728.2572631835938,480.3561706542969,1.037806483677505,-1.6033185686383569,0.9080558637358126,0
116,9.667,3,car,351.9986714045207,540.0,256.4548034667969,470.67889404296875,449.0111083984375,540.0,-0.13008433750692128,4.399082405233716e-14,0.9413553135753233,0
116,9.667,4,car,778.5138155619305,540.2229888916016,695.1551513671875,455.3316650390625,861.4796142578125,540.0,-2.2543225969583953,0.9291765485492417,0.8984514634127179,29
116,9.667,5,car,423.2712622324627,487.95152562459316,382.52691650390625,413.8832092285156,464.375,488.3579406738281,-0.11740264892581441,-3.2900534493580933,0.9606374675790232,0
116,9.667,8,person,71.25530843734744,434.6580983479818,60.4495735168457,379.5348205566406,81.58745574951172,434.94476318359375,0.36862057277138316,-1.9648838588166175,0.9716124151310356,0
116,9.667,49,person,47.079199663798015,435.60814514160165,36.21608352661133,378.9889221191406,57.15161895751953,435.9293518066406,0.2496574401855516,-1.331610979352508,0.971484933286289,0
116,9.667,9,car,202.36229092280075,526.2886433919272,104.26961517333984,432.016357421875,301.00274658203125,536.7073974609375,3.590423093523366,13.167522321428788,0.26576594638731055,0
116,9.667,17,truck,259.0213577906292,464.23339385986344,195.2551727294922,351.1141357421875,333.06268310546875,463.19683837890625,-13.494529397146803,-2.845602852957328,0.620210653320969,0
116,9.667,176,car,580.239644877116,491.1968447367351,525.5419311523438,437.2144775390625,633.1146850585938,491.0144958496094,-5.9926051548545525,-10.650749424525229,0.8633389559555196,29
116,9.667,94,person,26.802019961675015,424.9223640441896,16.700037002563477,372.093505859375,36.73199462890625,424.63629150390625,-0.6506840024675506,-0.9134334019250044,0.9729190958667608,0
116,9.667,212,person,896.3046035766603,528.5102691650392,880.8785400390625,424.8936462402344,916.1130981445312,523.9741821289062,-29.68231462751124,-0.697134835379255,0.8177976956465806,29
116,9.667,11,person,130.84328317642215,433.8971837361655,122.9408950805664,381.2481994628906,142.10923767089844,434.7929992675781,-0.5231387002127251,0.010444859096269356,0.8595570471338281,0
116,9.667,219,car,587.85646870931,540.0,501.1834716796875,482.3508605957031,672.55810546875,540.0,2.5503871372769287,4.399082405233716e-14,0.9105623788281899,0
116,9.667,220,car,117.06584898980104,540.0,28.854610443115234,505.5891418457031,204.65834045410156,540.0,1.101321545275892,-1.519238168504528e-14,0.9834188145831879,0
116,9.667,230,bus,693.8339233398438,412.9710388183594,638.8223266601562,327.0389404296875,748.8455200195312,412.9710388183594,0.0,0.0,0.0,0
116,9.667,233,car,512.9924011230469,413.5285339355469,439.45196533203125,367.8729248046875,586.5328369140625,413.5285339355469,0.0,0.0,0.0,0
116,9.667,161,person,764.6647644042969,433.0802917480469,758.06591796875,382.6497497558594,771.2636108398438,433.0802917480469,0.0,0.0,0.0,0
116,9.667,28,car,553.1044632840391,470.83180257046666,515.6621704101562,389.1407470703125,597.7763671875,470.8758239746094,0.24194895498157135,-3.2989486801943437,0.7997931123718313,29
116,9.667,218,person,113.36044531928172,425.2366644965278,103.56828308105469,376.1290283203125,122.25638580322266,426.1911926269531,-1.5220303853352737,-3.8764689127606045,0.9245781934203778,0
117,9.75,2,car,676.5091311136882,480.424070485433,623.569091796875,406.56280517578125,728.4761352539062,480.53155517578125,0.5943642752512565,-1.8233917236327037,0.9139309510178684,0
117,9.75,3,car,352.28615531921395,540.0,256.7317810058594,470.65606689453125,449.0608825683594,540.0,0.3450171334405138,9.688909436029122e-14,0.9410070532712497,0
117,9.75,4,car,778.2411221822105,540.1456059773764,695.8564453125,455.2823181152344,861.43701171875,539.733642578125,-2.57557067871064,0.7132611955916489,0.9091078652314198,25
117,9.75,5,car,423.27823626200353,487.7510070800782,382.22393798828125,413.252197265625,464.1717224121094,487.7784118652344,-0.053853280203719815,-3.13314383370532,0.9650680856846662,0
117,9.75,8,person,71.23276659647627,434.5916386922201,60.71040725708008,380.596923828125,81.36814880371094,434.89251708984375,0.31097782679969316,-1.8427132742744095,0.9679574567344246,0
117,9.75,49,person,46.93165140151978,435.621938832601,36.19742965698242,379.70892333984375,56.69586181640625,436.03662109375,0.026757758004340056,-1.1841888427732157,0.9610753587891797,0
117,9.75,9,car,202.90370267232262,530.9398712158203,103.80130004882812,431.1617431640625,301.4076232910156,537.8963012695312,4.231579807826521,18.927879115513402,0.2815398448089963,0
117,9.75,17,truck,260.2886536916097,464.0279464721681,199.53741455078125,350.9444580078125,337.55035400390625,463.8721618652344,-10.766356331961433,-2.7242353166851747,0.48962642752693963,0
117,9.75,176,car,579.5420560201011,490.6766148885091,524.242431640625,436.74053955078125,634.5236206054688,491.9228820800781,-6.387449863978381,-10.22483694893976,0.8580029588742052,28
117,9.75,94,person,26.868389471371966,424.6745864868165,17.85645294189453,375.51177978515625,36.34805679321289,424.1753845214844,-0.45452037538800727,-1.1392063685823504,0.9662654137835178,0
117,9.75,212,person,894.5540153503421,526.3573232014976,880.0728759765625,423.952880859375,914.2891235351562,520.1161499023438,-28.900091988699216,-3.4044590541291235,0.7316915641066526,25
117,9.75,11,person,131.06091547012332,434.0722478230795,121.37903594970703,380.9669494628906,140.649658203125,434.3390808105469,0.07959087916786295,0.3166128976006277,0.8772544499883688,0
117,9.75,219,car,587.8027928670248,540.0,500.8033752441406,481.6291198730469,674.0944213867188,540.0,2.0651707240515536,9.688909436029122e-14,0.9170515975963947,0
117,9.75,220,car,116.97175707135878,540.0000000000001,28.907264709472656,505.70947265625,203.96234130859375,540.0,0.853496593433374,3.270530384697598e-14,0.971543746923354,0
117,9.75,230,bus,683.1827392578125,414.6411437988281,625.6310424804688,326.4421691894531,740.7344360351562,414.6411437988281,0.0,0.0,0.0,0
117,9.75,233,car,492.4123992919922,412.81732177734375,418.2873840332031,366.5811462402344,566.5374145507812,412.81732177734375,0.0,0.0,0.0,0
117,9.75,28,car,553.8272190923275,471.0925903486166,512.1727905273438,386.0865783691406,598.50048828125,472.5130615234375,1.219808827275555,-2.645978114916313,0.7817485026936878,28
117,9.75,218,person,113.0213778559367,425.0338658650715,103.03339385986328,373.4034423828125,122.42472076416016,425.2071228027344,-1.7995087432861627,-3.7237579345704637,0.9222379898247485,0
118,9.833,2,car,676.2159362792969,480.28363291422534,622.4358520507812,405.5611877441406,728.3577880859375,480.4783630371094,0.08651994977664891,-1.8600821358816175,0.9098367088304071,0
118,9.833,3,car,352.5876745223998,540.0000000000001,256.97003173828125,470.6117858886719,449.193603515625,540.0,0.7999129159108969,7.060787741072899e-14,0.9438442054991236,0
118,9.833,4,car,778.0907259623212,540.0386850992837,696.2692260742188,455.0019836425781,861.9306030273438,539.6397705078125,-2.755424717494388,0.4671752929685585,0.9195212469125429,22
118,9.833,5,car,423.33192024230954,487.4867106119792,382.5921630859375,413.2401123046875,464.2095031738281,487.32257080078125,0.054882594517332975,-3.0875871930803536,0.9673774680771401,0
118,9.833,8,person,71.13950792948405,434.52317428588873,60.50382995605469,380.662353515625,81.0144271850586,434.70330810546875,0.1651022774832312,-1.7091496058873024,0.9640232276675452,0
118,9.833,49,person,46.788809378941856,435.4784614562988,36.4569206237793,380.4400634765625,56.317325592041016,435.27606201171875,-0.1705404281616118,-1.2199205671038986,0.9571957035621206,0
118,9.833,9,car,203.20712289810186,534.8429621378583,104.705322265625,431.19342041015625,300.46588134765625,538.3275756835938,4.320628738403371,23.04080200195338,0.42581127945690134,0
118,9.833,17,truck,262.46739241282154,463.90418701171876,202.23709106445312,350.3439636230469,340.60675048828125,464.4319152832031,-6.72374365670331,-2.6615269252230624,0.36841246078431866,0
118,9.833,176,car,579.1181269327801,490.5091397603353,524.0408325195312,436.5836181640625,635.8037719726562,492.53460693359375,-6.402128383091262,-9.335542079380552,0.8351303291265975,32
118,9.833,94,person,26.92782924175263,424.3146166483561,18.39862060546875,377.6593933105469,35.77359390258789,423.6109313964844,-0.2864333970206169,-1.5093527657644994,0.9571850224822291,0
118,9.833,212,person,892.9866012573244,524.532851155599,878.5648803710938,423.4986267089844,912.8321533203125,519.9550170898438,-27.87969360351532,-5.399738420759021,0.6836473312296768,22
118,9.833,11,person,131.17762002944949,434.1902712504069,121.1042709350586,381.1302490234375,140.32444763183594,434.1198425292969,0.4761580875941919,0.5454384940009745,0.8954287864990208,0
118,9.833,219,car,587.8297813415527,539.9672398885092,500.48309326171875,480.951171875,675.0964965820312,539.8644409179688,1.751528058732979,-0.04066772460933202,0.9231538312407856,0
118,9.833,220,car,116.87297055721284,540.0000000000001,28.54567527770996,505.54345703125,204.13392639160156,540.0,0.6425723075866796,7.060787741072899e-14,0.9645656980885279,0
118,9.833,230,bus,673.1788024902344,420.1019287109375,610.2611083984375,325.9432373046875,736.0964965820312,420.1019287109375,0.0,0.0,0.0,0
118,9.833,233,car,471.39064025878906,411.6910095214844,399.1779479980469,366.3786315917969,543.6033325195312,411.6910095214844,0.0,0.0,0.0,0
118,9.833,28,car,553.8919994077095,471.384463819456,506.09637451171875,375.6738586425781,600.5626831054688,472.43621826171875,1.3354190478711678,-1.8928009476656442,0.7811523480240641,32
118,9.833,218,person,112.73178520202634,424.8736470540364,103.23570251464844,376.1413269042969,121.75012969970703,425.0348815917969,-1.9913079071045194,-3.4602722167970996,0.9222531237719112,0
118,9.833,161,person,764.4266357421875,432.79510498046875,757.6704711914062,382.141357421875,771.1828002929688,432.79510498046875,0.0,0.0,0.0,0
119,9.917,2,car,675.9000897725424,480.1597292582195,622.3274536132812,405.8885803222656,727.5130615234375,480.3722229003906,-0.32541111537373,-1.85840148925757,0.9009345555726804,0
119,9.917,3,car,352.8397730509441,540.0,256.84912109375,470.44244384765625,449.30029296875,540.0,1.141636439732383,4.399082405233716e-14,0.9494512225918249,20
119,9.917,4,car,777.9671493530276,539.9784077962241,695.163330078125,454.5016784667969,861.59228515625,539.8762817382812,-2.64882725306864,0.27678222656274476,0.9193534126970659,19
119,9.917,5,car,423.45032869974773,487.2307085673015,382.4955139160156,412.6395568847656,464.70928955078125,487.13934326171875,0.262130519322251,-3.05530177525095,0.971296257976662,48
119,9.917,8,person,70.97159735361737,434.41721928914393,60.42885971069336,381.43377685546875,80.45620727539062,434.40069580078125,-0.07359695434565967,-1.621771676199526,0.9590346931468873,0
119,9.917,49,person,46.66193750699362,435.18561096191416,36.81543731689453,381.156494140625,56.06087875366211,434.498046875,-0.35209669385637177,-1.4290963309151,0.9489129982641953,0
119,9.917,9,car,203.1856974601746,535.3737828572592,114.4959945678711,431.70245361328125,288.760986328125,526.7421264648438,3.962834439958863,22.689459228515886,0.3971328662331778,0
119,9.917,17,truck,264.87158959706625,463.8169420878093,203.14993286132812,349.86541748046875,340.78021240234375,463.9864501953125,-2.333646174839417,-2.413276454380386,0.3225999799612945,17
119,9.917,176,car,579.3552566528322,491.1120760599773,524.69775390625,437.779052734375,639.35791015625,495.2985534667969,-5.527229527064509,-7.574174717494271,0.7353142796134841,44
119,9.917,94,person,27.011017974217744,423.887624613444,19.000696182250977,379.1170959472656,35.53386306762695,423.1379699707031,-0.1279223033359931,-1.946120779854642,0.9482391687575289,0
119,9.917,212,person,891.7043581644697,523.1774164835613,877.3218383789062,423.2340087890625,911.8609619140625,520.9713745117188,-26.46527579171245,-6.727930559430704,0.6550538223841142,19
119,9.917,11,person,131.2254244486491,434.077126312256,121.45894622802734,381.16912841796875,140.549072265625,433.47589111328125,0.5656075613840211,0.3818468366353082,0.8939678217224831,0
119,9.917,219,car,587.8786566416422,539.9253458658854,500.4756164550781,480.7484130859375,675.1845092773438,539.8126220703125,1.5487054007394583,-0.09107142857132995,0.9254832419336025,0
119,9.917,220,car,116.67859950065616,540.0,26.69048309326172,504.8163146972656,205.354248046875,540.0,0.29568745749340397,4.399082405233716e-14,0.9561002309078925,0
119,9.917,230,bus,663.9405619303385,418.0371326264881,600.6749267578125,325.0458679199219,729.1907348632812,417.7948913574219,-120.11308593750063,11.686512974330254,0.9444575009665045,48
119,9.917,233,car,451.18849182128906,413.0392761230469,375.9440002441406,365.4051208496094,526.4329833984375,413.0392761230469,0.0,0.0,0.0,0
119,9.917,161,person,764.3705749511719,432.6481628417969,757.4700317382812,381.30157470703125,771.2711181640625,432.6481628417969,0.0,0.0,0.0,0
120,10.0,2,car,675.8000605265299,480.0144271850587,622.7918090820312,405.40606689453125,728.6007080078125,480.19500732421875,-0.4560974121091873,-1.8949244907922187,0.9016686263146273,0
120,10.0,3,car,352.97986227671305,540.0,256.2523498535156,470.12664794921875,449.2868957519531,540.0,1.3103573390417211,9.688909436029122e-14,0.9561814819359199,0
120,10.0,4,car,777.9142161051434,539.9382614135744,694.6104736328125,453.84625244140625,861.7731323242188,539.9655151367188,-2.3604963030130026,0.12579607282391642,0.9226137054243232,16
120,10.0,5,car,423.50943921407077,486.88405914306645,381.8886413574219,410.8296813964844,465.33770751953125,486.5560607910156,0.3126362391882456,-3.156965855189507,0.9680295734585521,0
120,10.0,8,person,70.91957739194234,434.23057022094736,60.8759651184082,381.0873107910156,80.83373260498047,433.935791015625,-0.15603684016635969,-1.6428994315010308,0.9587740278868704,0
120,10.0,49,person,46.548346074422206,434.8794626871746,36.678157806396484,379.4871520996094,56.256221771240234,434.23223876953125,-0.5155733380998748,-1.6419381277900038,0.9439363864348764,0
120,10.0,9,car,203.06643953323368,533.8782745361328,120.30036163330078,432.0047607421875,282.9270324707031,520.0761108398438,3.4184255872454337,19.506701660156537,0.12683768304509258,0
120,10.0,17,truck,266.2600492477417,463.411056772868,200.1183624267578,349.9763488769531,336.4229431152344,462.4862060546875,0.5816812787737204,-2.5767556326726773,0.35460616111330345,0
120,10.0,176,car,579.2956832885743,491.4913942972819,523.2474975585938,436.3097839355469,637.8695068359375,494.0180969238281,-5.030820138113653,-6.11270533970441,0.7141845680252968,28
120,10.0,94,person,27.206288496653247,423.5191927591959,19.411399841308594,378.4387512207031,36.136924743652344,423.11798095703125,0.15289094107493334,-2.2812338692800864,0.9439266402957152,0
120,10.0,212,person,890.6455752054851,521.506778462728,876.308349609375,423.2983703613281,909.9288330078125,519.2242431640625,-24.680196271623604,-8.49170706612703,0.6356409444933766,16
120,10.0,11,person,131.39195604324343,433.95999018351245,121.71128845214844,381.63360595703125,140.66046142578125,433.193603515625,0.9004925864083517,0.2930328369141326,0.9005723977775484,0
120,10.0,219,car,587.7028259277345,539.8817052205404,500.03582763671875,480.51898193359375,674.62939453125,539.7860107421875,0.9817016601566634,-0.14142804826992977,0.9381845453754503,0
120,10.0,220,car,116.54451554616296,540.0,25.066816329956055,503.95526123046875,207.3627166748047,540.0,0.04454792567669401,9.688909436029122e-14,0.9557876792307031,0
120,10.0,230,bus,653.2625863211498,410.25824628557496,594.3596801757812,322.8638916015625,710.6226806640625,400.1589050292969,-121.96446010044544,-12.551906040736238,0.8691540927259223,40
120,10.0,233,car,425.08802795410156,412.4842529296875,350.0393981933594,364.4845275878906,500.13665771484375,412.4842529296875,0.0,0.0,0.0,0
120,10.0,28,car,553.807741357736,471.61031005466873,510.6318359375,385.7117919921875,594.607666015625,471.64849853515625,1.141516466539715,-0.8535505583045653,0.7814806921589698,40
120,10.0,218,person,112.71384407468648,424.7560569851432,104.24990844726562,375.0543518066406,122.89806365966797,424.56439208984375,-1.7732415424912613,-2.3360611106316984,0.9284849010688686,0
121,10.083,2,car,675.8663073221842,479.99040629069015,622.853271484375,404.94110107421875,729.4611206054688,480.11712646484375,-0.31502380371118194,-1.6344046456475132,0.903350140137057,0
121,10.083,3,car,353.092571258545,540.0000000000001,255.752685546875,469.63983154296875,449.7646789550781,540.0,1.4255820138113697,7.060787741072899e-14,0.9621988270927294,0
121,10.083,4,car,778.0445360819497,539.89251759847,694.6361694335938,453.4762268066406,861.9237670898438,539.9984741210938,-1.7003579275949778,-0.03477172851586759,0.9549065203714662,0
121,10.083,5,car,423.46496543884285,486.4664878845215,382.1114807128906,411.3611755371094,464.29876708984375,485.8961486816406,0.23747144426621983,-3.3212467738561204,0.9592336532928396,0
121,10.083,8,person,70.83009956677756,433.96374409993496,60.69154739379883,380.61614990234375,80.61843872070312,433.4478454589844,-0.27182080405098896,-1.7693899972097722,0.9538535641470658,54
121,10.083,49,person,46.51797871589661,434.4446551005046,36.981632232666016,378.7077941894531,56.49152374267578,433.4999084472656,-0.5574939455304796,-2.0087232317243404,0.9320978834460013,54
121,10.083,9,car,202.73234666188563,531.7841791788737,120.6246337890625,431.81280517578125,281.5375671386719,518.6480102539062,2.5565195356096972,15.359820556640576,0.0,0
121,10.083,17,truck,266.51187674204505,462.89302597045906,194.78221130371094,349.55389404296875,332.4513244628906,462.08575439453125,1.9697986057825712,-2.9997031075614595,0.3998427681193625,44
121,10.083,176,car,579.2420473734538,491.84651794433603,522.6268920898438,435.5384521484375,637.8345336914062,493.79522705078125,-4.526007516043824,-4.793915666852766,0.70577472502815,26
121,10.083,94,person,27.470564262072244,423.22363840738933,19.77777099609375,378.0367431640625,36.610103607177734,423.140869140625,0.4863315990992855,-2.4918954031807883,0.939208812112005,53
121,10.083,212,person,889.6248458862306,519.5704671223959,874.4115600585938,422.1148986816406,907.4669799804688,517.36962890625,-22.771793910434855,-10.548800223214261,0.6434468715579225,0
121,10.083,11,person,131.6846689860026,433.966924794515,122.50943756103516,381.2877197265625,142.00567626953125,433.852294921875,1.2061117989676298,0.2905373709540516,0.8980426883516746,47
121,10.083,219,car,587.5112322489422,539.8758056640625,499.6356506347656,480.18914794921875,674.7671508789062,539.9200439453125,0.4661355154854137,-0.1424037388393873,0.9525193523107134,0
121,10.083,220,car,116.57093590895336,540.0000000000001,24.996976852416992,503.595947265625,208.6883544921875,540.0,0.008299296242851155,7.060787741072899e-14,0.9569603271157855,0
121,10.083,230,bus,641.9003397623702,406.6258748372399,575.7269897460938,322.85308837890625,704.7177734375,403.00494384765625,-124.84095982142712,-18.759216308592837,0.8741281892849228,39
121,10.083,233,car,403.9856937953403,412.06638445172985,328.5716247558594,364.11871337890625,476.63812255859375,411.98846435546875,-265.4101370675225,-2.520441545759509,0.9821171237013963,59
121,10.083,28,car,553.9153819168229,471.17600743256065,513.7172241210938,388.97772216796875,593.5167236328125,469.7497863769531,1.2802774446713288,-1.0823350900574156,0.7787004978347425,39
121,10.083,218,person,112.9863560634423,424.53849326708024,104.12942504882812,372.7236328125,123.45169067382812,424.49468994140625,-1.215120420930206,-2.3664608950117074,0.917896848194313,59
122,10.167,2,car,676.0368166605633,479.83215611775734,622.9544067382812,404.3731994628906,729.7347412109375,479.60223388671875,0.02876717703726085,-1.610113089424989,0.905673104967872,0
122,10.167,3,car,353.2161188125612,540.0,255.6837158203125,469.2899169921875,450.25048828125,540.0,1.516308484758961,4.399082405233716e-14,0.9663008573063133,0
122,10.167,4,car,778.1494509379072,539.8938288370769,694.6171875,452.7620849609375,862.6257934570312,540.0,-1.2972093854628677,-0.05942818777883335,0.956768574738219,0
122,10.167,5,car,423.5791901906333,486.0063046773276,382.9730529785156,411.6658020019531,464.6125183105469,485.47882080078125,0.38129555838472917,-3.564376831054428,0.9533261670698288,0
122,10.167,8,person,70.75799845059714,433.7356079101563,60.63282012939453,379.9049072265625,80.71443176269531,433.4040832519531,-0.35596218109129674,-1.8443743024550827,0.9523464405728299,48
122,10.167,49,person,46.560475381215426,433.96049677530925,36.89482498168945,376.13348388671875,57.035282135009766,433.04351806640625,-0.4873893192836132,-2.4267007010322272,0.9209319165893327,54
122,10.167,9,car,202.44128354390466,530.754936726888,116.14035034179688,431.34429931640625,286.86578369140625,523.9896850585938,1.7238497052874655,12.338603864397388,0.0,0
122,10.167,17,truck,266.90494530995693,462.4437220255535,193.54644775390625,348.4004211425781,333.2888488769531,462.31292724609375,3.6057825360980034,-3.4061514718189017,0.4727201318621457,46
122,10.167,176,car,579.3765764872235,492.0172470092774,523.5665283203125,434.94189453125,638.01708984375,493.00238037109375,-3.8295867919919564,-3.8275660923546413,0.7036025118213629,24
122,10.167,94,person,27.555461986859648,422.9598073323569,18.192359924316406,372.343017578125,36.94850540161133,423.0656433105469,0.5813523020063297,-2.6523036411827996,0.9437257054689087,54
122,10.167,212,person,888.4911374409994,517.6306187947592,872.336669921875,420.5306091308594,905.19091796875,516.3433227539062,-21.140566144670423,-12.521785191127035,0.6815279910486878,0
122,10.167,11,person,132.25752547581993,434.06264368693036,123.94825744628906,381.88409423828125,143.53311157226562,434.37298583984375,1.7921632494245603,0.3516762869700911,0.8800430813148212,44
122,10.167,219,car,587.3549964904788,539.884324645996,499.5953063964844,479.9987487792969,674.61474609375,539.971435546875,0.10755222865557983,-0.1245352608815511,0.9597898669079848,0
122,10.167,220,car,117.19287877082826,540.0,28.08324432373047,503.899169921875,210.48526000976562,540.0,0.7338874544416956,4.399082405233716e-14,0.902910700136565,0
122,10.167,230,bus,631.2165412055123,406.5540785047742,556.9067993164062,323.07476806640625,704.6026611328125,409.0106201171875,-125.43471679687472,-15.60080566406258,0.879142187618144,42
122,10.167,233,car,385.65975080217663,411.48621695382263,319.0511169433594,364.3061828613281,461.0181579589844,411.05914306640625,-254.9104091099329,-3.545418875557739,0.969481717948737,54
122,10.167,28,car,553.8397709373853,470.56661933608063,512.044921875,385.6717224121094,593.8271484375,469.06829833984375,1.2258715677120124,-1.6509460270230694,0.7680203015836119,42
123,10.25,2,car,676.2134262084963,479.4960703531902,623.117919921875,403.49786376953125,730.1226196289062,478.8284912109375,0.2899736676903573,-1.8498308454239645,0.9007398895269446,0
123,10.25,3,car,353.3363186518352,540.0,255.93565368652344,469.2052307128906,450.4946594238281,540.0,1.5413952418736652,9.688909436029122e-14,0.9668104919080539,0
123,10.25,4,car,778.3637603759767,539.9135223388672,694.5047607421875,451.77490234375,863.6586303710938,540.0,-0.8025512695309724,-0.03177141462044584,0.9521522566381487,0
123,10.25,5,car,423.75669631958027,485.5605102539062,382.9097595214844,410.8345031738281,465.3218078613281,485.304931640625,0.5937704903741461,-3.8169433593749145,0.9530257169886517,32
123,10.25,8,person,70.68596563339236,433.5131238301596,60.613582611083984,379.3275146484375,80.7392807006836,433.292236328125,-0.44822861807683173,-1.9281437465121907,0.952369336262028,45
123,10.25,49,person,46.74716676076254,433.43863118489594,37.53800582885742,375.9365539550781,57.528568267822266,432.65362548828125,-0.2286297389439164,-2.89356863839269,0.9099075359739243,52
123,10.25,9,car,202.14496250152595,529.4590438842773,116.16954040527344,431.0005187988281,286.8935546875,523.80029296875,0.9310746329171814,8.928240966796823,0.0,0
123,10.25,17,truck,267.32575855255135,461.8917378743489,194.86622619628906,347.1569519042969,334.88818359375,461.434326171875,4.663563210623799,-3.862437220982119,0.5081185176184516,44
123,10.25,176,car,579.566250864665,492.0002693176271,524.3873291015625,434.8492126464844,637.2076416015625,492.13134765625,-3.080525861467301,-3.1902295793803197,0.7068704658163351,0
123,10.25,94,person,27.592022355397546,422.6884188334148,17.500614166259766,368.5892639160156,37.41782760620117,422.6212158203125,0.59729576110841,-2.744019862583597,0.9442738496600437,49
123,10.25,212,person,887.0572954813641,516.0802820841473,870.1375732421875,418.87139892578125,903.1898803710938,516.6324462890625,-20.276350184848784,-13.839689418247524,0.7229055957428179,0
123,10.25,11,person,132.9196813901266,434.0075327555339,124.60391998291016,381.08245849609375,144.30361938476562,433.8609924316406,2.452883638654517,0.2088396344867605,0.8641624172490929,43
123,10.25,219,car,587.2728521982831,539.8983072916668,498.25982666015625,478.6989440917969,675.8807373046875,539.9910888671875,-0.03232661655934203,-0.09954659598178904,0.9592262218147922,0
123,10.25,220,car,118.7013998190562,540.0,32.6225471496582,504.2710266113281,213.89418029785156,540.0,2.525717517307846,9.688909436029122e-14,0.7856719826777213,0
123,10.25,230,bus,620.6314647327769,407.2115683815695,539.5792846679688,322.43658447265625,701.1827392578125,410.9206237792969,-125.68516956676181,-11.891750266335494,0.8806770894304394,46
123,10.25,233,car,369.8118743896486,410.6062901814781,308.10125732421875,363.21917724609375,446.6275329589844,409.78802490234375,-241.96323067801322,-4.948159354073225,0.9490746941985752,52
123,10.25,28,car,553.8462090132215,469.9157535256156,512.5008544921875,385.814697265625,594.0863037109375,468.9399108886719,1.2223981785842137,-2.443974968198604,0.7673464682664355,46
124,10.333,2,car,676.2943819681806,478.94046274820965,623.3497924804688,402.8521728515625,729.9288330078125,477.83990478515625,0.30688345772878617,-2.399353899274476,0.8909840474208509,0
124,10.333,3,car,353.3558120091757,540.0000000000001,255.531494140625,468.8549499511719,450.4924621582031,540.0,1.4067617143904214,7.060787741072899e-14,0.9638145864572004,0
124,10.333,4,car,778.6251459757489,539.9390014648437,694.9552001953125,451.5466003417969,863.9121704101562,540.0,-0.32384294782370115,0.011907087053534183,0.9438074001696906,0
124,10.333,5,car,424.0472676595053,485.29087346394857,383.7879943847656,411.519775390625,465.76934814453125,485.5609436035156,0.9011300223214204,-3.7947575160436764,0.9435089241324992,36
124,10.333,8,person,70.66253434816997,433.24265925089526,60.861244201660156,379.1099853515625,80.77860260009766,433.00567626953125,-0.4674954823085204,-2.098988996233252,0.9523604410618054,44
124,10.333,49,person,47.05919586817424,432.90105438232433,38.07982635498047,375.1184997558594,58.17485809326172,432.26617431640625,0.1729710715157535,-3.356503731863793,0.898399765245871,50
124,10.333,9,car,201.70772565205897,527.3751780192059,117.27828979492188,430.5603332519531,284.5491943359375,521.4481811523438,0.02792423793245165,4.470603724888614,0.0,0
124,10.333,17,truck,266.7824134826661,461.12629572550463,193.3339385986328,347.5621643066406,332.3958740234375,460.30987548828125,3.8258174351283785,-4.598054286411674,0.48765828974466785,46
124,10.333,176,car,579.6298703511557,491.4139582316081,525.7390747070312,434.51007080078125,634.5542602539062,489.6497802734375,-2.5258967808315322,-3.3442042759487487,0.7047626989593182,0
124,10.333,94,person,27.735486412048342,422.3490910847982,17.74953842163086,366.8252868652344,38.0303955078125,422.19580078125,0.7584424700055752,-2.9437316894531476,0.9465306002562359,51
124,10.333,212,person,885.5129168192545,514.5208669026692,868.7041625976562,417.5377502441406,901.2276611328125,514.8198852539062,-19.77356349400114,-14.849544852120582,0.7490719393455428,0
124,10.333,11,person,133.62109855016075,433.74403864542643,125.69621276855469,383.1477966308594,144.4405975341797,433.0763854980469,3.105950873238687,-0.20857674734951842,0.8497276309165942,41
124,10.333,219,car,587.1494635264078,539.8645746866862,497.2178955078125,477.5340576171875,676.2910766601562,539.792724609375,-0.176932852609074,-0.13368530273425347,0.9559093564261631,0
124,10.333,220,car,120.1512445608775,540.0000000000001,32.41434860229492,504.088134765625,214.87091064453125,540.0,4.1920652389526705,7.060787741072899e-14,0.7422100977971868,0
124,10.333,230,bus,608.7452295476743,408.15037952769893,518.705078125,322.1294860839844,692.73193359375,412.28564453125,-128.10654851739997,-8.583538263494166,0.8807794848539332,44
124,10.333,233,car,356.16800435384107,409.9255730523004,298.2623596191406,361.88714599609375,435.5504150390625,409.4835510253906,-228.15673828124994,-5.516473388671814,0.9241033241703818,51
124,10.333,28,car,553.7366300467456,469.32565386769414,511.62811279296875,384.2779541015625,594.552490234375,468.8049621582031,0.9788721265987241,-3.147508393653006,0.7703039644624012,44
125,10.417,2,car,676.2363492329916,478.2452946980795,623.627197265625,402.7702331542969,729.2246704101562,477.0596008300781,0.05783124651249129,-3.1324872698102113,0.8883918336479033,0
125,10.417,3,car,353.4500856399537,540.0,256.06976318359375,468.86468505859375,450.8563232421875,540.0,1.350944628034579,4.399082405233716e-14,0.9643916666588601,0
125,10.417,4,car,778.9392987569177,539.9644805908205,695.2206420898438,451.06103515625,864.408447265625,540.0,0.16239231654644776,0.05558558872810309,0.9346032998940454,0
125,10.417,5,car,424.1460021972657,485.0283836364747,382.84832763671875,410.5572509765625,465.5517578125,485.3163146972656,0.9369506835940298,-3.76639186314159,0.9429246776750099,42
125,10.417,8,person,70.8046588579814,432.9189687093099,61.66059112548828,379.64007568359375,81.29963684082031,432.5721130371094,-0.27717050824843287,-2.3222429547990093,0.94402087960363,0
125,10.417,49,person,47.36554425557454,432.36784947713227,38.00543212890625,374.1810302734375,58.33848190307617,431.94085693359375,0.5706187656947654,-3.7896227155412787,0.8954393814608611,0
125,10.417,9,car,201.3862847646078,523.8610188802083,121.82990264892578,430.5638122558594,280.22088623046875,515.81884765625,-0.5845530918665962,-1.6895089285712364,0.0,0
125,10.417,17,truck,267.890441830953,460.6882497151694,201.06285095214844,347.9115295410156,339.4394836425781,461.23297119140625,4.84273583548418,-4.896611676897143,0.4806077274564753,32
125,10.417,176,car,579.6739901224774,490.83139648437503,525.5864868164062,434.35247802734375,634.0040283203125,489.2012634277344,-1.992000470842256,-3.503958565848166,0.7057784224650733,0
125,10.417,94,person,27.689715067545578,422.1629570007325,16.881982803344727,366.1728210449219,37.43357467651367,422.5965270996094,0.6842285156250102,-2.9499455043244405,0.9441105918702284,0
125,10.417,212,person,883.9663884480794,512.7075551350913,867.6931762695312,417.0290832519531,899.4551391601562,512.7400512695312,-19.419635009765525,-16.155651855468264,0.7845185183426323,0
125,10.417,11,person,134.114855893453,433.38766225179046,125.18948364257812,382.2080078125,144.21836853027344,432.61334228515625,3.4451951163156376,-0.7224269321984675,0.8462614797067758,0
125,10.417,219,car,587.18791402181,539.8211115519207,497.51715087890625,476.82196044921875,677.326904296875,539.7310180664062,-0.13249511718727905,-0.17745274135009845,0.9549688477911895,0
125,10.417,220,car,121.88004561265312,540.0,33.56521224975586,503.8848876953125,217.57400512695312,540.0,6.109924384525926,4.399082405233716e-14,0.703299544035532,0
125,10.417,230,bus,595.0935385288336,410.36491550543366,491.9179382324219,321.9564514160156,684.035400390625,417.37103271484375,-132.76486291418544,-3.9977160900622772,0.8676405632215677,42
125,10.417,28,car,553.725499602287,468.41716032951115,512.526611328125,383.33074951171875,595.2057495117188,467.27276611328125,0.702537075725254,-4.245809551697418,0.7766635978958808,0
126,10.5,2,car,676.0453903198244,477.5026095072429,623.2913208007812,402.26043701171875,728.2568969726562,476.1483459472656,-0.29547206333678294,-3.7808885846818265,0.8775740871080409,0
126,10.5,3,car,353.2747240066529,539.9759277343751,254.13938903808594,467.75970458984375,450.94525146484375,539.900390625,0.9384943280902348,-0.02988281249989262,0.9547013110014453,0
126,10.5,4,car,779.2231173197429,539.9769337972007,695.2764892578125,450.7205810546875,864.2977905273438,539.9705810546875,0.5892425537110999,0.07522495814750835,0.9339366712603893,0
126,10.5,5,car,424.2793899536133,484.6753150939942,382.7647705078125,409.5569763183594,466.0251159667969,484.7596130371094,1.0242527553013034,-3.881693376813627,0.944991968831651,46
126,10.5,8,person,71.03767496744794,432.5053418477377,62.42173767089844,380.4186706542969,81.45563507080078,432.0146484375,0.009474400111681968,-2.659759957449731,0.9314533409447284,0
126,10.5,49,person,47.651835616429665,431.860233306885,37.894203186035156,373.38714599609375,58.445072174072266,431.72698974609375,0.9413469314575378,-4.178376552036414,0.9007137678998015,0
126,10.5,9,car,201.04980144500738,519.1949236551922,125.00970458984375,430.3541564941406,276.574951171875,510.9319763183594,-1.1492774963377603,-9.215492902482987,0.0,0
126,10.5,17,truck,269.15804481506353,460.5700673421225,203.8519287109375,347.7596740722656,341.4505615234375,461.7032165527344,5.664015197754027,-4.608633858816746,0.46179851812658,36
126,10.5,176,car,579.7417805989585,490.08205388387057,525.7931518554688,433.94097900390625,633.2091064453125,487.99481201171875,-1.3886195591513575,-3.862088012695041,0.7060798780921669,0
126,10.5,94,person,27.619835853576667,422.1477160135906,16.764251708984375,365.75372314453125,37.480072021484375,423.0169982910156,0.5586740766252858,-2.7105351039339975,0.9313856687332787,0
126,10.5,212,person,882.4774795532229,511.576937866211,866.6395263671875,416.8523864746094,898.5376586914062,513.6387329101562,-19.16421334402882,-16.33307582310267,0.7898712504428151,0
126,10.5,11,person,134.6467535018921,433.1858538309734,124.96581268310547,381.4885559082031,144.46820068359375,432.6547546386719,3.97340927124026,-0.8703303745813429,0.8541120201585699,0
126,10.5,219,car,587.2323989868165,539.7091766357421,497.8677673339844,476.4478759765625,676.9091796875,539.4198608398438,-0.05772792271187297,-0.3030395507811904,0.952941444961277,0
126,10.5,220,car,123.11433115800223,540.0,31.114059448242188,503.48565673828125,217.54998779296875,540.0,7.350054890768921,9.688909436029122e-14,0.7098684054507148,0
126,10.5,230,bus,580.4914503831128,411.8930335411659,470.5357666015625,320.64385986328125,671.7646484375,416.8067626953125,-137.86008629432078,-1.3175001878002917,0.8586371978426831,46
126,10.5,28,car,553.8034677893921,467.8905295885081,512.7064819335938,383.388427734375,595.5490112304688,467.5858154296875,0.6246299117533856,-4.545136110253414,0.7774676343041812,0
126,10.5,218,person,113.79816327507116,423.3092995726034,104.68623352050781,370.81201171875,124.04215240478516,423.29571533203125,0.5658997712312812,-2.7551816587092137,0.8992351861962965,0
127,10.583,2,car,675.969873046875,476.8027867635091,623.3094482421875,401.74713134765625,728.510009765625,475.81646728515625,-0.3906529017858251,-4.329541887555962,0.8720719906047689,0
127,10.583,3,car,353.12816200256356,539.9692286173504,254.72946166992188,468.03466796875,450.71258544921875,539.9619750976562,0.5636280604771046,-0.03702130998893841,0.9572242046958009,0
127,10.583,4,car,779.6892031351725,539.8908543904623,696.6294555664062,450.7214050292969,864.661865234375,539.5880126953125,1.2200199672152352,-0.0352164132255795,0.9263970741782148,0
127,10.583,5,car,424.40345993041984,484.408523050944,382.5687561035156,409.1058654785156,466.2661437988281,484.7525939941406,1.1068660191127462,-3.864752197265722,0.945154122929283,48
127,10.583,8,person,71.60875933965048,431.7543225606283,64.0218276977539,378.7187805175781,82.80331420898438,430.356201171875,0.7128411974225696,-3.4014522007533303,0.8840014315588767,0
127,10.583,49,person,48.03321992556254,431.36736806233733,38.167869567871094,371.9921569824219,59.098388671875,431.4049377441406,1.4301311220441426,-4.515953717912895,0.908418602499067,0
127,10.583,9,car,200.89124937057497,514.6452033996583,125.7707290649414,429.42120361328125,276.5086975097656,508.7441711425781,-1.370393535069018,-15.827698189871503,0.018400382452371522,0
127,10.583,17,truck,270.41411310831705,460.46257603963215,206.46275329589844,347.7731018066406,341.4613037109375,460.608642578125,6.287764630998831,-4.033320399693114,0.45046422528047325,39
127,10.583,176,car,580.2116409301759,489.5875625610353,527.1187744140625,434.28802490234375,634.4786987304688,488.2117919921875,-0.25977696010016904,-3.8083400181360165,0.7220175251909545,0
127,10.583,94,person,27.56416170597076,422.29893112182623,16.9073543548584,365.9881591796875,37.499874114990234,423.458740234375,0.4445461136954067,-2.234871564592617,0.9146226888490087,0
127,10.583,212,person,881.1129341125488,511.21710968017595,865.8971557617188,417.0070495605469,897.85546875,514.4359741210938,-18.8865221296042,-15.11487252371644,0.7530841138778448,0
127,10.583,11,person,134.95642649332683,432.77711842854825,124.30680084228516,379.78009033203125,144.44908142089844,431.8960876464844,4.11110098702564,-1.3436096191407019,0.8531931627776551,26
127,10.583,219,car,587.2018957773845,539.6208755493165,496.88519287109375,475.6468811035156,677.0404663085938,539.4576416015625,-0.03869345528749674,-0.3924290248326884,0.9529902131035958,0
127,10.583,220,car,124.01068913936614,540.0000000000001,28.757915496826172,502.8104553222656,218.55215454101562,540.0,8.103042452675895,7.060787741072899e-14,0.7253620943349591,0
127,10.583,230,bus,565.1372493198937,412.6675842285155,450.38006591796875,319.69342041015625,657.558349609375,415.22235107421875,-143.01456701257746,-0.1383770282454456,0.851069026253739,48
127,10.583,28,car,553.7397585853502,467.6568813311707,512.1405029296875,383.5574035644531,595.0473022460938,468.1825866699219,0.4005642317495252,-4.393371856787808,0.7767257674364634,0
127,10.583,218,person,114.67149489965193,422.98636850210346,105.06317138671875,370.2302551269531,124.359375,423.0375061035156,2.2162217360276104,-2.9784329927883864,0.9517051136550546,0
128,10.667,2,car,676.0093259175619,476.0727780659995,623.7361450195312,401.2208251953125,728.6580810546875,475.1236877441406,-0.28899666922423317,-4.855207606723819,0.8667728150290277,0
128,10.667,3,car,352.95585994720466,539.9591730753582,254.7149658203125,468.03436279296875,450.32952880859375,539.9441528320312,0.2096436636789564,-0.04787684849299057,0.9577327386345125,0
128,10.667,4,car,780.2865025838216,539.7517471313478,697.6845703125,450.649169921875,865.2080078125,539.2973022460938,1.9624014718196277,-0.19553309849309444,0.9149241197823631,0
128,10.667,5,car,424.6472862243653,484.1699523925782,383.4306640625,409.3708190917969,466.56787109375,484.4244079589844,1.3348009381975698,-3.758684430803525,0.942982064421541,49
128,10.667,8,person,72.10373902320863,431.1526479085288,64.16964721679688,380.1527404785156,82.35745239257812,430.51776123046875,1.3200914382934776,-3.9133771623883535,0.875428345105473,0
128,10.667,49,person,48.375736204783124,430.9904154459636,38.03557586669922,371.1276550292969,59.31574249267578,431.4434509277344,1.8362393515450757,-4.662974330357015,0.9176465199408554,0
128,10.667,9,car,201.02253224054976,510.8098841349286,123.7548599243164,429.00823974609375,280.6658020019531,511.2527770996094,-1.1998507363455049,-21.63183157784555,0.3069084102447792,28
128,10.667,17,truck,271.26637732187913,460.0041898091636,204.33103942871094,347.4302978515625,337.9611511230469,459.1999816894531,7.065065329415653,-4.049946376255248,0.4573340267101561,40
128,10.667,176,car,580.3193695068361,489.1543869018557,525.8135375976562,433.45904541015625,634.3857421875,488.10467529296875,0.1019478934154122,-3.731514195033033,0.7273929306848507,0
128,10.667,94,person,27.51107850074768,422.51319630940765,16.9869327545166,366.1595764160156,37.49495315551758,423.58544921875,0.32858578818185585,-1.6783891950332284,0.9038671111170358,0
128,10.667,212,person,879.8459002176922,509.4254826863608,866.1043090820312,416.9007568359375,895.9698486328125,507.25518798828125,-18.5790043422153,-15.614399937220744,0.7417334610719586,0
128,10.667,11,person,135.131177743276,432.16908772786473,124.31524658203125,379.4667663574219,144.59207153320312,431.0660705566406,3.951233727591432,-2.1052106584820005,0.8477546777911492,38
128,10.667,219,car,587.0247899373375,539.5542312622073,496.0473327636719,474.8992919921875,677.016845703125,539.4911499023438,-0.2715584891179225,-0.44852207728746946,0.9488466649163189,0
128,10.667,220,car,124.73586816787719,540.0,26.292800903320312,501.73126220703125,220.98223876953125,540.0,8.56841534205847,4.399082405233716e-14,0.7383716244497647,0
128,10.667,230,bus,548.9343854268395,412.99974975585934,429.5478515625,319.53021240234375,641.428955078125,414.0782470703125,-148.3338566371369,0.28828125000023813,0.8416977710452044,49
128,10.667,28,car,553.557427978516,467.05547049386183,513.3474731445312,383.25726318359375,595.303955078125,466.72430419921875,-0.39611786633004076,-4.834629518728523,0.797735262178637,0
128,10.667,218,person,114.97252959480188,422.7202838526201,105.57080078125,369.9089050292969,124.75004577636719,422.69140625,2.363646011171287,-3.0010908040749427,0.9532331767976812,26
129,10.75,2,car,676.6858434041343,475.3300473531088,625.9269409179688,401.1181945800781,731.0538940429688,474.7326354980469,0.7073128836497298,-5.423975045340167,0.8517935781328603,0
129,10.75,3,car,352.72856324513754,539.9406901041668,254.3248748779297,467.6852722167969,450.16741943359375,539.9035034179688,-0.1860197884694871,-0.06853376116034961,0.9584494243662699,0
129,10.75,4,car,780.8471318562827,539.6094004313153,697.5830078125,450.1367492675781,865.7471923828125,539.2318115234375,2.5929486955915984,-0.35778285435250096,0.9127957960967935,0
129,10.75,5,car,424.9395643870036,483.94394658406594,384.147216796875,409.8374328613281,466.6808166503906,484.203857421875,1.5896490914481791,-3.6459869384761694,0.9390586197695571,52
129,10.75,8,person,72.6678247133891,430.6406962076825,64.43250274658203,379.3671875,82.69229888916016,430.4344177246094,2.054224777221692,-4.265206473214015,0.8793545247387101,27
129,10.75,49,person,48.825893974304215,430.7273646036784,38.833160400390625,373.12945556640625,59.703250885009766,431.4682922363281,2.362627846854101,-4.618686349051349,0.9224861737236556,0
129,10.75,9,car,201.239634513855,507.30567474365245,125.80731964111328,429.1241760253906,279.10003662109375,508.6559753417969,-0.8766269138880427,-25.894359479631536,0.5697089998690327,39
129,10.75,17,truck,270.00311705271406,459.4903714497885,197.5933380126953,347.0194396972656,332.62432861328125,458.7598876953125,4.471192605154799,-4.21187438964828,0.4233711482978971,43
129,10.75,176,car,580.3365158081056,488.26771926879894,526.580810546875,433.36700439453125,633.30029296875,486.9825744628906,0.24868600027904408,-4.613775198800003,0.7263397306013486,0
129,10.75,94,person,27.72551956176758,422.7032552083334,18.030033111572266,365.217041015625,38.68869400024414,423.3775634765625,0.5457327706473339,-1.1528006417408312,0.9000897461747647,0
129,10.75,212,person,878.7995808919272,507.4546292622885,865.9807739257812,415.9916687011719,895.2418823242188,503.8317565917969,-18.03200683593747,-15.956625366210654,0.7203272432051036,0
129,10.75,11,person,135.2354802131653,431.59139328002937,124.18197631835938,378.8337097167969,144.99375915527344,431.0436096191406,3.6532191140311245,-2.8342228480746785,0.8534551565556827,53
129,10.75,219,car,586.6540696461998,539.4930363972982,492.0383605957031,471.7372131347656,679.207763671875,539.4610595703125,-0.7233666556215235,-0.49183436802446134,0.9332528586458734,0
129,10.75,220,car,125.53338212172193,540.0,25.979276657104492,501.1408386230469,223.24313354492188,540.0,9.052657903943805,9.688909436029122e-14,0.7513122346477209,0
129,10.75,230,bus,531.2012928009034,414.4907567342123,406.56549072265625,319.2251892089844,630.9904174804688,417.1020812988281,-156.42750091552705,2.7496398925783363,0.8421161664555471,53
129,10.75,28,car,553.9256019743461,466.8165267883864,513.8267822265625,383.0989074707031,596.5411376953125,467.33074951171875,0.10371771022548991,-4.630373802840082,0.7963574870801831,0
129,10.75,218,person,115.37449647023763,422.24669903722315,106.32659149169922,368.87982177734375,125.29562377929688,421.77069091796875,2.608397163193782,-3.2679267094053714,0.9424972278094575,40
130,10.833,2,car,677.5597483317059,474.57535120646156,626.7495727539062,400.83148193359375,732.339599609375,474.4251403808594,1.9029942103796864,-6.056764003208807,0.8472081560081426,0
130,10.833,3,car,352.5370377222697,539.9364344278972,254.309326171875,467.54559326171875,450.09326171875,539.952392578125,-0.4741558619907738,-0.0703883579798691,0.9593387404358045,0
130,10.833,4,car,786.873386891683,539.5304000854492,714.4915161132812,446.5888366699219,894.8502197265625,539.4072875976562,9.945225742884865,-0.4288774762836312,0.24936092158258816,0
130,10.833,5,car,425.29385388692236,483.7399152119955,384.6048278808594,410.0290832519531,466.80584716796875,484.04644775390625,1.9564786638534393,-3.5199632917131134,0.9391003629942382,53
130,10.833,8,person,73.25203037261966,430.1407302856445,64.79549407958984,378.64727783203125,83.00399017333984,430.0225524902344,2.7753273010254182,-4.552417864118427,0.8893648042738312,46
130,10.833,49,person,49.246300856272384,430.5513608296712,39.075416564941406,373.97979736328125,59.78041076660156,431.3237609863281,2.8071750640869193,-4.396962629045925,0.9260010780027349,41
130,10.833,9,car,201.70907112757365,504.84423243204753,127.23085021972656,428.23968505859375,279.2792663574219,506.3161315917969,-0.15295143127440863,-27.05052272251689,0.605547375156,42
130,10.833,17,truck,267.81762739817304,459.18144963582364,194.2018280029297,346.2843017578125,332.1315002441406,459.76361083984375,0.21044475010463792,-4.304345267159734,0.44852777801117427,41
130,10.833,176,car,580.9922993977864,487.5932289123536,528.6555786132812,433.6921081542969,637.862548828125,488.4082336425781,0.9489676339282899,-5.528261457170741,0.7402495910510849,0
130,10.833,94,person,28.141495084762578,422.91328201293953,19.410274505615234,367.11737060546875,39.33522033691406,423.4046630859375,0.9835931232997248,-0.6220341273716538,0.891493457064906,0
130,10.833,212,person,878.0076632181804,505.4594579060872,865.7409057617188,414.3358459472656,894.9210815429688,501.130615234375,-17.179605102539043,-16.06247994559159,0.6972407357574684,0
130,10.833,11,person,135.42221517562865,431.1364847819011,123.97723388671875,377.9795227050781,145.25827026367188,430.7732238769531,3.6469716208321437,-3.2095877511159476,0.8545739438493832,57
130,10.833,219,car,585.7606072743735,539.4076873779297,491.3084716796875,471.73272705078125,675.7444458007812,539.3053588867188,-1.879906572614462,-0.5587594168526382,0.8886160215086051,0
130,10.833,220,car,126.68841838836673,540.0000000000001,26.215904235839844,500.3475036621094,227.2295379638672,540.0,9.943090275355727,7.060787741072899e-14,0.7693280265440026,0
130,10.833,230,bus,512.7661364237467,414.86516647338874,387.55889892578125,318.9762268066406,614.01611328125,415.0181579589844,-164.7261723109655,3.027328491211032,0.8447877677825417,57
130,10.833,28,car,553.8954404416293,466.3729648258375,514.09228515625,384.1727294921875,595.4270629882812,466.9220886230469,-0.2889050027598712,-4.957450601328871,0.8137236795676545,0
131,10.917,2,car,678.5461107889812,473.8960909525553,626.8435668945312,399.57421875,734.0464477539062,474.0576171875,3.15513872419118,-6.501375470842534,0.8450584324050703,0
131,10.917,3,car,352.43246860504155,539.927365620931,254.2940216064453,467.14508056640625,450.5568542480469,539.9275512695312,-0.618272290911021,-0.0776550292965863,0.962205787728801,0
131,10.917,4,car,788.9004132588706,539.5596120198569,702.348388671875,448.13861083984375,879.610595703125,539.7803955078125,11.973029872349978,-0.3537022181918399,0.2551363308494018,0
131,10.917,5,car,425.7074409484864,483.6112991333009,384.8760986328125,409.2431640625,467.62603759765625,483.84600830078125,2.34547249930271,-3.2247985839840774,0.9406238375472576,55
131,10.917,8,person,73.92009633382163,429.6856826782227,65.25048828125,375.7802429199219,84.22266387939453,429.7279968261719,3.495661926269553,-4.736297607421761,0.8942190550528859,56
131,10.917,49,person,49.56232272783917,430.3942067464194,39.1383171081543,374.1560974121094,59.715213775634766,430.9139099121094,3.0354509353637993,-4.093176269531013,0.9294172955297577,63
131,10.917,9,car,202.23838354746502,503.07303212483737,128.0263214111328,427.7349548339844,279.0262145996094,504.42083740234375,0.6527170453753129,-26.396973528180695,0.5923912877928805,41
131,10.917,17,truck,266.0497239430745,460.08794453938816,189.5417938232422,344.6067810058594,335.1187438964844,464.6132507324219,-2.611257280622197,-2.9122297014506797,0.4150317045443037,42
131,10.917,176,car,581.7012161254884,487.12272644042986,528.6200561523438,433.3695983886719,639.349609375,488.76275634765625,1.63207920619434,-6.0774954659595135,0.7456412754044445,0
131,10.917,94,person,28.587573957443247,423.0838213602703,19.921628952026367,366.626220703125,39.8453483581543,423.23138427734375,1.386302866254544,-0.16912013462590442,0.8865093487441179,46
131,10.917,212,person,877.43244527181,502.6548769632976,865.300537109375,412.8143310546875,894.44775390625,498.1785888671875,-16.037501743861284,-17.922265189034448,0.6550810133063036,0
131,10.917,11,person,135.78696304957074,430.7352569580079,124.90684509277344,379.64727783203125,145.55076599121094,430.36407470703125,3.9632549285889405,-3.3912440708704104,0.863309455121344,59
131,10.917,219,car,584.4968203226725,539.2492563883466,492.7935791015625,473.19598388671875,670.4469604492188,538.9310913085938,-3.446339198521123,-0.7081944056915724,0.8416826080741423,0
131,10.917,220,car,127.46443967819218,540.0,24.97653579711914,499.8405456542969,227.78150939941406,540.0,10.173692812238507,4.399082405233716e-14,0.7755289673922034,0
131,10.917,230,bus,493.01805547078476,415.30908101399734,364.0448913574219,318.97918701171875,596.4672241210938,415.0068359375,-174.17112644740493,3.555662318638525,0.8503349227425202,63
131,10.917,28,car,554.3137988694464,465.8723047253779,513.9266357421875,384.46612548828125,594.4254150390625,466.3741149902344,0.7918931883047202,-5.3343090923614485,0.8591864827559181,0
132,11.0,2,car,679.3789166768394,473.189687093099,627.7963256835938,400.3426208496094,733.2607421875,473.19696044921875,4.067843627929863,-6.874114118303365,0.850367253375949,0
132,11.0,3,car,352.4457280476888,539.931229654948,254.20521545410156,466.6456298828125,451.37689208984375,539.9735717773438,-0.5835100446429259,-0.06801060267844718,0.9609600681710971,0
132,11.0,4,car,789.3524709065756,539.5945836385092,698.2416381835938,449.30340576171875,872.939453125,539.928466796875,11.954406738281385,-0.31601649693058015,0.2546567069077097,0
132,11.0,5,car,426.0655373891196,483.33165817260755,384.9357604980469,408.11865234375,467.9657897949219,483.0740661621094,2.5875869750978597,-3.1665435791014342,0.9406322223454402,57
132,11.0,8,person,74.60223059654238,429.3222203572591,65.38016510009766,373.3063659667969,84.95575714111328,429.59613037109375,4.193185452052555,-4.754074532645108,0.904164897596359,62
132,11.0,49,person,49.719143692652395,430.2877535502116,38.943180084228516,374.0924072265625,59.42206954956055,430.5456848144531,2.9916035515921813,-3.6481318882533715,0.9370347442106908,66
132,11.0,9,car,202.95569206873583,507.37526168823246,109.46179962158203,427.1689758300781,299.36572265625,525.5563354492188,1.6756117139544602,-17.61144104003901,0.08142332191387391,0
132,11.0,17,truck,265.37068634033204,461.55406621297203,190.10897827148438,343.9414978027344,338.345947265625,466.702880859375,-3.2820164271763534,-0.7223890032086251,0.37526148249278213,43
132,11.0,176,car,582.2825925191245,486.5785952250164,528.4605102539062,432.2957458496094,639.356689453125,487.7239685058594,2.11151602608824,-6.530415998186148,0.750741850272184,0
132,11.0,94,person,29.022993151346846,422.7789382934571,20.179479598999023,365.4797058105469,39.728424072265625,421.3730773925781,1.806827545166032,-0.37151314871629804,0.871772357241217,59
132,11.0,212,person,877.1684862772626,499.4066609700522,865.3541259765625,410.9721984863281,894.5681762695312,495.80291748046875,-14.522020176478435,-20.71198032924098,0.6592137672250115,0
132,11.0,11,person,136.02922185262048,430.38673731486017,125.16841125488281,377.8892822265625,146.50189208984375,430.37445068359375,3.8276066371373,-3.53560573032922,0.8640102166905791,60
132,11.0,219,car,583.3791061401369,539.0980189005536,497.3522644042969,476.5357666015625,665.3729248046875,538.8502807617188,-4.666843087332064,-0.8360621861047025,0.8259197825913454,0
132,11.0,220,car,127.46437201499943,540.0,22.186492919921875,499.2236022949219,226.49456787109375,540.0,9.270065116882405,9.688909436029122e-14,0.7425020359545857,0
132,11.0,230,bus,472.7996000925701,415.7487085978191,344.1229553222656,318.3025207519531,580.0609130859375,414.27825927734375,-183.56381508963423,4.3507821219308935,0.8628766374438065,66
132,11.0,28,car,554.5320133908967,465.7061894885183,514.031982421875,385.4191589355469,593.4863891601562,466.2766418457031,1.4047342334275874,-4.88218553531786,0.8831043706094531,0
133,11.083,2,car,679.7950909932457,472.47533365885425,627.3548583984375,400.4063415527344,731.8770141601562,472.4346618652344,4.2991006033759716,-7.179439871651872,0.8568779639531188,0
133,11.083,3,car,352.4515902837118,539.9400171915693,253.8546142578125,466.2926025390625,451.4398193359375,539.9912109375,-0.5237918308804264,-0.051941789899465525,0.9600962867311429,0
133,11.083,4,car,789.3911331176758,539.5554539998371,697.7294921875,449.6804504394531,870.9669799804688,539.6937866210938,11.420876639229677,-0.3892691476003833,0.24098472608720467,0
133,11.083,5,car,426.4512812296551,482.9536458333334,385.14862060546875,407.17291259765625,468.4307556152344,482.4318542480469,2.8615644182478084,-3.2556256975445668,0.9381179422622186,0
133,11.083,8,person,75.20301089286804,429.10486551920576,65.52108001708984,372.4618835449219,85.3049087524414,429.7572021484375,4.691224152701229,-4.561413574218654,0.9104038979155723,65
133,11.083,49,person,49.79374074935913,430.1700686136883,39.021183013916016,374.2652587890625,59.29533767700195,430.3507995605469,2.802782821655251,-3.286990356445395,0.9387987472111288,68
133,11.083,9,car,203.71837031046553,513.322141011556,105.69830322265625,426.3671569824219,303.89984130859375,530.8472900390625,2.7300920758928315,-6.561900983537957,0.0,0
133,11.083,17,truck,264.96916383107504,462.9660855611166,189.1858673095703,343.7658386230469,337.4969177246094,466.4630126953125,-3.0468517848425103,1.4660901750837032,0.367154646443707,44
133,11.083,176,car,582.9607798258463,486.1639834086101,528.9387817382812,431.9947814941406,640.0208740234375,487.488037109375,2.7532627650666766,-6.664428274972148,0.7462499849215356,0
133,11.083,94,person,29.38721653620402,422.2968139648439,20.279483795166016,364.9226989746094,39.647037506103516,420.66119384765625,2.102392959594723,-0.8608991350446833,0.8537169080179519,58
133,11.083,212,person,877.098492431641,496.29005126953126,865.1741943359375,409.56982421875,894.4264526367188,493.9212341308594,-12.8250732421869,-23.07945033482146,0.6776815722658207,0
133,11.083,11,person,136.37778431574506,430.1324615478516,126.22106170654297,377.05218505859375,147.6574249267578,430.4752502441406,3.713726970127648,-3.554982212611439,0.8668988284260504,55
133,11.083,219,car,582.4564654032388,538.8840677897136,499.8069763183594,477.984375,662.897216796875,538.546630859375,-5.51277596609959,-1.052228655133953,0.8248085540402654,0
133,11.083,220,car,126.6674016714096,539.9640243530274,20.299692153930664,498.8958435058594,223.5268096923828,539.8511352539062,7.2668645177568205,-0.044659423828246524,0.6745789152999496,0
133,11.083,230,bus,452.4830852508544,416.5540079752605,326.9106750488281,318.7008361816406,561.757568359375,412.7409973144531,-192.23844844273148,6.572544642857114,0.8843556335927356,68
133,11.083,28,car,556.4853751046315,465.74704502650656,519.3460083007812,382.1554260253906,603.6526489257812,466.3509826660156,3.9490408761155895,-4.057961667239125,0.7547644649870019,0
134,11.167,2,car,679.8506116231284,471.8495297749838,626.2986450195312,399.7571105957031,731.3472900390625,472.02752685546875,3.9482548304969587,-7.298566981724155,0.8518178526167091,0
134,11.167,3,car,352.5518878936769,539.9506322224936,253.97079467773438,465.94036865234375,452.0231018066406,539.9978637695312,-0.34296635219005306,-0.03350045340376821,0.9559064182231751,0
134,11.167,4,car,793.8012153625491,539.5782511393231,712.1934204101562,447.3490905761719,894.56298828125,539.8251342773438,16.123829432896798,-0.3443429129462267,0.14673963251498634,0
134,11.167,5,car,426.83135083516447,482.5843137105307,385.41802978515625,406.7564697265625,468.5931091308594,482.06292724609375,3.124178859166082,-3.308604649134986,0.9393759956828678,0
134,11.167,8,person,75.7308086236318,428.88266805013023,65.79935455322266,371.38232421875,85.73485565185547,429.3924560546875,4.987497792925197,-4.36995326450877,0.9128640850553555,65
134,11.167,49,person,49.795977274576835,429.99086049397806,39.004493713378906,373.7741394042969,59.23020553588867,430.0159606933594,2.500423540387863,-3.081965855189373,0.9358445643769078,68
134,11.167,9,car,204.40200538635258,518.6343833923339,104.09528350830078,425.2907409667969,306.36279296875,533.83935546875,3.490546744210449,1.7336883544922452,0.0,0
134,11.167,17,truck,266.68891131083166,464.0976857503257,196.26992797851562,340.0299377441406,345.697021484375,465.758544921875,0.013469369070910647,3.2034511021209076,0.3645176163103939,46
134,11.167,176,car,583.75998916626,486.23665008544936,528.2237548828125,431.3387756347656,640.3570556640625,487.4573669433594,3.864756120954557,-5.6437212262832555,0.7652213409838802,0
134,11.167,94,person,29.72768688996634,421.6339365641276,20.5178279876709,364.7395935058594,39.60747528076172,419.8690490722656,2.3665853364127205,-1.6236694335936475,0.8361983020324181,58
134,11.167,212,person,877.2114163716636,493.7095123291017,864.9146728515625,409.03363037109375,894.1321411132812,492.88555908203125,-10.909432983398153,-24.29342389787927,0.68894855570839,0
134,11.167,11,person,136.43602565129598,429.8410853068035,125.40406799316406,376.5649108886719,147.04005432128906,430.29998779296875,3.2172204698835087,-3.691523960658112,0.8770192111588535,56
134,11.167,219,car,581.9604618072512,538.7051798502605,500.3120422363281,477.4551696777344,664.5465698242188,538.583984375,-5.7458384922570085,-1.2184779575890223,0.8297675067878078,0
134,11.167,220,car,125.55265126228336,539.8486384073893,20.025972366333008,498.2868957519531,222.6740264892578,539.5071411132812,4.746991375514471,-0.18613717215381292,0.6409717047224354,0
134,11.167,230,bus,432.21000633239765,416.87492192586274,307.4342041015625,318.4106750488281,543.3453369140625,411.2480163574219,-199.61594826834542,7.870897129604068,0.9004411374138088,68
134,11.167,28,car,558.0424181620281,465.41688919067394,519.9733276367188,382.7922058105469,603.8179931640625,465.4420166015625,5.473400442941073,-4.048021153041086,0.7132288976926434,0
135,11.25,2,car,679.8052401224771,471.433760325114,626.2662353515625,400.6624450683594,730.4959106445312,472.13116455078125,3.563639177594903,-7.089732578822339,0.8388490934515371,0
135,11.25,3,car,352.71423759460447,539.9618169148764,254.2084503173828,465.620849609375,452.6195373535156,540.0,-0.1382949829101046,-0.014326695033116817,0.9475684398416083,0
135,11.25,4,car,794.3766245524091,539.5754465738933,701.1615600585938,448.74310302734375,879.2373657226562,539.6646728515625,15.73794119698708,-0.3147687639507477,0.13934786119875364,0
135,11.25,5,car,427.0608266194661,482.27876052856453,385.345947265625,407.07525634765625,468.1111145019531,482.1235046386719,3.1615251813616503,-3.3258322579519546,0.9402527835054748,0
135,11.25,8,person,76.11402718226115,428.6878242492676,65.3833236694336,370.39495849609375,85.60103607177734,429.2440490722656,5.114463206699922,-4.167772129603686,0.9148521932146765,72
135,11.25,49,person,49.71651463508607,429.7968271891277,39.01725387573242,373.8743896484375,59.063594818115234,429.6376037597656,2.0701179231916367,-2.889493233816765,0.9372856022093479,72
135,11.25,9,car,205.04844010670985,523.2378041585287,105.04792022705078,425.8201599121094,305.8635559082031,535.3182983398438,4.159630148751465,7.883302525111688,0.0,0
135,11.25,17,truck,268.69866269429525,464.18291829427085,200.72743225097656,336.9893493652344,347.5130615234375,462.4397888183594,2.790232413155778,3.354868861607109,0.3303520647423014,43
135,11.25,176,car,584.2016286214196,486.2263600667318,527.8517456054688,430.9302673339844,639.8593139648438,487.0093994140625,4.245049176897643,-4.860367257254235,0.7744236356663887,0
135,11.25,94,person,30.109319575627644,420.8355979919434,20.83378028869629,364.5927429199219,39.65121078491211,418.98138427734375,2.7387175696236796,-2.519495936802399,0.8226166421383496,62
135,11.25,212,person,877.3907279968264,491.5031547546386,864.5472412109375,409.38165283203125,893.556640625,492.4924011230469,-8.99442443847615,-25.02068350655687,0.712304298991581,0
135,11.25,11,person,136.3142758369446,429.5066327412924,124.9493179321289,375.4349060058594,146.88414001464844,429.9489440917969,2.4678374699184116,-3.8940529959541146,0.8989739578724264,65
135,11.25,219,car,581.6478032430014,538.5672363281252,498.3043518066406,475.2481994628906,667.5031127929688,538.6409912109375,-5.775667027064723,-1.3240931919640904,0.831353779835333,0
135,11.25,220,car,124.259263531367,539.6999664306642,19.752805709838867,497.7060546875,222.35877990722656,539.3184204101562,1.9764951160976276,-0.3631086077005807,0.6509903178757594,0
135,11.25,230,bus,411.92399965922044,415.08281885782884,286.45477294921875,317.6743469238281,528.3858642578125,411.55743408203125,-206.38386121477396,3.4960314069476497,0.9208472164740491,72
135,11.25,28,car,559.6220944722495,465.1544682820639,520.2908935546875,382.2328186035156,604.9420166015625,464.5570373535156,7.038936505999107,-3.6874328613279723,0.695047031944335,0
135,11.25,261,person,935.9892578125,518.4735107421875,916.43701171875,438.3197021484375,955.54150390625,518.4735107421875,0.0,0.0,0.0,0
135,11.25,218,person,117.16608863338345,419.94181863107974,108.931884765625,372.9010009765625,125.77840423583984,419.74139404296875,3.2192270094349076,-4.194679309475739,0.9434388383426573,59
136,11.333,2,car,679.7063128153482,471.3269533793132,625.6027221679688,400.48980712890625,730.7630615234375,472.618408203125,3.1625414167128816,-6.415833827427487,0.8204792409693391,0
136,11.333,3,car,352.86230303446456,539.9730016072592,254.13699340820312,465.2962341308594,452.7181701660156,540.0,0.039085824148955964,0.004847063336932248,0.9426646602401144,0
136,11.333,4,car,800.4998608907066,539.6209904988607,720.4824829101562,447.30169677734375,908.216552734375,539.8154296875,22.112683541434333,-0.2157741001672746,0.0648931109525448,0
136,11.333,5,car,427.1532068888347,481.8936225891114,385.3047180175781,406.5292663574219,468.1125793457031,481.6997375488281,2.919488525390632,-3.506478881836006,0.9382526211092892,0
136,11.333,8,person,76.35990225474039,428.46206054687497,65.44752502441406,369.7579650878906,85.5801773071289,428.89996337890625,4.980665261404846,-4.035037667410958,0.9084905489105224,66
136,11.333,49,person,49.63831550280254,429.5146036783854,38.99993133544922,372.60638427734375,59.32651138305664,429.201416015625,1.6587315968104641,-2.88204868861603,0.9387812672834028,71
136,11.333,9,car,205.52202517191574,527.3597918192545,106.37390899658203,426.15704345703125,304.48968505859375,535.6908569335938,4.474267796107737,13.001813180105811,0.0,0
136,11.333,17,truck,270.14540208180745,463.4578699747722,205.95159912109375,340.6607971191406,343.9750671386719,459.30303955078125,3.973606763567203,2.429953438895248,0.2873128313022826,41
136,11.333,176,car,584.9455629984537,487.5835929870605,524.6177978515625,429.87646484375,646.6388549804688,492.0660400390625,4.903495134625727,-2.336060878208877,0.7189298964337348,0
136,11.333,94,person,30.550597945849105,419.95086034139,21.23514175415039,364.5093994140625,39.790958404541016,418.1833190917969,3.2301533154078834,-3.469611903599357,0.8173154709268595,65
136,11.333,212,person,877.4688705444339,489.23925704956065,864.2647094726562,409.809326171875,892.496337890625,490.5121765136719,-7.425180489676013,-25.83222787039592,0.7479389426542244,0
136,11.333,11,person,136.06579971313482,428.41350657145193,125.1922378540039,375.92144775390625,145.38870239257812,426.11053466796875,1.6952597481864637,-4.8832109723771815,0.8655317244119377,56
136,11.333,219,car,581.1438412984213,538.4273056030274,498.7500305175781,475.98687744140625,664.7026977539062,538.4403686523438,-6.013883318219761,-1.3948686872211342,0.8371932245762076,0
136,11.333,220,car,122.71246678034466,539.5247619628906,18.50652503967285,496.9070129394531,221.81661987304688,539.1381225585938,-1.054460089547285,-0.5649588448663334,0.704092920400019,0
136,11.333,230,bus,391.06880760192865,412.86168950398775,265.2714538574219,317.09375,507.6923522949219,409.3910827636719,-213.13670719691686,-1.0414633614676212,0.9453623780204008,71
136,11.333,28,car,560.7821207682293,464.42465871175125,514.4673461914062,370.7055358886719,608.260498046875,462.9369812011719,8.142187499999954,-4.159928676060283,0.7020610812812387,0
136,11.333,261,person,930.8692016601562,518.4391479492188,910.7067260742188,436.2392883300781,951.0316772460938,518.4391479492188,0.0,0.0,0.0,0
136,11.333,218,person,117.50656141928573,419.7651949541283,108.80541229248047,374.1087646484375,125.7371826171875,420.17755126953125,3.5540329679436122,-4.156489436998551,0.948221757961732,58
137,11.417,2,car,679.6689666748048,471.5325431823732,625.6726684570312,400.99530029296875,731.4151000976562,473.41943359375,2.8471697126119384,-5.356788417270895,0.8014388668314025,0
137,11.417,3,car,353.12370923360197,539.984186299642,254.57781982421875,465.04052734375,453.1237487792969,540.0,0.3862184797016867,0.024020821707923752,0.9353810508331243,0
137,11.417,4,car,801.0130132039388,539.603286234538,703.1799926757812,448.46697998046875,886.1765747070312,539.533935546875,21.157311139788234,-0.19285975864912505,0.002965801050895278,0
137,11.417,5,car,427.3026264190675,481.51872965494806,386.19793701171875,407.5539855957031,467.767822265625,481.53826904296875,2.811054120745331,-3.6988037109372165,0.9405031360250213,0
137,11.417,8,person,76.5402328650157,428.2962725321452,66.36738586425781,373.3150634765625,85.10260009765625,428.7018127441406,4.7113615036011405,-3.7818433489117265,0.9016166318212017,65
137,11.417,49,person,49.5162029584249,429.2787027994792,38.94179153442383,372.2213134765625,59.271183013916016,429.2002258300781,1.2046605246408006,-2.847216796874858,0.9447990491866299,68
137,11.417,9,car,205.84628496170052,532.134930419922,105.70880889892578,425.7836608886719,304.353515625,537.20947265625,4.626930836268908,19.67693219866092,0.0,0
137,11.417,17,truck,271.2144608179729,462.1074284871421,208.36410522460938,342.12164306640625,341.00421142578125,456.302001953125,4.518677738734766,0.8018737792971068,0.24129559138113565,0
137,11.417,176,car,585.4563947041831,488.0996004740398,527.233642578125,430.10223388671875,642.5914916992188,488.8436584472656,5.30826285226039,-0.9761941092352558,0.7481633918839996,0
137,11.417,94,person,30.980984282493594,419.21144180297864,21.93208885192871,365.2221984863281,40.17169189453125,418.31329345703125,3.5700775827680507,-4.1940608433312105,0.8206199085161578,63
137,11.417,212,person,877.3399454752606,486.95705235799164,863.6182250976562,409.31536865234375,891.2313232421875,488.22430419921875,-6.350306919642219,-26.530976649692636,0.7810119153701822,0
137,11.417,11,person,135.8921105066936,427.0739972432456,125.52308654785156,376.25714111328125,144.667724609375,424.00286865234375,1.2426815577917216,-5.994356427873433,0.8117235290179425,55
137,11.417,219,car,580.8959598541261,538.3417358398438,498.7322998046875,475.290283203125,665.8132934570312,538.48388671875,-5.886568123953286,-1.3715541294640483,0.8329507583008069,0
137,11.417,220,car,121.54630651474001,539.352415974935,19.093400955200195,496.4279479980469,222.37234497070312,539.060791015625,-3.2191486358642023,-0.7530709402900913,0.7749242196487076,0
137,11.417,230,bus,371.52748654683444,410.9854064941407,250.11331176757812,317.7366027832031,491.6729431152344,408.1651916503906,-216.93764583042662,-4.161328124999894,0.9623293183459276,68
137,11.417,28,car,561.7338366190595,463.6796819051107,518.4835815429688,378.9601745605469,604.87451171875,462.5454406738281,8.774499075753697,-4.691562325613664,0.7064823678224583,0
137,11.417,261,person,929.9232482910156,517.6942749023438,909.5527954101562,434.3429260253906,950.293701171875,517.6942749023438,0.0,0.0,0.0,0
138,11.5,2,car,679.7179979960125,471.6862492879232,625.4121704101562,399.78692626953125,732.541259765625,472.9920349121094,2.661915370396511,-4.426268659319139,0.7966910663595074,0
138,11.5,3,car,353.3551527023316,539.9953709920248,254.53489685058594,464.82421875,452.82781982421875,540.0,0.7296985081266945,0.04319458007829345,0.9380097898449982,0
138,11.5,4,car,799.3870880126956,539.5323623657226,696.6061401367188,448.2156677246094,877.8619995117188,539.2655029296875,17.43831089564783,-0.23050101143964646,0.0,0
138,11.5,5,car,427.49174372355145,481.3859453837079,385.9272766113281,406.9680480957031,468.6706237792969,482.2283935546875,2.77146475655707,-3.574829537527569,0.9340772064564327,0
138,11.5,8,person,76.60218226114908,428.174127705892,66.56709289550781,373.3499450683594,84.96726989746094,428.4576721191406,4.235760498046889,-3.4387128557477777,0.8989546042567578,67
138,11.5,49,person,49.43064697583517,429.015013631185,39.311920166015625,373.5453796386719,59.019630432128906,428.90277099609375,0.8714230401175628,-2.8705862862721854,0.9489966943810635,71
138,11.5,9,car,206.09484697977697,536.6206092834473,106.89259338378906,425.7579650878906,303.2417907714844,537.4837646484375,4.648963492257271,25.802842058454406,0.13737020288558377,0
138,11.5,17,truck,270.41452484130866,460.4805516560873,196.48011779785156,333.3137512207031,338.14111328125,455.02105712890625,2.869254847935402,-1.2541128976002947,0.19821389441490056,0
138,11.5,176,car,585.7225883483889,488.15810877482096,528.2572021484375,430.0636901855469,640.3896484375,487.00091552734375,5.3616302490236025,-0.2895590645926356,0.7755754591925293,0
138,11.5,94,person,31.537946089108793,418.57034581502285,23.322006225585938,367.49273681640625,40.67231369018555,418.4737243652344,4.0062476430620695,-4.819083513532269,0.8327627692446019,61
138,11.5,212,person,876.8806170145672,485.40754496256517,861.9708251953125,407.9645690917969,890.1156616210938,488.1877746582031,-5.923957606724262,-25.93645542689725,0.7686227690869325,0
138,11.5,11,person,135.88794082005816,426.0803517659505,125.8546371459961,376.3201599121094,145.23252868652344,424.64373779296875,1.1109834398542224,-6.644348144531242,0.801984490864126,59
138,11.5,219,car,580.8552785237631,538.2634068806966,497.9019470214844,473.8044128417969,667.39697265625,538.34912109375,-5.45107073102675,-1.3181788853235548,0.819088922885905,0
138,11.5,220,car,120.798343984286,539.1215983072917,20.982126235961914,496.7326354980469,219.8590545654297,538.7216796875,-4.17705316543576,-1.0026646205355554,0.7908246557756311,0
138,11.5,230,bus,351.45429261525476,411.3721272786459,214.4967803955078,317.6275634765625,480.5701599121094,416.3880920410156,-220.16625922066822,-4.123231724330152,0.9632054519088094,71
138,11.5,28,car,562.0868507385254,463.09829203287774,517.4383544921875,381.0917053222656,602.3793334960938,462.618408203125,8.623635864257917,-4.965773228236329,0.7014324804389331,0
138,11.5,261,person,928.5373840332031,515.0128173828125,908.5496826171875,432.9207763671875,948.5250854492188,515.0128173828125,0.0,0.0,0.0,0
139,11.583,2,car,679.7267939249674,471.8423362731934,624.9072875976562,398.96636962890625,733.1796875,472.94354248046875,2.402231270926235,-3.599106706891832,0.7936890543937578,0
139,11.583,3,car,353.52753047943116,540.0065556844075,254.618896484375,464.6288146972656,452.5756530761719,540.0,0.9583122253415908,0.06236833844852071,0.9417582494006671,0
139,11.583,4,car,796.9426521301269,539.4522033691406,694.6156005859375,448.064697265625,874.376953125,539.1513061523438,12.66926749093147,-0.27092285156243184,0.0,0
139,11.583,5,car,427.7323538462322,481.38094355265304,385.60601806640625,405.78192138671875,469.34515380859375,482.2976379394531,2.875720432826514,-3.21045488630036,0.9260864047662503,0
139,11.583,8,person,76.49272616704306,428.1135683695476,65.83056640625,369.9836120605469,85.18019104003906,428.3704833984375,3.512640871320445,-3.0127925327846854,0.901935609941251,65
139,11.583,49,person,49.417010958989465,428.73820368448895,39.611366271972656,373.9429931640625,58.99763107299805,428.6742248535156,0.7135148457118289,-2.934609113420754,0.9503060476167386,70
139,11.583,9,car,206.28034489949545,540.3753606160482,108.56644439697266,425.408203125,302.4592590332031,537.1724853515625,4.441347394670717,30.442495291573536,0.3812863539068403,0
139,11.583,17,truck,268.815824063619,459.07345835367846,196.7844696044922,339.3675842285156,333.9502258300781,455.887451171875,-0.1573683602468936,-3.160852922711933,0.19633545854952494,0
139,11.583,176,car,585.8076405843101,487.766892751058,528.7903442382812,429.697021484375,639.8050537109375,485.9783935546875,5.033030482700782,-0.5406280517577157,0.7615740826005288,0
139,11.583,94,person,31.925951846440636,417.89154917399094,24.09064292907715,374.37005615234375,38.968997955322266,418.1233825683594,4.255417115347712,-5.517315673828279,0.8604386267747791,62
139,11.583,212,person,876.0619127909341,484.516163635254,859.937255859375,406.62384033203125,888.8511962890625,488.9685363769531,-6.119257899693344,-24.510097830636184,0.7136858647233552,0
139,11.583,11,person,135.97881520589192,425.3859631856284,125.8740005493164,376.1158447265625,145.5469970703125,425.3614196777344,1.193385968889485,-6.9530181884764675,0.8052327876856545,61
139,11.583,219,car,581.0239494323731,538.1840138753256,497.7134704589844,472.71429443359375,668.7518310546875,538.2843017578125,-4.759425136021217,-1.281889997209863,0.7976363147709422,0
139,11.583,220,car,120.27486790815989,538.9054072062174,22.23030662536621,496.7599182128906,219.45755004882812,538.6499633789062,-4.754589148930161,-1.2189880371094695,0.8075132319338583,0
139,11.583,230,bus,332.71496168772376,410.78613001505533,203.04075622558594,317.023193359375,462.79315185546875,412.175537109375,-221.11350631713836,-5.115214756556883,0.96751766329147,70
139,11.583,28,car,561.9708582560222,462.45541508992517,516.8172607421875,381.5708923339844,600.7119750976562,461.78448486328125,7.776298304966364,-5.265507725306818,0.6744179866523541,0
139,11.583,261,person,925.6506652832031,514.424072265625,905.5756225585938,431.23516845703125,945.7257080078125,514.424072265625,0.0,0.0,0.0,0
139,11.583,218,person,117.85647215704988,419.1524638576785,108.21247863769531,369.2015075683594,126.45024871826172,419.56817626953125,2.941245825394328,-3.671364493991706,0.9300422599961111,62
140,11.667,2,car,679.698262278239,472.06802647908535,624.7631225585938,398.7423095703125,733.747802734375,473.1555480957031,2.029945155552556,-2.7660317557196743,0.7932907397246968,0
140,11.667,3,car,353.73961919148775,540.0177403767905,254.87123107910156,464.5404968261719,452.27532958984375,540.0,1.3092943464010303,0.08154209681943753,0.9615028836796277,0
140,11.667,4,car,794.1848960876467,539.3910049438477,694.26220703125,447.9715576171875,872.7645263671875,539.1419677734375,7.518963187081619,-0.2777736118860523,0.0,0
140,11.667,5,car,427.91838874816904,481.4178639729819,385.74285888671875,404.9916076660156,469.953125,482.26849365234375,2.7777289254326547,-2.79884033203096,0.9186027880524963,0
140,11.667,8,person,76.54385264714558,428.08717778523777,66.66307067871094,369.9371032714844,85.91756439208984,428.2715759277344,3.0505487169538266,-2.5665435791013116,0.9178214014598638,67
140,11.667,49,person,49.37315522829693,428.4833168029786,39.50467300415039,373.27838134765625,59.04854965209961,428.5728454589844,0.5120873859950658,-2.986642456054468,0.9540141192483189,69
140,11.667,9,car,206.38135681152346,543.0888664245606,109.47048950195312,425.4137268066406,301.6843566894531,537.5963745117188,4.094278826032427,32.60535932268433,0.47335693509468857,0
140,11.667,17,truck,267.82013715108235,457.87998911539717,192.9061737060547,335.51153564453125,335.1863708496094,455.80462646484375,-1.1551293509346272,-4.586417933872521,0.18046977011735987,0
140,11.667,176,car,585.6046498616537,487.2521186828614,528.8367309570312,429.9695739746094,638.6214599609375,485.33477783203125,4.235464913504565,-0.9812138148714963,0.7386089393518903,0
140,11.667,94,person,32.15222364266713,417.20415573120124,24.74085235595703,376.72442626953125,38.54130554199219,417.4454345703125,4.130934456416539,-6.107008143833585,0.8787668213678038,61
140,11.667,212,person,874.9879898071291,483.96221160888695,858.2857055664062,405.10693359375,887.7390747070312,488.8380126953125,-6.753209577287657,-22.728068324497322,0.6431546593240921,0
140,11.667,11,person,136.02588109970097,425.11258722941085,125.67317199707031,375.6478576660156,145.92030334472656,426.5609130859375,1.149177605765275,-6.729956490652904,0.7992138941352327,61
140,11.667,219,car,581.170013554891,538.1222152709962,497.6659240722656,472.8197021484375,667.1470336914062,538.235107421875,-3.9358239310127785,-1.2168692452561658,0.7940868376961251,0
140,11.667,220,car,119.94702982107799,538.7361094156902,22.769123077392578,497.02850341796875,217.8324432373047,538.704345703125,-4.714445808955568,-1.3611380440845187,0.8077179058582318,0
140,11.667,230,bus,314.69284998575864,410.2973396301271,189.70338439941406,317.3349609375,445.2016296386719,409.7606506347656,-221.09150782993845,-5.083383178710686,0.9674676621954509,69
140,11.667,28,car,562.5279693603517,461.8648167928061,518.6939697265625,380.9737243652344,604.7236328125,462.1199035644531,7.8350463867190445,-5.689063371930518,0.6797481638075482,0
140,11.667,261,person,922.1453741164432,514.608674548921,900.0572509765625,428.1894226074219,942.1500854492188,515.7518310546875,-31.360944475448093,-9.714885602679168,0.8811196066502132,0
140,11.667,268,car,483.2867889404297,405.60418701171875,457.86279296875,363.68499755859375,508.7107849121094,405.60418701171875,0.0,0.0,0.0,0
140,11.667,218,person,117.80595988196293,419.08415036588104,108.11473083496094,369.0852966308594,126.52587890625,419.47454833984375,2.6245142962481776,-3.4167571196681625,0.9235549160011941,61
141,11.75,2,car,679.472220102946,472.31087443033863,624.4649047851562,398.8171691894531,733.7161254882812,473.325439453125,1.2634264264788762,-2.0271030970981316,0.8018630361780041,0
141,11.75,3,car,353.86451905568447,540.0156438191732,255.0902099609375,464.2811584472656,452.3735656738281,540.0,1.3874578203475787,0.06656406947549964,0.9636571592374004,0
141,11.75,4,car,791.3227701822918,539.3496800740561,694.6104736328125,447.7207946777344,872.3480224609375,539.1516723632812,2.1905064174111613,-0.2550266810822804,0.0,0
141,11.75,5,car,427.9832790374757,481.33913523356125,384.3383483886719,401.6984558105469,470.8947448730469,481.78179931640625,2.5207861764092976,-2.5934823172432124,0.9160020494988765,0
141,11.75,8,person,76.457040309906,428.13310419718425,66.06893920898438,368.1819152832031,85.85933685302734,428.4335021972656,2.4416759490966977,-2.078538731166103,0.9376811696905658,65
141,11.75,49,person,49.45281381607056,428.29059727986663,39.799293518066406,371.15618896484375,60.007225036621094,428.59967041015625,0.45051678248815225,-2.9596108572821453,0.9565070047706894,64
141,11.75,9,car,206.34962263107306,544.8389022827148,110.41474914550781,426.352783203125,300.8404846191406,538.5586547851562,3.4872729165214347,32.44808611188628,0.46678596677384376,0
141,11.75,17,truck,268.4689611434937,457.70365778605145,199.06349182128906,340.71173095703125,338.7066650390625,459.1924743652344,0.38755940028599856,-4.601758248465392,0.1935303787717627,0
141,11.75,176,car,585.5693211873373,486.82291234334326,529.410888671875,430.0564880371094,640.5733032226562,485.9544982910156,3.5473624093192453,-1.483817400250868,0.74004190155623,0
141,11.75,94,person,32.04854168097179,416.88911387125654,23.43081283569336,375.27691650390625,38.08757400512695,418.2213439941406,3.5375332014901306,-6.0990051269530445,0.867197665553316,65
141,11.75,212,person,873.7671424865723,483.643761698405,857.1536254882812,403.4710388183594,886.5575561523438,486.84405517578125,-7.619461931500908,-20.21173357282334,0.6009964487646773,0
141,11.75,11,person,136.06542498270673,425.16286061604825,125.66146850585938,375.8545837402344,146.0814208984375,427.2511901855469,1.085031345912461,-6.026223318917179,0.781187349575482,60
141,11.75,219,car,581.5781773885093,538.0610616048177,494.29718017578125,468.9442443847656,671.6842041015625,538.2546997070312,-2.733510916573366,-1.188542829240907,0.7967867276957449,0
141,11.75,220,car,119.54647269248964,538.5978459676107,23.49912452697754,497.17950439453125,216.77613830566406,538.69873046875,-4.921756063188809,-1.449444580077969,0.8122943511308387,0
141,11.75,230,bus,300.36398785909023,409.70369211832696,189.10386657714844,318.3728332519531,438.96258544921875,408.8507995605469,-216.27047358921575,-5.191811697823298,0.9376559914829052,65
141,11.75,28,car,563.2705708821616,461.6671460469565,518.9971923828125,380.7249450683594,607.2894897460938,463.0400390625,8.077723911830503,-5.508410208565785,0.6783431803242107,0
141,11.75,261,person,916.2427662440712,516.3672812325617,890.102783203125,425.7726135253906,934.7922973632812,519.33056640625,-40.46948678152732,-2.603001185825235,0.8050252325883205,0
141,11.75,268,car,468.5599822998047,405.0513916015625,442.75115966796875,362.5298767089844,494.3688049316406,405.0513916015625,0.0,0.0,0.0,0
141,11.75,218,person,117.75593100440761,418.9778345087798,108.14887237548828,369.5177917480469,126.51699829101562,419.2689208984375,2.208361831741718,-3.1488720048811585,0.9218817152358076,65
142,11.833,2,car,679.0242759704589,472.56913681030284,624.101806640625,399.0859375,732.779296875,473.2803039550781,0.20628531319728394,-1.2945203508651233,0.8245294546741403,0
142,11.833,3,car,354.0061723073324,540.014223734538,255.59144592285156,464.3466491699219,452.0599060058594,539.9791259765625,1.50404597691125,0.06216953822556669,0.9686600658125988,0
142,11.833,4,car,788.4754653930665,539.2859166463217,695.4008178710938,448.0347595214844,871.4968872070312,539.1851806640625,-3.0109523228235835,-0.3182974679129994,0.0,0
142,11.833,5,car,428.1415328979493,481.23953704833997,387.3650207519531,405.74468994140625,469.2824401855469,481.3912658691406,2.3456464494978215,-2.38007027762275,0.9212373399784055,0
142,11.833,8,person,76.42299213409424,428.05696894327815,65.7987060546875,367.6729431152344,85.77273559570312,428.47296142578125,2.112090519496359,-1.9938289097375201,0.9309865163701843,64
142,11.833,49,person,49.60516753196717,428.1237688700359,40.270442962646484,372.5008544921875,59.98493194580078,428.56097412109375,0.5408879143850968,-2.92057800292954,0.951479861209538,65
142,11.833,9,car,206.29075803756717,545.6818486531577,111.3717269897461,426.5601501464844,300.27606201171875,538.8701782226562,2.8510271889822865,30.450164794921868,0.4037774212062447,0
142,11.833,17,truck,268.93334573109945,457.6586855570476,197.71446228027344,343.1870422363281,336.3037109375,460.0802001953125,1.9782691955565588,-4.6184600830077915,0.22902995841972218,0
142,11.833,176,car,585.7705118815105,486.08424758911144,531.7193603515625,430.1951904296875,639.9264526367188,484.34320068359375,3.318069893972922,-2.307975115094642,0.7316634829875528,0
142,11.833,94,person,32.035575318336484,416.5772984822592,23.477943420410156,370.63739013671875,39.45380401611328,417.494873046875,3.028189781733911,-5.951960972377378,0.8648793098118686,62
142,11.833,212,person,872.4859774271647,483.88934809366873,856.22314453125,403.0672302246094,885.55419921875,485.9662780761719,-8.560014561244696,-16.537048775809346,0.6755745255604133,0
142,11.833,11,person,136.26834913889567,425.16385447184257,126.83091735839844,376.79876708984375,146.8770751953125,426.9068603515625,1.1499235970633557,-5.454322160993191,0.7690115485514921,60
142,11.833,219,car,582.2699639638265,538.0795934041341,494.8332214355469,468.1751403808594,673.05517578125,538.4430541992188,-1.2026046752929838,-1.040821184431019,0.805113765100354,0
142,11.833,220,car,119.20371944109601,538.4829544067384,24.385053634643555,497.2596435546875,216.247802734375,538.6608276367188,-5.12777799878801,-1.4933532714841538,0.8193684277902572,0
142,11.833,230,bus,289.6703741709391,408.63019714355465,191.36941528320312,318.9612731933594,432.5435791015625,406.9163513183594,-206.94378727504167,-6.082831682477756,0.8886025983015846,65
142,11.833,28,car,563.5955782572428,462.07101058959967,517.3936157226562,380.8601379394531,607.8914794921875,464.7296447753906,7.600748552594643,-4.421449061802435,0.6574189835432691,0
142,11.833,261,person,910.2677281697596,517.769205729167,883.9246826171875,424.6207275390625,929.3235473632812,520.0355834960938,-46.71568080356954,1.2822178431930071,0.8012546224913041,0
142,11.833,268,car,451.80706787109375,402.0472106933594,427.2888488769531,361.8256530761719,476.3252868652344,402.0472106933594,0.0,0.0,0.0,0
142,11.833,218,person,117.76265916370211,418.8751233705603,108.40335845947266,369.5590515136719,126.71297454833984,419.07672119140625,1.815790448869941,-2.8091536213581274,0.9297389489465556,57
142,11.833,274,truck,265.4718475341797,460.7588806152344,191.22308349609375,343.7597351074219,339.7206115722656,460.7588806152344,0.0,0.0,0.0,0
143,11.917,2,car,678.4906305948896,472.685726674398,624.1513671875,398.97979736328125,732.2269897460938,472.8139343261719,-0.9361999511715037,-0.8306801932195707,0.868475762582327,0
143,11.917,3,car,354.0986986796062,540.0132436116538,255.3395538330078,463.8851623535156,452.3531188964844,539.9925537109375,1.511338152204349,0.05495779854940336,0.9689198114264921,0
143,11.917,4,car,785.5608795166019,539.3005488077802,695.6279296875,448.6226501464844,870.4094848632812,539.6282958984375,-8.187090192521955,-0.33104160853761877,0.0,0
143,11.917,5,car,428.21220499674484,481.1505587259929,387.8395080566406,407.04339599609375,468.24932861328125,481.2685546875,2.118781389509058,-2.1719355991907614,0.9245326940750003,0
143,11.917,8,person,76.29847383499147,428.066079457601,65.73333740234375,367.6765441894531,85.74481964111328,428.541748046875,1.6157130105155268,-1.7523808070589701,0.9305097393272674,60
143,11.917,49,person,49.7762721379598,427.99632873535165,40.44742965698242,372.29449462890625,60.22541427612305,428.40850830078125,0.6444086347307585,-2.7921962193078063,0.9449141588287225,59
143,11.917,9,car,206.22615880966188,546.0191881815593,112.33081817626953,426.5833740234375,299.0572814941406,538.5104370117188,2.342146355765329,27.913299996512567,0.3122784290342233,0
143,11.917,17,truck,269.31455281575523,457.27440999348966,198.71859741210938,343.6544494628906,336.2799072265625,459.3987121582031,3.048549107142861,-5.2999302455355,0.2609666866816889,0
143,11.917,176,car,586.2005455017091,486.83856608072915,528.2119750976562,429.76202392578125,647.1386108398438,490.1799621582031,3.1894814627514396,-1.2520333426336925,0.7017229030265202,0
143,11.917,94,person,31.862172563870754,416.396088663737,22.83818244934082,368.0002746582031,39.60647201538086,417.34844970703125,2.2759125709533814,-5.549806431361567,0.8667116860380867,66
143,11.917,212,person,871.202094014486,483.8246625264486,855.593994140625,403.47100830078125,884.8135986328125,485.6990661621094,-9.522868129184664,-14.18438153948108,0.7164591277519934,0
143,11.917,11,person,136.4066709518433,424.90630493164076,126.77581024169922,375.9339599609375,146.82627868652344,425.7788391113281,1.1187740870885596,-5.291580636160404,0.7671905864897646,62
143,11.917,219,car,582.8734466552734,538.1149480183919,499.3245849609375,471.9265441894531,667.6837768554688,538.3892211914062,0.17798374720972465,-0.8542785644530628,0.8438864655193251,0
143,11.917,220,car,118.97132045427959,538.4204813639324,24.686466217041016,497.2173767089844,216.18824768066406,538.7391967773438,-5.160443360464909,-1.4563581194193178,0.8203349425150901,0
143,11.917,230,bus,278.51271826426205,407.279697672526,177.18406677246094,319.14678955078125,413.2095947265625,405.5421142578125,-198.60930339268268,-7.422415597098127,0.8655199215446338,66
143,11.917,28,car,563.5367296854657,462.46381708780933,516.0823364257812,380.7500915527344,607.0906372070312,465.1312561035156,6.6700626918249935,-3.5660038539338212,0.6314537712005729,0
143,11.917,268,car,434.726318359375,402.8756103515625,409.7496337890625,362.0024108886719,459.7030029296875,402.8756103515625,0.0,0.0,0.0,0
143,11.917,218,person,117.72076406406812,418.7994574635695,108.29891204833984,368.8409729003906,126.87360382080078,418.8065490722656,1.2921644926671774,-2.30427455181432,0.9495659122840039,55
143,11.917,274,truck,265.873779296875,459.7024841308594,192.428466796875,343.9472351074219,339.319091796875,459.7024841308594,0.0,0.0,0.0,0
144,12.0,2,car,678.2146021525068,472.8434458414713,624.1259155273438,398.9600524902344,732.2660522460938,472.9609375,-1.3757420131134692,-0.3578247070311873,0.8851838284871036,2
144,12.0,3,car,354.1443529129029,540.0068578084312,255.6526336669922,463.80511474609375,452.2307434082031,539.9976196289062,1.3958263942175204,0.03325456891761322,0.9680522929037481,0
144,12.0,4,car,782.6683059692383,539.3246800740561,695.8536987304688,448.29132080078125,870.4497680664062,539.7379760742188,-13.315688650948402,-0.34752110072519343,0.0,0
144,12.0,5,car,428.3501730600994,481.10703582763676,388.5679016113281,407.9220275878906,468.250244140625,481.2518615722656,2.0130059378489644,-1.9091753278457753,0.928748110735107,0
144,12.0,8,person,76.18132963180544,428.10206858317065,65.7874984741211,367.5816955566406,85.93409729003906,428.4945373535156,1.1522204262870064,-1.468984549386033,0.9381746949762434,52
144,12.0,49,person,50.015363518397024,427.9183306376141,40.52957534790039,372.0993957519531,60.39567947387695,428.2854309082031,0.9177742276872797,-2.56215166364369,0.9413668937771772,51
144,12.0,9,car,206.12303943634038,545.3377993265789,112.68440246582031,426.03887939453125,298.837158203125,538.5474853515625,1.7874157496862202,23.329032244001514,0.1595635053554828,0
144,12.0,17,truck,268.4835860570272,457.1645680745443,195.53602600097656,343.7721252441406,335.3379821777344,460.79766845703125,1.5865294320243546,-5.721119907923853,0.26097775703930726,0
144,12.0,176,car,586.2561828613283,486.3629781087241,531.4022827148438,429.7779235839844,642.5927734375,485.9244689941406,2.478348214285727,-1.9464006696427134,0.7245159681216079,0
144,12.0,94,person,31.71817534764608,416.20669097900407,22.43560028076172,365.47308349609375,39.84202575683594,416.7840576171875,1.7114088330950137,-5.12094464983232,0.8687462733176095,57
144,12.0,212,person,870.0739832560222,483.305391184489,855.737060546875,404.1580810546875,884.1881103515625,483.47686767578125,-10.23977312360463,-12.74828796386716,0.7668681959071595,0
144,12.0,11,person,136.3917943954468,424.7394729614258,125.99211120605469,374.3035583496094,146.67970275878906,425.6196594238281,0.8934955051967258,-4.957698277064693,0.7652622066507144,57
144,12.0,219,car,583.5131614685059,538.1709182739258,501.11834716796875,472.9955139160156,666.5664672851562,538.3771362304688,1.478141130720043,-0.6344526018414826,0.904891876036724,0
144,12.0,220,car,118.99986324310302,538.3793212890625,24.56143569946289,496.80987548828125,216.7362823486328,538.6969604492188,-4.65867331368582,-1.377999441964209,0.8077552435647153,0
144,12.0,230,bus,269.26219927469896,406.37065073649086,173.61709594726562,319.93890380859375,401.28338623046875,404.81744384765625,-188.02988303048258,-7.576823207310284,0.8409082297972913,57
144,12.0,28,car,564.0046213785807,462.7004486083985,514.11572265625,371.259765625,613.9716796875,463.9856262207031,6.459620884486511,-2.7780500139506037,0.6294842828819327,2
144,12.0,268,car,412.8175354003906,404.0602722167969,386.7576904296875,361.47186279296875,438.87738037109375,404.0602722167969,0.0,0.0,0.0,0
144,12.0,274,truck,266.0540771484375,460.44757080078125,191.9404296875,343.5650939941406,340.167724609375,460.44757080078125,0.0,0.0,0.0,0
145,12.083,2,car,678.0418785095216,473.0479637145996,623.52197265625,398.33489990234375,732.5007934570312,473.1409606933594,-1.4966164725165945,0.13954075404557953,0.896639491878597,1
145,12.083,3,car,354.168688138326,540.0051096598306,256.2049255371094,463.9476623535156,451.9023132324219,539.9995727539062,1.225849587576646,0.024865722656044455,0.9705119383759784,0
145,12.083,4,car,782.738151550293,539.2777201334637,695.9320068359375,447.73223876953125,869.8099365234375,539.3993530273438,-10.70453665597124,-0.4271170479908838,0.0,0
145,12.083,5,car,428.5261754353842,481.1404635111491,388.8097839355469,407.98944091796875,468.621337890625,481.35174560546875,1.9706987653460653,-1.5439047677177362,0.9354046589902651,0
145,12.083,8,person,76.03713486989339,428.1192860921225,65.74504852294922,367.8769226074219,85.85597229003906,428.44342041015625,0.6877987452915596,-1.258996582031128,0.9501434830938956,50
145,12.083,49,person,50.26056563059489,427.8668627421062,40.657840728759766,372.38934326171875,60.388877868652344,428.14569091796875,1.2129269191196883,-2.2871743338448995,0.9454046681322239,50
145,12.083,9,car,206.16127955118816,543.5936477661135,113.64253234863281,425.8209228515625,298.8488464355469,538.5330200195312,1.5111838204519592,16.657128034319253,0.12498758917864683,0
145,12.083,17,truck,267.3259754180909,457.2411280314127,194.31666564941406,343.0314636230469,336.0650634765625,461.22601318359375,-0.6292831420897843,-5.75700596400679,0.2707799399309254,36
145,12.083,176,car,586.3743708292643,485.2981808980305,533.667724609375,429.91436767578125,638.6432495117188,482.59033203125,2.349936349050925,-3.106864275251207,0.7020758325314915,0
145,12.083,94,person,31.674368453025828,416.14778467814125,22.678604125976562,365.6470031738281,39.88502502441406,416.6269836425781,1.4181321961539173,-4.447334943499031,0.8772963794874653,60
145,12.083,212,person,869.0243131001791,481.8265864054362,855.8334350585938,404.2202453613281,882.8470458984375,478.8909912109375,-10.78312159946994,-12.741710553850615,0.7778835642321611,0
145,12.083,11,person,136.275502427419,424.7697458902995,125.9861068725586,375.9411926269531,146.1750946044922,426.0233459472656,0.5269551413399693,-4.362958635602663,0.7615028817580055,52
145,12.083,219,car,584.0840319315594,538.2205561319988,501.9979553222656,473.05322265625,667.0621948242188,538.32470703125,2.342077200753561,-0.4372846330915791,0.9381018313226638,0
145,12.083,220,car,119.30021516482034,538.3628458658853,24.279523849487305,496.6038513183594,216.11790466308594,538.664306640625,-3.3981835229056174,-1.2535923549109143,0.82872604517794,0
145,12.083,28,car,563.4192680358888,462.94554036458345,509.58367919921875,368.1680603027344,612.0884399414062,463.9000549316406,4.761713954380681,-2.0125174386160265,0.6208004538108701,1
145,12.083,268,car,395.9886874244326,403.84760829380576,367.36627197265625,361.345703125,421.303466796875,405.2102966308594,-215.68035016741052,-1.4106549944199662,0.9695460834263734,60
145,12.083,274,truck,266.13736724853516,459.3277893066406,192.11338806152344,342.47344970703125,340.1613464355469,459.3277893066406,0.0,0.0,0.0,0
146,12.167,2,car,678.124287414551,473.12084147135414,623.8430786132812,397.7286682128906,732.9803466796875,472.6661682128906,-1.12296752929643,0.4234967912947147,0.9104675772073775,0
146,12.167,3,car,354.1408540725708,539.9847981770833,256.0459289550781,463.6876220703125,451.7654724121094,539.9413452148438,1.0089611598423938,-0.011530412946241398,0.9718292282325237,0
146,12.167,4,car,781.531128438314,539.2357920328776,696.2992553710938,447.3628234863281,869.472900390625,539.2135009765625,-11.848757498604751,-0.43420584542401985,0.0,0
146,12.167,5,car,428.64427731831887,481.1532096862794,388.33660888671875,407.3186950683594,468.6359558105469,481.0979919433594,1.9177060808457462,-1.2079951695030613,0.9472467649186446,0
146,12.167,8,person,76.00655377705894,428.1173039754232,66.01716613769531,368.23773193359375,85.99396514892578,428.3631286621094,0.490346636091024,-1.1064095633369335,0.9539429950955581,56
146,12.167,49,person,50.49010008176168,427.7847170511882,40.694210052490234,372.2086486816406,60.45075607299805,427.9161071777344,1.475475393022819,-2.085389491489856,0.9533446407669927,62
146,12.167,9,car,206.1961109161378,540.4974858601889,114.65567016601562,424.8529052734375,298.1269836425781,537.3169555664062,1.24345942905986,7.58986554827039,0.6884424191499225,0
146,12.167,17,truck,267.1308462778727,458.0059593200685,190.62469482421875,328.0651550292969,349.0641174316406,461.5496520996094,-1.8225487845283765,-4.095741053989723,0.28704361165595305,40
146,12.167,176,car,586.5020050048831,484.5780718485514,532.7483520507812,429.7552490234375,639.439208984375,483.21917724609375,2.32771519252291,-3.707785034179622,0.6966263230777168,0
146,12.167,94,person,31.59161777496338,416.2739578247072,22.30453872680664,364.932861328125,39.7681999206543,416.78729248046875,1.1445161002022999,-3.49457048688597,0.901436897648912,65
146,12.167,212,person,867.8581761678063,480.0889778137208,854.5064697265625,403.0932922363281,881.4403076171875,477.14813232421875,-11.422126988001695,-13.3169873918803,0.7645979409283855,0
146,12.167,11,person,136.67115389506023,424.75853500366225,128.34739685058594,377.4231872558594,147.67897033691406,425.5860595703125,0.8870001656669187,-3.8361184256416054,0.7540801201134916,48
146,12.167,219,car,584.3222873687745,538.2225646972657,502.4412536621094,473.46392822265625,666.17724609375,538.232666015625,2.4432030814035746,-0.35402134486584186,0.9397143160715755,0
146,12.167,220,car,119.8363677978516,538.3638621012371,25.067611694335938,496.48992919921875,216.31072998046875,538.5985107421875,-1.8287959507532798,-1.0916800362720704,0.883363087991427,0
146,12.167,28,car,562.5724465688071,462.8047996520998,511.6766052246094,370.4571838378906,609.7328491210938,462.293212890625,2.56388266427228,-1.7873984200611999,0.6472687181298635,0
146,12.167,268,car,376.8207304818292,404.6661006382535,347.7858581542969,361.0098571777344,403.0988464355469,405.74615478515625,-218.98845781598743,1.181474958148074,0.9698747364484667,65
146,12.167,274,truck,271.5513610839844,461.4752197265625,187.02230834960938,326.7944030761719,356.0804138183594,461.4752197265625,0.0,0.0,0.0,0
146,12.167,261,person,891.6013824905175,512.8217198468637,869.0260009765625,420.9309387207031,909.9501953125,509.15106201171875,-51.24414725925634,-6.5834775178329545,0.7915558029147731,0
147,12.25,2,car,678.3824999491375,473.01868642171235,624.8248291015625,398.1519775390625,732.940673828125,472.2727966308594,-0.4922280447820394,0.3539925711498668,0.9177939949386887,0
147,12.25,3,car,354.1853558858236,539.9773284912111,256.7364807128906,463.8992004394531,451.5763854980469,539.9705200195312,0.9292066301619991,-0.023986816405904183,0.9727668108068703,0
147,12.25,4,car,779.8568850199384,539.2122324625652,696.7608032226562,447.05999755859375,869.4166259765625,539.149169921875,-14.432965523855229,-0.3855311802454533,0.0,0
147,12.25,5,car,428.6541430155437,481.0737108866374,387.9065246582031,406.9354248046875,468.4123840332031,480.85791015625,1.7393410818918953,-1.0910038539341091,0.9467870732775588,0
147,12.25,8,person,75.9052768389384,428.134494272868,65.4618911743164,367.6068115234375,85.7507095336914,428.3740234375,0.26663311549598584,-0.9372711181639503,0.9531786222202061,57
147,12.25,49,person,50.66630687713623,427.71347783406577,40.81800079345703,373.0462341308594,60.39207458496094,427.8542785644531,1.614982713971834,-1.899924577985387,0.9584334617546126,64
147,12.25,9,car,206.32361526489262,539.358740234375,115.03330993652344,424.025390625,298.1297607421875,537.15869140625,1.214292689732201,4.3117466517858,0.7990741939033251,0
147,12.25,17,truck,265.9799235661825,459.0112932840984,183.66424560546875,321.7332458496094,347.57574462890625,461.07501220703125,-3.9547057015553704,-1.7291264125277266,0.3332577361652307,42
147,12.25,176,car,586.4432332356771,483.8800839742026,532.031494140625,429.81640625,639.1338500976562,483.31036376953125,2.0356410435268857,-4.399923706054372,0.6976185744367589,0
147,12.25,94,person,31.482185395558687,416.32057596842446,22.255538940429688,364.6752624511719,39.75716018676758,416.8167419433594,0.83664370945524,-2.8939296177455485,0.9075448155541158,66
147,12.25,212,person,866.8413925170898,475.7691347757976,855.2402954101562,400.5721740722656,879.38427734375,465.5981750488281,-11.719600132533298,-17.270462036132688,0.5354661510728275,0
147,12.25,11,person,137.12258570988976,424.76440531412777,128.23312377929688,375.4794921875,148.16188049316406,425.15673828125,1.390900366646948,-3.2297450474328127,0.7541901648150602,51
147,12.25,219,car,584.4827905019125,538.2514078776043,501.2098693847656,472.27337646484375,667.6058349609375,538.3160400390625,2.3703218732563416,-0.2435198102676906,0.9404219820955205,0
147,12.25,220,car,120.31714195410413,538.3880269368491,25.521448135375977,496.3379821777344,216.4707489013672,538.54931640625,-0.6223908969333706,-0.8844621930801377,0.9340547842929718,0
147,12.25,28,car,561.637821451823,462.7560572306316,512.6377563476562,370.6880187988281,609.8557739257812,462.3055114746094,0.10594482421895099,-1.417113385881548,0.7508679208763576,0
147,12.25,268,car,359.3912963867189,405.12082417806005,333.0997009277344,361.29522705078125,387.977783203125,405.6195983886719,-217.0214080810544,2.0365164620540277,0.9705810364098415,66
147,12.25,261,person,886.9103597005204,511.26185971214636,866.5947875976562,422.6604919433594,906.1041259765625,509.9135437011719,-51.80505017266798,-7.931793528807814,0.8022892576140663,0
148,12.333,2,car,678.5651039123536,472.90004221598304,625.1419067382812,398.9864807128906,732.6643676757812,472.529541015625,-0.09772992815315804,0.13975917271190536,0.9200957266381803,0
148,12.333,3,car,354.17162208557136,539.9768595377604,256.6734924316406,463.731689453125,451.5986328125,539.9894409179688,0.7355091639928547,-0.02458844866083128,0.980473262946301,0
148,12.333,4,car,778.0166882832847,539.2878743489583,696.7877197265625,447.36297607421875,868.8695068359375,539.6085205078125,-17.413917323520803,-0.24611467633935394,0.09315325760501714,0
148,12.333,5,car,428.70417416890456,480.98957188924163,387.954345703125,406.8895263671875,468.676513671875,480.9637756347656,1.650738307407705,-1.0674617222377436,0.9448822911108843,0
148,12.333,8,person,76.03721141815186,428.2043403625489,66.69970703125,369.8010559082031,86.26322937011719,428.3766174316406,0.370695386614067,-0.6597538539341766,0.9548197350540755,49
148,12.333,49,person,50.73745024998983,427.63347702026374,40.547462463378906,372.95111083984375,60.11429977416992,427.6471252441406,1.602928979056201,-1.7280774797713117,0.9618059999597125,50
148,12.333,9,car,206.3367307662964,538.8017929077149,115.49230194091797,425.18701171875,296.7474365234375,537.8472290039062,1.0858281816754214,2.556986781529109,0.8560233090602248,0
148,12.333,17,truck,264.60138874053956,459.83928426106775,191.3291778564453,335.0792541503906,339.29296875,459.8913269042969,-6.543014635358516,0.441336495535789,0.4513359841405362,42
148,12.333,176,car,586.4155283610027,483.48904571533205,530.692138671875,429.3221740722656,640.4463500976562,484.25408935546875,1.863642229352822,-4.700680977957601,0.7011111499975989,0
148,12.333,94,person,31.335569524765013,416.33543675740566,22.376699447631836,365.19805908203125,39.53573989868164,416.60675048828125,0.4718211855207139,-2.4050890241349703,0.9176766859237453,60
148,12.333,11,person,137.71624323527018,424.84225133260094,128.4246826171875,375.02734375,148.41781616210938,424.85919189453125,2.239226858956444,-2.4544594900950027,0.7741290970411245,53
148,12.333,219,car,584.6161822001142,538.2662923177085,502.49005126953125,473.1908874511719,666.742919921875,538.3705444335938,2.2259203229634505,-0.19787946428568687,0.9422610883678927,0
148,12.333,220,car,120.74785215059916,538.4170018513997,26.779510498046875,496.40850830078125,216.7847900390625,538.5012817382812,0.13095237186972777,-0.6805219377791237,0.9322915220150773,0
148,12.333,28,car,561.2874937693279,462.89461466471363,512.5123901367188,372.3695068359375,607.8250122070312,462.62872314453125,-0.34254520961200136,-0.7541852678572037,0.7596605021265007,0
148,12.333,268,car,344.6704698350694,405.18613755967885,324.5603942871094,362.9556579589844,375.8629150390625,405.0141906738281,-209.89702758789082,1.8154418945313786,0.9573509722384984,60
148,12.333,261,person,882.5098819715465,509.1436851233163,863.4786987304688,421.36846923828125,901.226806640625,506.39794921875,-51.90785111340455,-9.728175611298072,0.8050257874678245,0
148,12.333,286,car,508.20623779296875,402.74041748046875,475.27191162109375,362.91461181640625,541.1405639648438,402.74041748046875,0.0,0.0,0.0,0
148,12.333,218,person,116.92986270128677,418.0679751897264,107.02877044677734,368.1217956542969,125.8809585571289,417.9344177246094,-0.5542866335076324,-1.9008954581568818,0.9535530620950328,57
149,12.417,2,car,678.7278706868491,472.7654813130697,624.7330932617188,397.9333801269531,733.6365356445312,472.6981201171875,0.13994489397358856,-0.167555890764364,0.9235904614812311,25
149,12.417,3,car,354.1426762898763,539.9790623982749,256.35833740234375,463.4099426269531,451.71002197265625,539.9966430664062,0.5673470633371481,-0.020672607421589446,0.9849595739629977,0
149,12.417,4,car,783.9721371968589,539.2600708007814,714.564208984375,445.25616455078125,894.2957153320312,539.0991821289062,-7.324777221679433,-0.2108119419640243,0.0,0
149,12.417,5,car,428.7617127736411,480.91345469156903,387.8890380859375,406.7546691894531,468.88140869140625,481.04864501953125,1.591701180594634,-1.082030378068953,0.9436396809883246,0
149,12.417,8,person,76.09257901509605,428.2966117858887,66.23120880126953,369.89105224609375,85.92839050292969,428.52783203125,0.4298747471401043,-0.4027600969584918,0.9577934924176588,0
149,12.417,49,person,50.844263203938816,427.5801620483399,40.76030731201172,372.4899597167969,60.484405517578125,427.66259765625,1.6140361240932184,-1.5505187988280555,0.965194804428766,0
149,12.417,9,car,206.1873120625814,536.1407562255861,122.42623901367188,425.7676696777344,288.2672119140625,528.2139892578125,0.816231863839316,-1.361891392298946,0.6457179026868044,0
149,12.417,17,truck,264.5133980433146,460.60575714111343,195.5713348388672,339.8790283203125,337.7060546875,459.3456115722656,-6.197309548514146,2.488196672712262,0.5139709945787765,0
149,12.417,176,car,586.4394014994305,483.2232432047528,530.5558471679688,428.811767578125,641.4439086914062,484.4546813964844,1.7091993059433417,-4.813178362164936,0.7028529492892691,0
149,12.417,11,person,138.4676238377889,425.2151870727539,129.44879150390625,375.1959533691406,149.7969970703125,425.5959777832031,3.138641248430554,-1.2775399344306622,0.8010330363703435,0
149,12.417,219,car,584.9668818155926,538.4178975423177,502.21844482421875,472.90655517578125,668.2996826171875,538.8974609375,2.503718784877672,0.02618931361625895,0.9401720481567211,0
149,12.417,220,car,121.5274707714717,538.4294764200848,28.128442764282227,496.1731262207031,218.9177703857422,538.483154296875,1.2190863336836808,-0.5421098981580299,0.8978456397804963,0
149,12.417,28,car,561.7817367553712,462.9585332234701,512.5013427734375,366.06854248046875,614.1129760742188,462.4363098144531,0.34341430664064587,-0.3011012486046823,0.7604829949551198,0
149,12.417,261,person,877.0698311615959,504.2382903588591,856.3021850585938,413.65594482421875,892.5672607421875,494.555908203125,-53.190951619311576,-14.442771070357026,0.7481368299488849,25
149,12.417,286,car,507.1154022216797,403.201904296875,471.3513488769531,360.175048828125,542.8794555664062,403.201904296875,0.0,0.0,0.0,0
149,12.417,218,person,116.83507644839406,418.0569705870095,107.19947814941406,368.2557373046875,126.33885192871094,418.25689697265625,-0.6112609025908226,-1.7280777349703778,0.9542977044009192,0
150,12.5,2,car,678.7898455301921,472.5544296264649,624.3147583007812,396.90362548828125,733.783203125,472.393798828125,0.1698551722938217,-0.5593741280690852,0.9312107246440587,28
150,12.5,3,car,354.1459428151449,539.9822296142579,256.35443115234375,463.2905578613281,451.73492431640625,539.9993286132812,0.5008686610631714,-0.015166364397192014,0.9846084318739162,0
150,12.5,4,car,790.3268778483074,539.1431310017904,719.3816528320312,442.6208801269531,907.5424194335938,538.7437744140625,0.9104840959826361,-0.3060346330914931,0.0,0
150,12.5,5,car,428.7997863769532,480.91909306844093,387.88140869140625,406.49285888671875,469.319091796875,481.24859619140625,1.443059430803682,-0.9723750523158078,0.9418795425557585,0
150,12.5,8,person,76.24831453959149,428.29656829833993,66.95375061035156,370.09783935546875,86.404541015625,428.1382751464844,0.5611966814313681,-0.276460484095758,0.9583630342331517,0
150,12.5,49,person,50.82916506131491,427.5000027974448,40.43750762939453,372.1339111328125,60.194549560546875,427.5168151855469,1.4423702512468564,-1.445558820451766,0.9605633201659156,0
150,12.5,9,car,205.71420876185104,531.2861821492515,128.28662109375,425.6348571777344,279.50225830078125,517.7393798828125,0.18363173348565792,-7.674999128069011,0.33389595916011383,14
150,12.5,17,truck,265.30246518452964,461.0095019022624,197.9295196533203,341.373046875,338.24609375,459.0122985839844,-4.155201285226045,3.5720437186105505,0.5444843753886955,14
150,12.5,176,car,586.5296590169272,483.00101064046237,530.8220825195312,428.33758544921875,642.5606079101562,484.5715026855469,1.539833286830392,-4.9155317034038175,0.7064286250952713,0
150,12.5,11,person,138.93861719767256,425.2328735351563,129.2909393310547,375.4964294433594,148.67494201660156,423.8330383300781,3.5956342424665895,-0.5482596261158121,0.8504268640399248,0
150,12.5,219,car,585.4163249969484,538.5175084431966,503.24530029296875,473.2658996582031,668.1519775390625,538.6832885742188,2.9547749110631867,0.19211687360520285,0.9514119347270472,0
150,12.5,220,car,122.33947727680207,538.4420191446941,28.25439453125,495.9056396484375,219.8341064453125,538.4816284179688,2.269559465135903,-0.42497471400674824,0.8823406646470535,0
150,12.5,28,car,562.338166300456,463.05373891194677,509.6900329589844,359.6722106933594,616.9356079101562,462.74310302734375,1.217708914620827,0.06941528320326641,0.7680734130692987,0
150,12.5,261,person,871.5857604683733,498.5208782890365,851.6577758789062,404.5058898925781,888.7420654296875,487.77593994140625,-55.027813559352005,-20.169952698588375,0.7114803963979888,28
150,12.5,286,car,496.62127685546875,403.41583251953125,460.334716796875,359.93597412109375,532.9078369140625,403.41583251953125,0.0,0.0,0.0,0
150,12.5,218,person,116.92264381857483,417.93340062758506,107.69884490966797,368.59814453125,126.83074188232422,418.138427734375,-0.5003911635454843,-1.8003104176241196,0.953653260339848,0
151,12.583,2,car,678.8244885762533,472.3821749369304,624.1207275390625,396.2036437988281,734.10791015625,472.31268310546875,0.12279445103222351,-0.8197278703961209,0.936872041860979,28
151,12.583,3,car,354.204439608256,539.9503377278646,256.71722412109375,463.0548095703125,451.9447021484375,539.8541870117188,0.4979052952356881,-0.053173828125007504,0.9841973477693894,0
151,12.583,4,car,794.8831830342612,539.1371358235677,702.7072143554688,443.68768310546875,887.4978637695312,539.0244140625,10.920947701590414,-0.22591029575901264,0.0,0
151,12.583,5,car,428.8412105560302,480.77658462524425,387.7381591796875,405.2289123535156,469.8992614746094,480.77886962890625,1.2729224068777483,-1.1114331926616412,0.9464580205366991,0
151,12.583,8,person,76.48577499389648,428.1936177571615,67.35274505615234,369.1424255371094,86.90355682373047,427.78790283203125,0.7837803431919425,-0.32585449218744267,0.9490224125845299,0
151,12.583,49,person,50.79240860939026,427.2950368245443,40.29019546508789,370.6210021972656,60.291038513183594,427.0216369628906,1.2505139759608426,-1.5478114536830614,0.9538643010768982,0
151,12.583,9,car,205.166898504893,524.1656168619791,135.0992431640625,425.39501953125,271.7789001464844,506.33880615234375,-0.5268743787493101,-16.52716238839305,0.01445225745747769,0
151,12.583,17,truck,265.95234457651776,461.1450925191244,195.79554748535156,341.59210205078125,337.0497741699219,459.27874755859375,-2.065045492989621,3.8072610037668393,0.5967286705593522,0
151,12.583,176,car,587.1338961283366,484.3502342224122,529.0811157226562,427.84600830078125,647.1857299804688,488.0320129394531,2.28937159946979,-2.1415453229632786,0.698560244942589,0
151,12.583,219,car,585.9732660929362,538.8010065714517,502.1634216308594,472.0979919433594,672.0009155273438,539.5592651367188,3.297439139229824,0.5502397809708851,0.9265685260103035,0
151,12.583,220,car,122.83628371556603,538.4654693603517,27.781768798828125,495.79693603515625,219.30320739746094,538.5396728515625,2.734837286812904,-0.316380092076052,0.8805366838667297,0
151,12.583,261,person,866.9286679055194,493.3902506473825,850.3226318359375,399.9447326660156,887.60009765625,485.1947021484375,-56.132703163640834,-24.936463280547116,0.7100985904876497,28
151,12.583,286,car,485.29217529296875,402.0440368652344,450.22613525390625,360.3867492675781,520.3582153320312,402.0440368652344,0.0,0.0,0.0,0
151,12.583,298,car,617.3232116699219,388.30694580078125,601.8196411132812,366.2457580566406,632.8267822265625,388.30694580078125,0.0,0.0,0.0,0
152,12.667,2,car,678.8992004394531,472.4078379313152,624.8516845703125,397.4434509277344,733.5029296875,472.6580810546875,0.17848074776813905,-0.6887224469862537,0.9352964077984939,0
152,12.667,3,car,354.2682409922283,539.9110432942709,256.55572509765625,462.83538818359375,451.8700256347656,539.8084716796875,0.565897260393616,-0.0986467633924715,0.9864887046875619,0
152,12.667,4,car,795.5063283284506,539.2160151163739,696.3576049804688,444.33172607421875,879.021240234375,539.4490966796875,12.787923758370964,-0.08099278041250176,0.0,0
152,12.667,5,car,428.9543029785156,480.5908978780112,387.41937255859375,403.5162353515625,470.94512939453125,480.5940246582031,1.2154384068080992,-1.3218396868022857,0.9529900722964296,0
152,12.667,8,person,76.7710157076518,427.992256418864,67.65113067626953,368.6963806152344,87.09056854248047,427.3749694824219,1.0858093806675844,-0.519406127929531,0.9381501796836582,0
152,12.667,49,person,50.81372205416363,427.0959818522135,40.567569732666016,369.56024169921875,60.79010009765625,426.8212585449219,1.1073544366019374,-1.6171665736605794,0.9532535951959041,0
152,12.667,9,car,204.59240474700928,517.0017987569174,136.97862243652344,425.7381286621094,269.704345703125,502.2855529785156,-1.3186147417339467,-24.81668831961474,0.08757285419913508,0
152,12.667,17,truck,266.78187313079843,460.7844426472983,195.59474182128906,341.28271484375,337.2783508300781,458.8785705566406,0.2995876857214163,2.8945390973774767,0.6859063904414183,0
152,12.667,176,car,587.5181943257651,485.31683425903327,529.103271484375,427.68499755859375,646.6514892578125,487.8092956542969,2.609332711356145,-0.3663037981304913,0.6923270314237665,0
152,12.667,219,car,586.6085219065347,539.0031422932943,504.5472106933594,473.6004943847656,670.7703857421875,539.3143310546875,3.7709060668946677,0.8018502371653514,0.9146849682726708,0
152,12.667,220,car,123.18798360824589,538.5193827311199,26.754539489746094,495.4350280761719,219.1986541748047,538.646484375,3.08132580348431,-0.17660784040150462,0.889500642322691,0
152,12.667,261,person,863.0085787777481,489.07528762562384,848.0199584960938,398.41448974609375,884.9492797851562,484.6434631347656,-55.782424078274474,-28.634664808497345,0.7151530105950579,0
152,12.667,286,car,474.22718811035156,405.3997497558594,438.2122802734375,362.8886413574219,510.2420959472656,405.3997497558594,0.0,0.0,0.0,0
152,12.667,298,car,617.3265380859375,388.92803955078125,601.3771362304688,366.2264404296875,633.2759399414062,388.92803955078125,0.0,0.0,0.0,0
152,12.667,94,person,30.97607127706803,415.54064045616644,23.913156509399414,370.1728210449219,38.97455596923828,415.38787841796875,-0.45648736837275244,-2.3793002870061266,0.9433451975782117,0
152,12.667,28,car,562.4277486947865,462.9021963266226,513.9913940429688,371.4047546386719,609.0518798828125,462.7777404785156,1.2798775396401738,-0.2149926902275275,0.7604367508216466,0
153,12.75,2,car,679.09367574056,472.3317316691081,624.721923828125,396.2559509277344,734.2772827148438,472.3940124511719,0.45210832868350537,-0.750844900948485,0.934769891191803,0
153,12.75,3,car,354.32589931488036,539.8730117797853,256.57952880859375,462.638671875,452.0572509765625,539.7938842773438,0.591936492920009,-0.14028756277860382,0.986471973289418,0
153,12.75,4,car,794.7351379394532,539.1920608520509,694.6277465820312,443.92559814453125,875.9801025390625,539.1629028320312,11.686471121651849,-0.11033150809146118,0.0,0
153,12.75,5,car,428.95469525655113,480.3400189717611,387.2715148925781,402.98602294921875,470.2665710449219,479.8458251953125,1.048100280761856,-1.4796242850165864,0.9491579230000604,0
153,12.75,8,person,77.11131114959719,427.69297561645504,68.09583282470703,368.3512878417969,87.40442657470703,426.96722412109375,1.4425503322056985,-0.8621220179967081,0.9271116462289732,0
153,12.75,49,person,50.88983736038209,426.73332214355474,41.15054702758789,369.9971923828125,60.92054748535156,426.0622863769531,1.0241495949881465,-1.9142421177454856,0.9472726547905936,0
153,12.75,9,car,204.1916442235311,510.41001230875645,136.58566284179688,424.9651794433594,271.145751953125,500.888427734375,-1.8683202471051437,-31.934569440568946,0.28253930113321024,0
153,12.75,17,truck,267.1791034062704,460.1537312825521,196.40963745117188,340.0366516113281,339.31573486328125,458.7343444824219,0.9174600873674976,1.3889439174108118,0.6972637594420735,0
153,12.75,176,car,587.9770904541018,486.0494489034017,530.2859497070312,427.5771789550781,647.3496704101562,487.7507629394531,2.8823678152903853,0.8039101736887794,0.6866665930004254,0
153,12.75,219,car,587.2941769917808,539.1394078572591,505.05633544921875,473.694091796875,671.3770751953125,539.2020263671875,4.310058157784687,0.9379734584266747,0.9088862602449663,0
153,12.75,220,car,123.31587087313336,538.5410054524742,26.15534782409668,495.13458251953125,218.75440979003906,538.6571044921875,3.0680710111345992,-0.1321602957586657,0.8889448276209305,0
153,12.75,261,person,859.8784941466588,484.9562794113643,846.3272094726562,397.9568786621094,882.3734130859375,483.4671936035156,-53.83158543807932,-32.48714803833487,0.7305113016248026,0
153,12.75,298,car,616.7958984375,386.12322998046875,601.0848999023438,363.74322509765625,632.5068969726562,386.12322998046875,0.0,0.0,0.0,0
153,12.75,94,person,31.262018748379614,415.3331714828443,24.04844093322754,369.915283203125,39.096920013427734,415.2455749511719,0.011228543902743967,-2.3613382042002335,0.9462131731895149,0
153,12.75,28,car,561.9158586811445,461.71165551103525,518.8553466796875,379.1922302246094,602.959228515625,459.054931640625,0.34105260765579287,-1.743770660701911,0.7335790541525683,0
154,12.833,2,car,679.3339111328127,472.34474207560226,624.7280883789062,396.2068176269531,734.684326171875,472.7276611328125,0.7882010323661566,-0.7038691929408722,0.934936481176807,0
154,12.833,3,car,354.42932707468674,539.8171376546225,257.1011657714844,462.68218994140625,452.13897705078125,539.69873046875,0.6523501804897195,-0.20164097377247492,0.9836684200534929,0
154,12.833,4,car,793.3091768900555,539.2575754801434,693.8223876953125,444.13116455078125,873.9883422851562,539.5855102539062,9.309499250139373,-0.04764404296873845,0.0,0
154,12.833,5,car,428.9126296997071,479.94188385009767,387.7750244140625,403.12518310546875,469.52093505859375,478.9518127441406,0.8420000348772884,-1.7797616141182995,0.935023827118977,0
154,12.833,8,person,77.39375267028808,427.3370618184408,68.36000061035156,368.72015380859375,87.3606185913086,426.6268005371094,1.65760083879743,-1.2729819161550877,0.9201095898812416,0
154,12.833,49,person,50.92067898114523,426.29376093546557,41.215126037597656,370.0809631347656,60.715065002441406,425.5763244628906,0.8872384480067704,-2.3137298583983896,0.9428141712852823,0
154,12.833,9,car,204.01693229675297,504.6331504821778,135.65695190429688,424.4510192871094,273.2048645019531,500.64654541015625,-2.0441757202148105,-37.663368007114876,0.4313385496760809,0
154,12.833,17,truck,267.14723269144696,459.49415512084965,196.42791748046875,341.4610290527344,338.0047912597656,458.5210266113281,0.651509530203553,-0.042738124302490535,0.7170730501797953,0
154,12.833,176,car,588.4938873291015,486.5830551147462,531.3487548828125,427.5653381347656,647.7243041992188,487.5690002441406,3.169581821986628,1.536880057198713,0.6832967550534668,0
154,12.833,219,car,587.9804562886557,539.3096944173177,505.24310302734375,474.1358642578125,671.7037963867188,539.466796875,4.8875885009766735,1.094750976562481,0.9161659277251436,0
154,12.833,220,car,123.4233608086904,538.5732950846356,26.46571922302246,495.18017578125,218.22898864746094,538.734130859375,3.0805194037301415,-0.08642578125002591,0.8893007076432935,0
154,12.833,261,person,857.3806414101479,481.3357057496573,843.710693359375,396.94366455078125,879.989013671875,483.3680114746094,-50.57259622689077,-35.76916566378287,0.7538404042550527,0
154,12.833,298,car,615.9711303710938,385.2991943359375,600.2730712890625,362.8982849121094,631.669189453125,385.2991943359375,0.0,0.0,0.0,0
154,12.833,94,person,31.45647656392905,415.0308970123052,23.990339279174805,368.2138977050781,39.4608039855957,414.80023193359375,0.2874285093715365,-2.4767546639107487,0.9449782149617045,0
154,12.833,28,car,560.9740936279295,460.70539575659694,517.0438232421875,378.9599609375,602.6150512695312,459.4386901855469,-1.3320190429694414,-3.1422596143643147,0.7653387592305497,0
155,12.917,2,car,679.5985122680665,472.1785130818686,625.2498168945312,395.94610595703125,734.2674560546875,471.8466796875,1.1842973981587122,-0.8392482212610088,0.9431859609224463,0
155,12.917,3,car,354.554884783427,539.7447377522788,257.3824768066406,462.6056823730469,452.2789001464844,539.5991821289062,0.7238881792343318,-0.2799473353792356,0.9795786117099247,0
155,12.917,4,car,791.7780629475911,539.3597391764324,694.5040283203125,444.3052062988281,873.3988037109375,539.7872314453125,6.634669712611863,0.05374930245572079,0.0,0
155,12.917,5,car,428.99561983744314,479.62361907958996,388.4912109375,403.5447082519531,469.67132568359375,478.9522705078125,0.8433229718890838,-1.9463614327565293,0.9299624309979698,0
155,12.917,8,person,77.70772984822591,426.9103220621746,68.58796691894531,369.92645263671875,87.01472473144531,426.2079162597656,2.023158482142882,-1.7686889648434536,0.9257049676389113,0
155,12.917,49,person,50.936133861541755,425.8368123372397,41.385337829589844,369.82763671875,60.7918586730957,425.2398376464844,0.7066483088902081,-2.7161551339283823,0.9454551809708098,0
155,12.917,9,car,203.81570838292447,499.70116195678725,135.1172637939453,424.91864013671875,273.23004150390625,500.1301574707031,-2.228700092860492,-41.83635210309692,0.537744328710217,0
155,12.917,17,truck,268.72089258829754,458.62145640055337,205.30819702148438,341.794189453125,344.251953125,457.957275390625,2.1224918910435906,-1.7848100934707671,0.6666012642749012,0
155,12.917,176,car,588.8782994588217,487.0613283793132,531.2301635742188,427.22308349609375,648.4586181640625,487.85968017578125,3.1296831403464513,2.0682168143137987,0.6829206518857271,0
155,12.917,219,car,588.2147463480633,539.348927307129,504.4126892089844,473.90350341796875,670.78955078125,539.073974609375,4.695555332729049,1.0661368233820758,0.9121249229325257,0
155,12.917,220,car,123.71130088170368,538.6223841349284,27.66105079650879,495.08782958984375,219.4374237060547,538.7823486328125,3.202879061017772,-0.011187744140500909,0.8906690858203706,0
155,12.917,261,person,855.3046110427347,478.08139668035966,841.3798828125,399.20379638671875,875.9176025390625,482.0928955078125,-46.42269421498691,-38.158343113890325,0.7758938728178165,0
155,12.917,298,car,614.9214172363281,388.59307861328125,597.2528076171875,363.1072998046875,632.5900268554688,388.59307861328125,0.0,0.0,0.0,0
155,12.917,94,person,31.635002596145654,414.63957846753965,24.041032791137695,368.0485534667969,39.503238677978516,414.41094970703125,0.5651768731527022,-2.7808248425616986,0.954134760441512,0
155,12.917,28,car,560.7989534365453,459.3039335424707,518.2979736328125,377.09710693359375,603.78857421875,457.2887268066406,-1.557457093172048,-4.930514965788058,0.771457687475515,0
156,13.0,2,car,679.858719889323,471.8927726745606,625.6513671875,395.7030029296875,734.1156616210938,471.1230163574219,1.5397391183037197,-1.0773834228515025,0.9463427161840793,0
156,13.0,3,car,354.63403917948415,539.6965184529623,257.10052490234375,462.48736572265625,452.261962890625,539.6577758789062,0.7510835920062807,-0.3234976632250838,0.9796573057222392,0
156,13.0,4,car,790.47542368571,539.4280817667644,696.2550659179688,444.5283508300781,873.6668701171875,539.7086791992188,4.232234409877871,0.10725010463209696,0.0,0
156,13.0,5,car,428.9208508809407,479.4094418843588,388.02862548828125,403.77044677734375,469.3388671875,479.3084411621094,0.5931819370813972,-2.030852835518781,0.9312602146072462,0
156,13.0,8,person,77.96009254455566,426.49111836751314,68.8046646118164,370.61126708984375,86.96066284179688,425.936279296875,2.236520167759495,-2.201926967075688,0.9300751517515977,0
156,13.0,49,person,50.99568365414938,425.3455561319989,41.495887756347656,369.5030517578125,60.729652404785156,424.73828125,0.6705038615635402,-3.1170070103233734,0.9427161031811573,0
156,13.0,9,car,204.10609865188601,501.15412572224943,117.53424835205078,424.21160888671875,294.5357666015625,522.1439208984375,-1.7774471282958388,-37.46958748953672,0.337582649804001,0
156,13.0,17,truck,271.06580276489257,458.1828956604004,207.2158966064453,341.361572265625,345.6084289550781,458.10723876953125,5.282099696568057,-2.412601579938566,0.6190174069648696,0
156,13.0,176,car,589.1392163594564,487.506391398112,530.7619018554688,426.9667663574219,647.7764282226562,487.64154052734375,3.0881613595147055,2.6383771623884846,0.6877424695176613,0
156,13.0,219,car,588.2108041127524,539.3725296020507,502.468017578125,472.95623779296875,671.1927490234375,539.0852661132812,4.249975367955088,1.0116760253904313,0.8948111679891256,0
156,13.0,220,car,124.70144317150118,538.6812088012696,30.316370010375977,494.85467529296875,223.445556640625,538.8338012695312,4.129599339621454,0.07421787806928103,0.8575478780104966,0
156,13.0,261,person,852.8699396858925,475.5664922678863,837.7449951171875,398.453857421875,871.3783569335938,479.98638916015625,-43.45501866334147,-38.22343206729139,0.7677513743241619,0
156,13.0,94,person,31.64526099863114,414.3110855366822,23.83957290649414,367.1686096191406,39.448020935058594,413.9068298339844,0.47963087973859087,-2.8253223902545996,0.9539025943855685,0
156,13.0,28,car,560.3950839660328,458.2265647137103,516.3369140625,376.5181884765625,602.32080078125,457.3330383300781,-1.7937943374552248,-6.104959659872995,0.7814421852136875,0
156,13.0,212,person,864.2808227539062,477.90667724609375,848.9846801757812,394.2254333496094,879.5769653320312,477.90667724609375,0.0,0.0,0.0,0
157,13.083,2,car,680.1032501220703,471.5363255818685,626.4401245117188,395.9408874511719,734.0784301757812,470.62750244140625,1.7510794503347573,-1.3852582659040544,0.936025946832643,0
157,13.083,3,car,354.6987049738566,539.6774210611981,257.0134582519531,462.407958984375,452.3220520019531,539.75439453125,0.7657016209191614,-0.3305524553571538,0.9799496415346395,0
157,13.083,4,car,789.0787724812826,539.4623046875,696.1446533203125,443.9906005859375,873.33935546875,539.6066284179688,1.6901864188057105,0.11775251116066221,0.0,0
157,13.083,5,car,428.84249038696294,479.30453211466477,387.62615966796875,403.83026123046875,469.1520690917969,479.7201843261719,0.45137721470419323,-2.019717407226629,0.9285124482839329,0
157,13.083,8,person,78.18430554072063,426.0940137227377,69.07144165039062,370.9321594238281,87.05473327636719,425.74761962890625,2.3606148311069743,-2.5712101527620486,0.9352871548471693,0
157,13.083,49,person,50.9966668923696,424.8897572835287,41.34349060058594,369.5177001953125,60.399959564208984,424.50689697265625,0.5871565410069025,-3.4350533621651045,0.9430620829744779,0
157,13.083,9,car,204.6018417040507,505.10525487263993,112.17225646972656,424.2179870605469,301.4649353027344,530.6112060546875,-1.0412820543562586,-29.752340698242357,0.0,0
157,13.083,17,truck,272.6751195907593,457.68154958089195,206.6236572265625,341.30999755859375,343.7403869628906,457.2453918457031,7.106878771100707,-2.9480739048549442,0.6162605340250136,43
157,13.083,176,car,589.3587793986004,487.77878011067713,530.4579467773438,427.07794189453125,647.706298828125,487.99053955078125,3.0920732770646895,2.6884905133927783,0.6876522961363344,0
157,13.083,219,car,587.9417467753092,539.3182052612304,501.2147216796875,472.4785461425781,669.9942626953125,538.7448120117188,3.5989863804406927,0.8840619768415485,0.8575367313113443,0
157,13.083,220,car,125.90550323327383,538.761929321289,30.971324920654297,494.5906066894531,225.7588348388672,538.9592895507812,5.2738563946314985,0.17848597935256996,0.8248986709012847,0
157,13.083,261,person,849.6037132067557,473.4035699306389,832.0814208984375,400.5655517578125,862.9764404296875,475.96783447265625,-41.811980134123964,-36.66764607462873,0.7590545749087377,0
157,13.083,94,person,31.89784207847193,413.9365400501864,23.926950454711914,362.8329162597656,40.73561477661133,413.5909423828125,0.8061268483992241,-3.010600357604233,0.9503241421016452,0
157,13.083,28,car,560.0244694239657,457.5650503239161,515.8456420898438,375.81201171875,602.7215576171875,457.4285888671875,-2.033689937029977,-6.404219318932125,0.7807252128384045,0
157,13.083,212,person,864.6455078125,476.92193603515625,850.0228271484375,394.7303771972656,879.2681884765625,476.92193603515625,0.0,0.0,0.0,0
157,13.083,286,car,429.9733156298027,405.93191928550846,388.415771484375,359.37518310546875,470.9535217285156,405.86505126953125,-110.1624113489369,4.431265208760171,0.9288855764573216,43
158,13.167,2,car,680.2515749613445,471.10262451171883,626.5192260742188,395.9314880371094,733.8568115234375,470.29071044921875,1.7769117082871084,-1.8403773716515204,0.9290906531246145,0
158,13.167,3,car,354.72437165578214,539.7025192260743,256.7533264160156,462.2733459472656,452.4108581542969,539.9066162109375,0.7256152561734579,-0.2777056012831285,0.9776581102167006,0
158,13.167,4,car,787.4975446065268,539.51756439209,696.2799682617188,443.9070129394531,872.418701171875,539.4927978515625,-1.1725616455074752,0.22796892438642843,0.0,0
158,13.167,5,car,428.8044915517171,479.22059071858735,387.9722595214844,403.8750915527344,469.46173095703125,479.7017822265625,0.30937042236345114,-1.984557233537665,0.9283699772805778,0
158,13.167,8,person,78.40684038798017,425.67071965535496,69.66753387451172,372.80792236328125,86.96739959716797,425.3193664550781,2.4474302019392318,-2.928584943498482,0.9390459319341775,0
158,13.167,49,person,50.980305274327606,424.50218582153326,41.18124008178711,368.9530944824219,60.34227752685547,424.4539489746094,0.5104981286185287,-3.6475119454518574,0.9460666270393709,0
158,13.167,9,car,205.130021985372,510.25233078002947,110.25440979003906,424.29656982421875,304.00030517578125,534.904052734375,-0.299636731828765,-20.516623796735196,0.0,0
158,13.167,17,truck,273.86905409495046,457.03070220947274,205.85317993164062,341.27716064453125,342.2232971191406,456.7095031738281,8.406310926165038,-3.7564740862164627,0.6461547505870523,36
158,13.167,176,car,589.7464207967125,488.8508598327638,530.1259765625,427.0733642578125,648.0595703125,488.4566345214844,3.594603620257143,4.723293195452313,0.8046595594340606,0
158,13.167,219,car,586.9255930582683,539.1788452148438,498.76025390625,472.0002136230469,667.0949096679688,538.453857421875,1.9229056222102185,0.6377720424108867,0.778177629818251,0
158,13.167,220,car,126.68265759150188,538.8310201009115,30.225772857666016,494.57403564453125,224.503173828125,538.8988037109375,5.8144505637033035,0.2786865234376934,0.8250681417042786,0
158,13.167,261,person,845.4171679150925,470.1754408616285,829.0730590820312,400.1154479980469,858.0535888671875,469.7200622558594,-42.823167738024246,-36.91603440504842,0.770184663328566,0
158,13.167,94,person,32.2369482665756,413.5951792538185,24.32234001159668,361.0872497558594,41.533451080322266,413.3711853027344,1.186162056657765,-3.1397433563481685,0.9411909060703328,0
158,13.167,28,car,559.5484400068011,457.18036575317376,515.86767578125,376.6101989746094,602.2001953125,457.5866394042969,-2.5579350062775963,-6.205197143554724,0.7817379337039548,0
158,13.167,212,person,863.763916015625,475.8368835449219,849.5136108398438,394.7875061035156,878.0142211914062,475.8368835449219,0.0,0.0,0.0,0
158,13.167,286,car,425.23285403941406,404.8036639615424,387.1361083984375,356.2713623046875,471.5115966796875,403.42376708984375,-103.56316131016015,2.2053332058888304,0.9048658105341382,36
159,13.25,2,car,680.2991737365722,470.79987436930344,624.5186157226562,393.3188171386719,735.4298706054688,470.4904479980469,1.6552799769810482,-2.077035958426241,0.9276471482144042,0
159,13.25,3,car,354.7250058492025,539.7458994547526,256.3657531738281,461.91058349609375,452.6382751464844,539.9705810546875,0.6626652308874506,-0.20024937220954062,0.9741792940216831,0
159,13.25,4,car,785.8790239969891,539.5559071858725,696.4566040039062,443.5014343261719,872.0619506835938,539.3482666015625,-4.073744855607776,0.3382376534597703,0.0,0
159,13.25,5,car,428.83132451375326,479.08055623372405,388.31915283203125,404.0242614746094,469.3881530761719,479.3168029785156,0.3045606340680359,-2.0034667968747457,0.9286843710494631,0
159,13.25,8,person,78.51086301803592,425.2796966552735,69.05745697021484,370.7572326660156,86.99583435058594,425.1455993652344,2.378229250226732,-3.2161743164061063,0.9419219049032884,0
159,13.25,49,person,51.00354951222738,424.1912048339845,41.27070617675781,368.5472412109375,60.52932357788086,424.4296875,0.5003582545689376,-3.739965820312302,0.9487655631337029,0
159,13.25,9,car,205.6895614624024,515.9604637145998,110.03582763671875,424.06219482421875,304.7013244628906,536.8321533203125,0.4758257184710689,-10.535215105328943,0.0,0
159,13.25,17,truck,274.1945618311565,456.56144739786794,203.291748046875,339.66046142578125,341.2262268066406,456.410888671875,8.18466894967218,-4.059564644949819,0.6424506899221486,38
159,13.25,176,car,589.9407302856445,489.29981231689464,530.1968383789062,426.9906005859375,647.4298706054688,488.0477600097656,3.720182582310434,5.250264195033457,0.8334538878245346,0
159,13.25,219,car,586.4557950337729,539.1828598022462,499.69903564453125,471.6564025878906,670.1851806640625,539.0604858398438,0.991857474191043,0.566557094029252,0.7719337649409761,0
159,13.25,220,car,127.47823754151663,538.8412236531578,32.108882904052734,495.0260925292969,223.9723663330078,538.6949462890625,6.33352869578772,0.29640851702034654,0.8263843679385467,0
159,13.25,94,person,32.50284185457895,413.14302550341245,24.26258087158203,360.1882019042969,41.48150634765625,412.79901123046875,1.456013284255349,-3.4821640420776734,0.942420426981007,0
159,13.25,28,car,559.7304170537694,456.7968862692311,517.1195068359375,377.3664245605469,603.1945190429688,457.4420166015625,-1.7883013189225507,-6.123820184959367,0.790041751775644,0
159,13.25,212,person,862.6317138671875,473.4209899902344,848.7753295898438,394.2124328613281,876.4880981445312,473.4209899902344,0.0,0.0,0.0,0
159,13.25,286,car,418.59323952414786,403.6895908008924,379.10906982421875,354.228515625,464.1062316894531,401.7242736816406,-100.83312849564999,0.42542336203824477,0.8976667606187796,38
159,13.25,314,car,618.5703125,400.3952331542969,591.456298828125,365.1785888671875,645.684326171875,400.3952331542969,0.0,0.0,0.0,0
160,13.333,2,car,680.2298825581868,470.47174708048504,625.2514038085938,394.07061767578125,734.3013305664062,470.0305480957031,1.3347826276505843,-2.284064156668482,0.924479563042373,0
160,13.333,3,car,354.74447377522785,539.7959981282552,256.349365234375,461.66888427734375,452.8029479980469,539.9945068359375,0.6363202776225746,-0.11378696986609906,0.9723069411173526,0
160,13.333,4,car,784.2169298807781,539.5683273315432,696.6884155273438,443.1767272949219,872.0084838867188,539.3875122070312,-7.091903686523599,0.3608825683595215,0.0,0
160,13.333,5,car,428.87078679402674,478.95779596964525,388.20526123046875,403.8426513671875,469.3603515625,479.13299560546875,0.3645250592911115,-1.9603415352958933,0.9289725846759567,0
160,13.333,8,person,78.5391715367635,424.93439229329437,69.05836486816406,371.32037353515625,86.8829574584961,425.01654052734375,2.178740910121327,-3.416481236048983,0.9422327963351553,0
160,13.333,49,person,51.051025962829605,423.90540847778317,41.441200256347656,368.3179626464844,60.58285140991211,424.2121276855469,0.5258988516671317,-3.780352347237816,0.9501968782684244,0
160,13.333,9,car,206.2953447341919,521.8979108174642,110.81816101074219,424.1304931640625,304.0992736816406,537.611572265625,1.375679561070086,-0.2514260428293874,0.0,0
160,13.333,17,truck,274.2590153376261,456.0645601908367,203.41709899902344,339.34832763671875,340.62347412109375,455.6064147949219,7.5146553039550525,-4.269131469726396,0.6305527244645736,0
160,13.333,176,car,589.9746505737305,489.2057225545248,530.4351806640625,427.02093505859375,647.1690063476562,487.85986328125,3.4758623395646593,4.486735316685218,0.8205613487827529,0
160,13.333,219,car,586.1698542277019,539.2006342569987,500.3065185546875,471.8507385253906,670.5679931640625,539.217041015625,0.3979954310825737,0.4950465611048064,0.7722909095994889,0
160,13.333,220,car,127.9723887761434,538.8437164306641,32.099449157714844,495.175048828125,223.5132598876953,538.6808471679688,6.311200496128607,0.29879150390615505,0.8263157280992074,0
160,13.333,94,person,32.83769939198749,412.6775702922589,24.7028751373291,360.0879211425781,41.74896240234375,412.4666442871094,1.8461236163073758,-3.849470312300499,0.9509039079985119,0
160,13.333,28,car,559.5904388269614,456.42520664985955,517.2215576171875,377.10894775390625,603.07861328125,456.88189697265625,-1.9661445894389704,-5.96077956758023,0.7920845565029707,0
160,13.333,212,person,861.4414672851562,471.9348449707031,847.8171997070312,394.1224060058594,875.0657348632812,471.9348449707031,0.0,0.0,0.0,0
160,13.333,261,person,838.1132542536808,464.18247234637926,824.4512939453125,400.4527282714844,850.9971923828125,464.55511474609375,-43.02836040067955,-36.719475776626965,0.7784859977913279,0
161,13.417,2,car,680.0534652709961,470.1993675231934,625.4007568359375,395.0191345214844,733.1888427734375,470.201416015625,0.9314287458149093,-2.46931457519513,0.921217308536095,0
161,13.417,3,car,354.78628451029465,539.8397872924807,256.5837097167969,461.4888000488281,453.02484130859375,540.0,0.6053015572684368,-0.04542323521163574,0.9717867525108241,0
161,13.417,4,car,782.4548057556154,539.5721934000652,696.5833740234375,442.9139099121094,871.57470703125,539.4534301757812,-10.249026489257455,0.34008963448691204,0.0,0
161,13.417,5,car,428.95650889078786,478.6913360595704,388.57843017578125,403.2724304199219,469.6369323730469,478.4488525390625,0.44046020507842687,-2.1143711635043156,0.928253173763922,0
161,13.417,8,person,78.53101717631024,424.59905039469413,69.09764862060547,371.6996765136719,86.76464080810547,424.74755859375,1.944695826939219,-3.578145054408361,0.9411561194213771,0
161,13.417,49,person,51.08925682703654,423.64349517822274,41.45901870727539,367.93426513671875,60.53541564941406,424.03070068359375,0.5428964342389919,-3.785300118582431,0.9505440151969607,0
161,13.417,9,car,206.92105309168505,527.6925203959148,111.97115325927734,423.8929443359375,303.2014465332031,537.5961303710938,2.3117541176933423,9.65028468540758,0.0,0
161,13.417,17,truck,274.80049330393473,456.0007253011069,203.57923889160156,340.30487060546875,340.6871643066406,456.6384582519531,8.18132662091945,-3.817283412388215,0.659471765041787,45
161,13.417,176,car,589.895436859131,489.000971221924,530.5657958984375,427.04193115234375,646.7177734375,487.6001281738281,3.048866925921054,3.6350529262001596,0.8067020453774483,0
161,13.417,219,car,585.8506560007733,539.2374450683594,499.4295654296875,471.1199035644531,671.60107421875,539.4389038085938,-0.2870380946564964,0.4202950613839372,0.7799439590364151,0
161,13.417,220,car,128.29191255569458,538.8398991902671,30.95135498046875,494.7392883300781,224.24896240234375,538.6927490234375,6.069128363473171,0.281477573940136,0.8238873809569733,0
161,13.417,94,person,33.02597794766093,412.5000255013097,24.187482833862305,359.7369079589844,41.60641860961914,413.185546875,1.9895056453320015,-3.764663556300054,0.9469008933669756,0
161,13.417,28,car,559.2982407523273,455.92688564769185,517.0327758789062,377.61572265625,602.0734252929688,456.52734375,-2.358101453491033,-6.176445654361534,0.802287518303149,0
161,13.417,212,person,860.9022260393411,470.8392987932477,847.3587036132812,394.72552490234375,874.186279296875,471.08331298828125,-9.698050362724315,-17.65508161272359,0.9233777860319526,0
161,13.417,261,person,834.966310504865,461.8011315952403,822.435546875,400.14263916015625,848.4551391601562,462.3774108886719,-42.28274728105153,-35.51074673285436,0.7760223613248711,0
161,13.417,286,car,398.5504700425093,403.47164995978864,349.30419921875,353.91107177734375,437.18017578125,402.9980163574219,-104.69369761747501,0.08096256031702573,0.8889015833860663,45
161,13.417,314,car,623.0271606445312,393.2878112792969,602.1987915039062,366.2467956542969,643.8555297851562,393.2878112792969,0.0,0.0,0.0,0
162,13.5,2,car,679.8967717488608,469.748785909017,626.1004638671875,395.33038330078125,732.3153076171875,469.42608642578125,0.6256530761720837,-2.9164018903459037,0.9221187518581893,0
162,13.5,3,car,354.8772647857667,539.8860000610354,257.0484313964844,461.56488037109375,452.87628173828125,540.0,0.6691622052876054,0.030429513114159045,0.9715272497158397,0
162,13.5,4,car,780.6948392232259,539.5885208129883,696.859130859375,442.8226623535156,871.3400268554688,539.5653076171875,-13.381639317103737,0.3205208914623139,0.0,0
162,13.5,5,car,428.940996170044,478.39533615112316,388.4580993652344,403.20172119140625,469.4086608886719,478.1850280761719,0.32541830880326184,-2.316327340262195,0.9298143088387187,0
162,13.5,8,person,78.33504279454552,424.38786061604833,68.62095642089844,371.367431640625,86.52592468261719,424.8812561035156,1.3839237213135234,-3.541011265345842,0.9377633457743719,0
162,13.5,49,person,51.04481010437013,423.47430826822927,41.304134368896484,368.6624450683594,60.05802536010742,424.04656982421875,0.45801151820594727,-3.6401681082589157,0.9439553157355894,0
162,13.5,9,car,207.5451743125916,532.7238121032716,115.15128326416016,423.70635986328125,300.0455322265625,534.5537719726562,3.2654622214181996,18.573061261858445,0.0,0
162,13.5,17,truck,274.723087755839,456.0006034851075,203.5252685546875,340.38079833984375,340.7543029785156,456.6559143066406,7.3035124642508285,-3.3124524797710455,0.6428767432488751,43
162,13.5,176,car,589.6525444030763,488.4870788574219,531.3572387695312,427.12841796875,645.6629028320312,486.72381591796875,2.2979200090684913,2.363985770089226,0.7989375712103298,0
162,13.5,219,car,585.7234148661296,539.3141433715821,499.4554748535156,470.54974365234375,673.3045043945312,539.6827392578125,-0.7305528913222948,0.39558367047990356,0.7913412204104334,0
162,13.5,220,car,128.67318743864698,538.8368871053061,31.57636070251465,494.7750244140625,225.22618103027344,538.7329711914062,5.876437037331778,0.2553248814175857,0.8237027206240858,0
162,13.5,94,person,33.109629657353715,412.4808755268182,23.859350204467773,359.2276916503906,41.427886962890625,413.3662109375,1.9658409336043567,-3.3682173957977843,0.9305436285239572,0
162,13.5,28,car,559.0948591066443,455.6142830890158,516.7845458984375,377.3514099121094,602.288818359375,456.7215576171875,-2.528369770879561,-6.0880012843919955,0.8020257175808501,0
162,13.5,212,person,860.261644635882,469.41572025844044,847.2859497070312,394.8403015136719,873.6240844726562,469.4707336425781,-9.233956473213448,-17.523049490791404,0.9270601982505025,0
162,13.5,261,person,832.2383995222006,460.5790915281875,821.39208984375,405.73638916015625,845.1754760742188,461.71551513671875,-40.947293422533356,-32.201306882112185,0.7916535287616986,0
162,13.5,286,car,387.44844485078784,403.23625887309964,339.4575500488281,354.6545104980469,425.08892822265625,402.7091979980469,-107.36045068005136,-0.19062880823959327,0.8846545372041036,43
163,13.583,2,car,679.8133305867515,469.343940226237,626.2136840820312,394.78753662109375,732.8530883789062,469.17919921875,0.4105826241630851,-3.2275268554687426,0.9261818525749981,0
163,13.583,3,car,354.97374547322596,539.9320515950521,257.27880859375,461.4632568359375,452.8806457519531,539.991943359375,0.7267102922711502,0.10908900669640399,0.9717145086384346,0
163,13.583,4,car,779.0385075887044,539.6178426106773,697.9426879882812,442.7185363769531,871.6102905273438,539.40869140625,-16.443679373604667,0.3936244419642955,0.12078945126893381,0
163,13.583,5,car,428.90315475463876,477.9448537190756,388.6918029785156,402.8945007324219,468.9781799316406,477.21087646484375,0.20116882324222496,-2.659680175781277,0.9242138817894251,0
163,13.583,8,person,78.17928193410238,424.24066187540706,68.63568115234375,372.511962890625,86.28529357910156,424.7832946777344,1.0050171988351027,-3.3826865059986515,0.9281428884836738,35
163,13.583,49,person,50.984700345993055,423.34376856486006,41.64140319824219,369.937744140625,59.90938186645508,423.9268798828125,0.3041649137224583,-3.4387795584542165,0.9387666177591482,0
163,13.583,9,car,207.68738540013632,532.5940818786621,129.56231689453125,423.136962890625,282.3660888671875,512.5484619140625,3.5270430973597677,21.241954258509857,0.0,0
163,13.583,17,truck,274.3430847803752,456.0704424540202,202.7991943359375,340.2636413574219,340.6659240722656,457.1413269042969,5.9181946890695,-2.8784428187779727,0.625650324840601,41
163,13.583,176,car,589.2827339172362,488.0710436503093,530.9776611328125,427.1632080078125,645.6126098632812,486.961181640625,1.3524287632530156,1.3414005824497668,0.807584978043319,0
163,13.583,219,car,585.2089024861655,539.1730890909831,498.77142333984375,470.1796875,670.9613647460938,538.8930053710938,-1.6411350795199833,0.09406651088174253,0.8083627869505822,0
163,13.583,220,car,128.9929037332535,538.8162562052408,31.237598419189453,494.5924072265625,225.72023010253906,538.70556640625,5.659177657536128,0.19661080496650862,0.8223427618607193,0
163,13.583,94,person,32.900705508696724,412.53275357759907,23.381500244140625,360.7303161621094,40.369258880615234,413.1402587890625,1.4322428536581528,-2.77785849404522,0.9105332322582704,0
163,13.583,28,car,558.7589269985095,455.44597076717315,516.91064453125,377.97076416015625,602.0953979492188,456.53985595703125,-3.076507456447325,-5.671851446800147,0.8113873549929922,0
163,13.583,212,person,859.6472447713223,468.85856119791697,846.3408203125,393.6186218261719,873.387939453125,470.1228942871094,-8.86172485351372,-15.355621337889202,0.8917959009077656,0
163,13.583,261,person,829.944505062129,459.8527949425158,819.4107055664062,402.3958740234375,844.2962646484375,461.04925537109375,-39.168386014386535,-28.340265368281447,0.8316933040313768,0
163,13.583,286,car,376.1820916884983,402.8916666079789,330.2385559082031,354.6637268066406,414.39117431640625,402.3787536621094,-111.15557069044841,-0.7489266028771303,0.8908073134184481,41
163,13.583,298,car,608.0304565429688,389.9743957519531,589.2504272460938,364.71875,626.8104858398438,389.9743957519531,0.0,0.0,0.0,0
164,13.667,2,car,679.8575373331707,469.1136604309083,626.3575439453125,394.69134521484375,733.585205078125,469.4619445800781,0.39647303989974253,-3.2524435860769674,0.9268666189707075,0
164,13.667,3,car,355.11804796854665,539.9809478759765,257.4532775878906,461.1491394042969,453.40960693359375,540.0,0.8143988473076398,0.19252755301357788,0.9701022547017549,0
164,13.667,4,car,780.1099062601727,539.5475056966147,697.6455078125,442.2783203125,871.048828125,539.2566528320312,-12.311819458007248,0.25505022321447995,0.14152529428354266,0
164,13.667,5,car,428.8664276123048,477.39243952433276,388.66400146484375,402.1502685546875,469.0456848144531,476.3540344238281,0.08453717912977741,-3.0701490129741558,0.9134055010697406,0
164,13.667,8,person,77.97601248423258,424.21455764770513,68.69625091552734,372.4422302246094,86.47732543945312,424.8292236328125,0.4843280247279769,-3.004738507951934,0.9338243205219517,35
164,13.667,49,person,50.93570852279664,423.2772783915202,41.448944091796875,368.664306640625,59.96419143676758,423.79852294921875,0.21055477687291047,-3.111154174804435,0.9355498080165509,21
164,13.667,9,car,208.11893634796147,536.1133298238119,117.498291015625,423.5137939453125,297.64556884765625,530.345458984375,4.012535640171697,27.031354195731193,0.0,0
164,13.667,17,truck,274.16173826853435,456.4575057983399,203.12648010253906,340.5134582519531,341.8463134765625,458.4705810546875,4.939006151471874,-2.1149021693635737,0.6113343706619205,38
164,13.667,176,car,588.8978942871096,487.696854654948,530.5721435546875,426.9751281738281,645.9825439453125,487.3037109375,0.4324218750003381,0.3743303571430596,0.840432115627352,0
164,13.667,219,car,584.5077707926432,539.028517150879,497.99273681640625,469.8717346191406,669.5382690429688,538.6417846679688,-2.6723824637273133,-0.12455095563585357,0.821686032451417,0
164,13.667,220,car,129.15248939991002,538.7954762776693,29.388900756835938,494.12005615234375,225.70819091796875,538.736083984375,5.472702884674155,0.13208182198654797,0.8161050707510117,0
164,13.667,94,person,32.79561013441819,412.5785991962139,23.61651039123535,360.40911865234375,40.78961944580078,413.3107604980469,1.1090363722581076,-2.3784977839544115,0.9037167578514208,0
164,13.667,28,car,559.0270374817254,455.4134726620284,517.2673950195312,378.0159912109375,602.718017578125,456.4963073730469,-2.188034725753504,-5.018063444780568,0.806429104048809,0
164,13.667,212,person,859.1363762749567,468.1468580457899,845.8639526367188,392.1575622558594,873.1585693359375,469.082275390625,-8.379730224609162,-14.152941894530978,0.8815341084220275,0
164,13.667,286,car,366.0178435930304,402.5824769152165,322.55859375,354.7541809082031,403.32232666015625,402.1865539550781,-111.87602022551515,-1.2038979051680119,0.8884840099019093,38
164,13.667,298,car,601.5213012695312,390.8330078125,580.5958251953125,363.82745361328125,622.44677734375,390.8330078125,0.0,0.0,0.0,0
165,13.75,2,car,679.8770670572919,468.864405822754,626.2442016601562,394.1512756347656,733.8069458007812,469.216552734375,0.31834193638411007,-3.31662336076984,0.9297888770520122,0
165,13.75,3,car,355.28673884073896,540.030118306478,257.71661376953125,460.9705505371094,453.6256103515625,540.0,0.9177049909319213,0.27674298967637007,0.9679888326199187,0
165,13.75,4,car,782.8211870829266,539.3957392374675,697.5786743164062,441.9812927246094,870.5656127929688,539.132080078125,-4.305064610072519,-0.0494986397878291,0.6752608447612318,0
165,13.75,5,car,428.7860844930014,476.86572494506845,388.75787353515625,402.63079833984375,468.45074462890625,475.8644104003906,-0.05365774972081093,-3.3577527727399157,0.904407610644606,0
165,13.75,8,person,77.71782458623251,424.18471984863294,67.88626098632812,370.3081970214844,86.48326110839844,424.6460876464844,-0.016064398629313227,-2.6567818777899106,0.9367230422954813,0
165,13.75,49,person,50.879222949345916,423.2094963073732,41.67013168334961,368.6239013671875,60.03642654418945,423.473876953125,0.052322305951811976,-2.7653019496371747,0.9418794956092684,0
165,13.75,9,car,208.34006271362307,539.4728141784668,114.40023040771484,423.61285400390625,301.0650939941406,535.6839599609375,3.9529554094587716,30.739661080496706,0.047234619640281084,0
165,13.75,17,truck,274.42267055511485,456.98507359822605,204.48097229003906,339.7927551269531,343.7629089355469,459.1453552246094,4.696703338623129,-1.2257066999160993,0.6009498093083123,0
165,13.75,176,car,588.3891151428223,487.2829462687175,529.585693359375,426.54791259765625,645.6514892578125,487.36962890625,-0.5457419259207389,-0.6550127301895132,0.9066432032869827,0
165,13.75,219,car,584.1520133972167,538.8454376220704,499.23040771484375,469.8671875,670.3648071289062,538.5741577148438,-3.1792772565569702,-0.4259294782363097,0.8396669898914488,0
165,13.75,220,car,129.08680265744528,538.7978174845379,28.93975067138672,494.331787109375,224.55081176757812,538.8587646484375,5.051407814025905,0.09299403599335744,0.7986207034649838,0
165,13.75,94,person,32.832684298924036,412.7041451590402,23.968172073364258,360.3495788574219,41.37742233276367,413.6394348144531,1.0352423280150014,-1.946825635302133,0.898315724645879,0
165,13.75,28,car,559.8581229073661,455.53745029994417,518.5177612304688,377.2767639160156,604.7430419921875,456.12017822265625,-0.4559100811298386,-3.9709724845468206,0.8167189209385833,0
165,13.75,212,person,858.8054426713421,466.59373501864326,846.1528930664062,390.9645080566406,872.8501586914062,465.8856506347656,-7.683647017046373,-14.86102627840928,0.8749269422539112,0
166,13.833,2,car,679.9214197794597,468.4129539489747,627.0795288085938,394.1031799316406,733.3070068359375,468.095947265625,0.2710667201449997,-3.608628191266692,0.9317713974926859,0
166,13.833,3,car,355.5032788594565,540.0599197387695,258.0526123046875,460.8639221191406,453.7062072753906,540.0,1.111951119559203,0.3111668178011309,0.9650914179660101,0
166,13.833,4,car,783.8185005187989,539.237050374349,698.1998291015625,442.2246398925781,869.93798828125,538.98876953125,-1.3343981061664072,-0.317463030134045,0.8872658898653849,0
166,13.833,5,car,428.6958496093751,476.412747446696,388.6985778808594,402.9305114746094,468.1879577636719,475.8717041015625,-0.16543840680807115,-3.573466709681843,0.9011913385665092,0
166,13.833,8,person,77.61122290293378,424.16910451253267,68.50157928466797,371.71844482421875,86.73160552978516,424.5369873046875,-0.2546320234026296,-2.312017822265545,0.9439178002172637,0
166,13.833,49,person,50.80070602099101,423.1795885721843,41.67277526855469,368.6165771484375,59.99065017700195,423.4855651855469,-0.14411765507289886,-2.412449863978868,0.9504898666284503,0
166,13.833,9,car,208.44977219899496,541.4334063212077,113.8887939453125,423.92529296875,301.9510498046875,538.041748046875,3.6289316449846263,30.477482822963225,0.03627270872972721,0
166,13.833,17,truck,274.3106839497885,458.00737711588545,203.19061279296875,338.56829833984375,345.0528869628906,461.0592956542969,3.624830409458727,0.3233224051338697,0.5960213887966959,0
166,13.833,176,car,588.0334131876629,487.3522616068523,528.9391479492188,426.0921936035156,646.1654663085938,487.7493896484375,-1.0891034807477726,-0.5038866315569598,0.910562008844591,0
166,13.833,219,car,584.0464777628583,538.7821044921874,498.9781494140625,469.34844970703125,670.9747924804688,538.5750732421875,-3.119544328961965,-0.4220214843751868,0.8382810643515997,0
166,13.833,220,car,128.53187171618146,538.7992365519206,27.90976905822754,494.404296875,222.64437866210938,538.8619384765625,3.9018592561994048,0.058596365792380846,0.7572381629262335,0
166,13.833,94,person,32.903499174118046,412.75725987752287,24.160747528076172,360.28533935546875,41.54925537109375,413.4330139160156,1.0160564150129137,-1.6794943673270486,0.8977385497533185,0
166,13.833,28,car,559.9511263529461,455.40085627237966,516.8563842773438,376.320068359375,603.8679809570312,456.0106201171875,-0.2932944161551103,-3.7297472272599608,0.8202687814676546,0
166,13.833,212,person,858.4827936345882,465.07333374023455,845.9515991210938,390.1688537597656,872.3753662109375,464.4690856933594,-7.139095791902905,-15.34442471590867,0.8718190223458173,0
166,13.833,334,person,651.7057800292969,397.73736572265625,641.2659301757812,361.9587097167969,662.1456298828125,397.73736572265625,0.0,0.0,0.0,0
166,13.833,218,person,118.46464538574219,413.86907958984375,109.22697448730469,365.0575866699219,127.70231628417969,413.86907958984375,0.0,0.0,0.0,0
166,13.833,261,person,821.8110664894155,454.6821047429502,814.0327758789062,399.65606689453125,839.246826171875,459.710205078125,-37.92016606431733,-26.83807502080119,0.7802020825119307,0
167,13.917,2,car,679.9424329121908,468.05849380493174,627.3568115234375,394.3131408691406,732.9902954101562,467.8705139160156,0.19323250906799364,-3.6691236223491286,0.933013829712561,0
167,13.917,3,car,355.7216492970785,540.0566899617513,258.44677734375,460.67840576171875,453.7778625488281,539.9036254882812,1.2692210606167165,0.29475533621677763,0.9611904870373934,0
167,13.917,4,car,784.0712829589846,539.1376322428387,698.34130859375,442.2025451660156,869.5320434570312,538.9960327148438,-0.4721714564728938,-0.43611537388380317,0.9424124125897658,0
167,13.917,5,car,428.7060602823894,475.851735941569,389.1092834472656,402.83563232421875,468.12969970703125,475.0190124511719,-0.08361903599315666,-3.8980564662386445,0.8958657861662465,0
167,13.917,8,person,77.61075515747073,424.17327321370453,69.13382720947266,373.9220886230469,86.81095886230469,424.5103759765625,-0.3241816929407873,-1.9774893624438787,0.9488878693769881,0
167,13.917,49,person,50.823265775044774,423.22830607096364,41.88706970214844,368.28887939453125,60.296424865722656,423.5556640625,-0.15263377598351216,-1.9557233537943532,0.9623755522517784,0
167,13.917,9,car,208.5355841636658,541.6379269917807,115.7751235961914,422.9941101074219,300.9017028808594,536.2911376953125,3.204960250854495,26.94173714773997,0.0,0
167,13.917,17,truck,274.4493576685589,458.8136611938477,206.36997985839844,339.39984130859375,345.5255432128906,460.5704040527344,2.7755607604982364,1.5121712820872268,0.6172858866319055,0
167,13.917,176,car,587.6663528442383,487.5315877278646,528.5067138671875,425.9124450683594,646.6661987304688,488.2982482910156,-1.6851013183592252,-0.2523507254461566,0.926276869905605,0
167,13.917,219,car,583.9993948618574,538.7031366984049,498.55633544921875,469.0057067871094,670.8084106445312,538.543701171875,-2.860094996860684,-0.46932285853780814,0.8356413505973492,0
167,13.917,220,car,127.75946911176047,538.7953353881837,27.88298797607422,494.4375915527344,221.85470581054688,538.8143310546875,2.3614833559309196,0.0327261788507958,0.7319634774214685,0
167,13.917,94,person,32.91872476736705,412.7820905049643,24.44144058227539,361.9111633300781,41.26279067993164,412.9288635253906,0.8812135015215304,-1.3558973039897697,0.9021290618038876,0
167,13.917,28,car,560.1008794148764,455.72381693522146,516.7797241210938,376.78662109375,603.1598510742188,456.0433044433594,0.14077933175253465,-2.406450544084636,0.8826727242311027,0
167,13.917,212,person,857.9606088491587,464.0215133275741,844.981689453125,389.8534851074219,871.2874145507812,464.5640563964844,-7.025242091892304,-14.989305616258756,0.8741889344020259,0
167,13.917,334,person,651.1381530761719,397.18902587890625,641.21826171875,363.1524963378906,661.0580444335938,397.18902587890625,0.0,0.0,0.0,0
167,13.917,261,person,821.1612138065019,454.3975835761913,813.0903930664062,397.12701416015625,838.7465209960938,458.89178466796875,-34.88261540366471,-24.79965253682412,0.7182134951414627,0
168,14.0,2,car,679.8545875549318,467.76902135213226,626.9185180664062,394.3827209472656,732.378173828125,467.78985595703125,0.025641305106095035,-3.6391727992463707,0.9331097118140415,0
168,14.0,3,car,355.89359995524103,540.0354629516603,258.3919982910156,460.4170837402344,453.72503662109375,539.8470458984375,1.3651218959264964,0.25229056222109586,0.9600713072230885,0
168,14.0,4,car,783.9822072347006,539.0279312133791,697.9970092773438,442.0096130371094,868.9030151367188,539.0645141601562,-0.4129970005578332,-0.6129298618858873,0.9491243491746914,0
168,14.0,5,car,428.68227030436196,475.1486620585124,389.194580078125,402.4444274902344,468.1025390625,474.2672424316406,-0.11063232421861655,-4.4657736642017944,0.8919681891478607,0
168,14.0,8,person,77.67270628611247,424.1577710469564,69.22515869140625,374.1155700683594,86.942138671875,424.35760498046875,-0.2560962132045342,-1.7058223179408984,0.9503764909742776,0
168,14.0,49,person,50.900272734959934,423.2718043009441,41.842201232910156,367.4807434082031,60.483707427978516,423.614990234375,-0.0351826531546347,-1.6014639718191868,0.9652780902032477,0
168,14.0,9,car,208.56508976618457,540.7375839233398,115.73255157470703,421.577392578125,300.9336853027344,536.0079345703125,2.744980021885551,21.384633963448852,0.0,0
168,14.0,17,truck,274.12943579355874,459.53278350830084,205.2125244140625,339.84832763671875,343.2818908691406,460.4643249511719,1.497463662283835,2.547240339006732,0.6488383969245888,0
168,14.0,176,car,587.3193239847818,487.5965510050457,528.2728271484375,425.4480895996094,645.9679565429688,487.90789794921875,-2.0860172816685196,-0.1589433942521528,0.9329272943399636,0
168,14.0,219,car,584.2206897735597,538.8174102783204,498.85858154296875,469.475341796875,671.4957885742188,539.3255615234375,-2.1333585466654776,-0.2875435965399707,0.8335398954588431,0
168,14.0,220,car,126.77426233291628,538.7852762858074,27.690174102783203,494.41802978515625,221.25357055664062,538.8003540039062,0.4420439038957966,-0.0008893694195294476,0.735958155672593,0
168,14.0,94,person,33.05112711588542,412.831088256836,24.930749893188477,361.671875,41.892433166503906,412.8529968261719,0.8980276925223352,-0.998463657924027,0.9090950399375496,0
168,14.0,28,car,559.7645754496256,455.7163080851238,515.1502685546875,377.00506591796875,601.1235961914062,456.03314208984375,-0.11912972586498055,-2.0739754813057103,0.8716972441328189,0
168,14.0,212,person,857.2841085916037,463.4783234648652,843.9216918945312,390.05108642578125,870.1657104492188,465.3419494628906,-7.156373411744035,-13.972782344608508,0.8513371737962172,0
168,14.0,334,person,651.3685913085938,396.2890930175781,641.8612670898438,363.62054443359375,660.8759155273438,396.2890930175781,0.0,0.0,0.0,0
169,14.083,2,car,679.6976005554202,467.535659535726,626.5938110351562,394.0478210449219,731.9334716796875,467.3616638183594,-0.1929003034317918,-3.425964791434178,0.9372282085875809,0
169,14.083,3,car,356.1495372772217,540.0135981241863,258.4466552734375,460.01116943359375,454.392578125,539.9024047851562,1.5982092721122703,0.19153093610486874,0.9604768083143539,0
169,14.083,4,car,783.7288144429525,538.9409439086916,697.8629760742188,441.38751220703125,868.8368530273438,538.9151611328125,-0.7839045933316796,-0.68543962751116,0.9525707736045614,0
169,14.083,5,car,428.62673225402835,474.24869918823254,389.4136657714844,402.3628234863281,467.7293701171875,473.3686828613281,-0.19710191999170432,-5.37049516950327,0.9024774675941026,0
169,14.083,8,person,77.72431383132935,424.13480962117524,68.64393615722656,371.17584228515625,87.38518524169922,424.2445983886719,-0.18525483267649415,-1.4729330880301221,0.9530231578129511,0
169,14.083,49,person,50.99978605906169,423.299565378825,41.892574310302734,366.71630859375,60.72369384765625,423.5648193359375,0.09620720999582881,-1.3239872523717515,0.9659259708608723,0
169,14.083,9,car,208.54643411636357,539.4323280334473,115.12016296386719,421.8907470703125,301.4481201171875,538.0989379882812,2.2726293836320632,14.866779000418658,0.0,0
169,14.083,17,truck,272.23313694000245,460.165766143799,199.17926025390625,339.794189453125,338.30340576171875,460.404541015625,-1.9276176452637441,3.4170946393694575,0.698049862516425,0
169,14.083,176,car,587.0561612447102,487.31769002278656,529.0479125976562,424.9195861816406,644.74267578125,486.6017150878906,-2.235297938755673,-0.5264439174106189,0.9273129904636861,0
169,14.083,219,car,584.7603927612306,539.0752619425455,498.7624816894531,468.9851379394531,673.3148193359375,539.786376953125,-0.9298906598773087,0.11796439034567105,0.8392904764600007,0
169,14.083,220,car,126.53387841383622,538.8057276407878,28.929000854492188,493.5416259765625,226.71475219726562,538.89892578125,-0.5957025391714394,0.015336390903965188,0.7861101953409799,0
169,14.083,94,person,32.92296562989553,412.761008199056,24.087778091430664,361.9877014160156,40.790771484375,412.35845947265625,0.5967562130519134,-0.8395411900111243,0.9123249270311471,0
169,14.083,28,car,559.207849375407,455.79773661295576,514.5913696289062,376.70294189453125,600.4744873046875,455.8768310546875,-0.8110591343472052,-1.5273141043527658,0.8643111954961027,0
169,14.083,212,person,856.4990382603233,462.8292881556918,843.2056884765625,391.0025939941406,868.7020874023438,464.318115234375,-7.407981252146297,-13.285631385216686,0.8407635717285296,0
170,14.167,2,car,679.551890563965,467.3069325764975,626.2791748046875,393.5693664550781,732.1920166015625,467.3117980957031,-0.38291277204215785,-3.2997959681916664,0.9375859230537008,0
170,14.167,3,car,356.35333379109704,539.9886937459312,258.0986328125,459.6744689941406,454.4490051269531,539.9658203125,1.7826455252512037,0.10693620954267924,0.9685935942153895,0
170,14.167,4,car,783.4266975402834,538.860264078776,697.7401733398438,440.9753112792969,868.3906860351562,538.7606201171875,-1.2005637032641228,-0.7064208984373764,0.959369970823971,0
170,14.167,5,car,428.63664855957035,473.6285390218099,389.0484313964844,402.42791748046875,468.1423645019531,473.94866943359375,-0.12457449776771229,-5.861786760602531,0.9270940724976982,0
170,14.167,8,person,77.75644928614302,424.07745971679697,68.26074981689453,368.9752197265625,87.7042007446289,424.08697509765625,-0.15086599077489588,-1.3288539341515226,0.9548159397532484,0
170,14.167,49,person,51.079474433263144,423.3173278808595,41.69122314453125,365.9911193847656,60.69567108154297,423.5010070800781,0.2208331244332732,-1.0948137555801467,0.9700511566037477,0
170,14.167,9,car,208.3954109827678,537.2968180338543,115.15721893310547,421.61920166015625,301.3966979980469,538.8226928710938,1.5447833469937027,6.78390066964293,0.07874477629218135,0
170,14.167,17,truck,270.9872325897217,460.6816713968913,197.35792541503906,339.55828857421875,337.4766540527344,460.42596435546875,-3.2219924926756494,4.019367762974416,0.6713946041857037,0
170,14.167,176,car,586.8696627298992,486.8798080444337,529.7698364257812,424.7099304199219,643.76904296875,485.6832580566406,-2.203586687360065,-1.0283647809709002,0.9119544439591403,0
170,14.167,219,car,585.2942267100017,539.3144465128581,498.6724853515625,468.72900390625,673.8150634765625,539.9589233398438,0.14037846156554867,0.42685808454259955,0.8493688194373784,0
170,14.167,220,car,126.10788725217185,538.8104487101239,28.106611251831055,493.4176940917969,225.80752563476562,538.8242797851562,-1.7154395239693379,0.018637520926690413,0.8476483577880081,0
170,14.167,94,person,32.65821618239085,412.74061635335295,23.456829071044922,361.29974365234375,40.38761901855469,412.5262451171875,0.12574706758773527,-0.6591038295197983,0.9130152368025359,0
170,14.167,28,car,558.7822044372559,455.72562332153325,513.9266357421875,376.1751708984375,600.4094848632812,456.0592041015625,-1.097854614257527,-1.5104200090678541,0.8528633158639001,0
170,14.167,212,person,855.5139940897625,462.0916475931804,841.7161254882812,390.6990051269531,867.004150390625,463.2510986328125,-7.8644518171036575,-12.826947457449712,0.8315649370846709,0
171,14.25,2,car,679.4706952412924,466.863843536377,627.0729370117188,393.5942077636719,731.6861572265625,466.35491943359375,-0.4645084926055414,-3.514451817103645,0.9341196154437832,0
171,14.25,3,car,356.49139467875165,539.9547215779622,258.1874694824219,459.5192565917969,454.2796325683594,539.9338989257812,1.8419148036412667,0.017141287667693995,0.9728506065533684,0
171,14.25,4,car,783.1485710144043,538.7638300577801,697.7947387695312,441.1025390625,867.2373657226562,538.632568359375,-1.3979330880299057,-0.7487522670196979,0.9515014734072247,0
171,14.25,5,car,428.5066687266032,473.15108922322605,388.6307373046875,402.55438232421875,467.74041748046875,473.8250732421875,-0.29046347481839313,-6.053601510183881,0.9374134905964994,0
171,14.25,8,person,77.79923267364502,423.9715792338054,68.20350646972656,368.2981262207031,87.79730987548828,423.8166198730469,-0.09097954886299121,-1.268116542271096,0.9554658223253731,0
171,14.25,49,person,51.188864723841355,423.31701914469414,41.849021911621094,366.0955505371094,60.77870178222656,423.5230712890625,0.3853774206979101,-0.956461879185071,0.9714703619125029,0
171,14.25,9,car,208.3114891688029,537.1419514973959,115.28133392333984,421.3826599121094,300.6229553222656,538.8756103515625,1.1818159920828823,4.60622209821431,0.12732922977208394,0
171,14.25,17,truck,270.366607284546,461.36558710734056,197.06150817871094,338.29876708984375,339.62353515625,461.2938232421875,-3.3636768886019595,4.827613612583885,0.6799211724678262,0
171,14.25,176,car,586.6517537434897,486.2503206888835,530.352783203125,424.27972412109375,642.9246826171875,484.7856140136719,-2.276524135044534,-1.7810943603513838,0.8944755102261281,0
171,14.25,219,car,585.5659727732341,539.5429397583007,497.65814208984375,468.2106018066406,673.2300415039062,540.0,0.7646621704102764,0.7140197753906371,0.8663018044730209,0
171,14.25,220,car,125.47575999101004,538.802352396647,26.006792068481445,493.2470397949219,223.23007202148438,538.7471923828125,-2.540511253901888,0.014656284877243839,0.8521738940550964,0
171,14.25,94,person,32.32516362667084,412.6988871256511,23.282320022583008,361.1324768066406,40.16952896118164,412.5211181640625,-0.4545861789158366,-0.5722726004463651,0.9184403952729894,0
171,14.25,28,car,558.1394106547039,455.6458984375001,513.708251953125,375.9191589355469,599.9207763671875,455.8760681152344,-1.9124332972932963,-1.4805803571425828,0.8456016168344362,0
171,14.25,212,person,853.8361849466961,461.3482103983563,838.4983520507812,390.7635803222656,863.2079467773438,461.9004211425781,-9.20610482352101,-12.272124808175013,0.7926646893570705,0
171,14.25,359,truck,209.43131637573242,536.830810546875,124.2485580444336,418.745361328125,294.61407470703125,536.830810546875,0.0,0.0,0.0,0
172,14.333,2,car,679.5337249755861,466.47874857584634,627.3556518554688,393.62408447265625,732.078125,466.3750305175781,-0.2944702148436042,-3.6886178152902436,0.9358749214262148,0
172,14.333,3,car,356.60442186991384,539.9362574259442,258.26007080078125,459.3999328613281,454.3359069824219,539.9733276367188,1.8493632725308466,-0.039532470702947985,0.9742819410385798,0
172,14.333,4,car,782.8747083028157,538.6479909261069,698.2399291992188,441.2528076171875,866.563232421875,538.4972534179688,-1.5999350411551696,-0.8205479213169203,0.9472600138326925,0
172,14.333,5,car,428.3701845804851,472.9882039388021,388.48162841796875,402.7579345703125,468.0577392578125,474.3323059082031,-0.510787091936372,-5.71707589285727,0.9205210947679172,0
172,14.333,8,person,77.87804505030313,423.8455902099609,68.12081909179688,367.22137451171875,88.0034408569336,423.61822509765625,0.04423680986677086,-1.2407383510045427,0.9560069425608686,0
172,14.333,49,person,51.283587916692106,423.3345812479655,41.945823669433594,366.13507080078125,60.86810302734375,423.5989685058594,0.48658994947160866,-0.8225921630860784,0.9696170607912631,0
172,14.333,9,car,208.32022854487101,537.7004043579101,115.94856262207031,421.1277770996094,300.25457763671875,538.8865356445312,1.050172151838004,4.617817905971013,0.12722500467448383,0
172,14.333,17,truck,270.033365503947,461.80381596883143,198.7581329345703,339.24066162109375,339.9930725097656,461.08233642578125,-3.2713577270507255,5.14035513741635,0.685817800313921,0
172,14.333,176,car,586.4927797953287,485.66218185424805,530.69384765625,424.0348815917969,642.7335205078125,484.4687194824219,-2.2783721923830607,-2.3868386404855473,0.8840881138885346,0
172,14.333,219,car,585.5175221761069,539.5515686035156,497.0340270996094,467.3603820800781,672.2701416015625,539.3726806640625,0.79045061383944,0.6570556640623574,0.8668704559629941,0
172,14.333,220,car,124.93556691805522,538.7864552815755,25.609533309936523,493.16748046875,222.28240966796875,538.63671875,-2.9615155628749488,0.024269321986562543,0.8465373607803252,0
172,14.333,94,person,32.043447120984396,412.58698679606124,23.032032012939453,360.0928955078125,40.10305404663086,412.2616882324219,-0.8502442359924279,-0.612186976841444,0.9183635992492878,0
172,14.333,28,car,557.4659578959148,455.5768399556478,513.7901611328125,376.1917419433594,599.1148681640625,455.7167663574219,-2.7433711460657246,-1.403329467773279,0.8463890835272382,0
172,14.333,212,person,852.144659169515,460.5367075602213,836.8844604492188,389.1506652832031,861.5277709960938,460.5062561035156,-10.341361345563955,-11.78719482421878,0.7646514776839497,0
172,14.333,359,truck,208.917724609375,536.5242309570312,124.08218383789062,418.9066162109375,293.7532653808594,536.5242309570312,0.0,0.0,0.0,0
173,14.417,2,car,679.6377550760906,466.0837796529135,627.290283203125,393.0412902832031,732.44921875,466.080078125,-0.07975943429089978,-3.884492274693007,0.9398976884762036,0
173,14.417,3,car,356.63378728230805,539.9312149047853,258.1075439453125,459.2319030761719,454.2278747558594,539.967529296875,1.7184906005860394,-0.05513828822532853,0.968323233578761,0
173,14.417,4,car,782.5696528116863,538.5592819213869,698.3307495117188,441.2138366699219,866.163330078125,538.5575561523438,-1.882625034876723,-0.86573573521184,0.9483073905472426,0
173,14.417,5,car,428.26279932657883,472.929138437907,388.0760498046875,402.1414489746094,468.317626953125,474.2146911621094,-0.6354296003067272,-5.191234915596754,0.9045126234095084,0
173,14.417,8,person,78.01978359222413,423.71368535359704,68.33773803710938,367.8851623535156,88.02639770507812,423.6097412109375,0.3026913234165861,-1.2714752197263262,0.9603068378983759,0
173,14.417,49,person,51.34652420679729,423.2066658020021,41.90291976928711,365.3155212402344,60.88002395629883,422.9322814941406,0.522513525826608,-0.8679709298268042,0.9682113164622808,0
173,14.417,9,car,208.0994825045268,537.7587402343751,117.4851303100586,420.25775146484375,296.7435607910156,535.3046875,0.6732374463763285,4.672035435268155,0.1269450164394922,0
173,14.417,17,truck,270.200767962138,461.83452936808266,201.78565979003906,339.43402099609375,341.1695861816406,460.0886535644531,-2.6917403084888964,4.8068180629185955,0.6752831997529247,0
173,14.417,176,car,586.5011764526369,484.9736218770346,531.6539916992188,423.4992980957031,642.65673828125,483.43170166015625,-2.0425598144526402,-2.9929491315566366,0.8644929052097281,0
173,14.417,219,car,584.9770052591962,539.3161229451498,495.1246032714844,464.970703125,672.8640747070312,538.5881958007812,-0.25806492396738323,0.23808157784624806,0.8764289847343169,0
173,14.417,220,car,124.06112986405691,538.7899983723959,24.221717834472656,493.00140380859375,221.09388732910156,538.7171630859375,-3.9226452827453477,0.051102120535928615,0.8414556479366306,0
173,14.417,94,person,31.857213886578876,412.3266034444173,22.92228889465332,358.53851318359375,40.1866569519043,411.6310119628906,-1.0125386238098133,-0.859681483677303,0.912550363529858,0
173,14.417,28,car,557.5881446838381,455.5037996927898,516.4761352539062,375.4779052734375,602.7032470703125,455.4360046386719,-2.5974230085095975,-1.282754516601415,0.8396327508190281,0
173,14.417,212,person,850.251794687907,459.842765045166,835.1289672851562,389.2575378417969,859.3954467773438,459.8931884765625,-11.700362287248412,-11.154673985072323,0.7420407436725434,0
173,14.417,359,truck,208.16497802734375,536.102783203125,123.97610473632812,419.32672119140625,292.3538513183594,536.102783203125,0.0,0.0,0.0,0
174,14.5,2,car,679.6726514180504,465.7809786478679,626.8165283203125,392.4989318847656,732.5208740234375,465.9156799316406,0.014981951032666793,-3.88074907575328,0.9407341164094005,0
174,14.5,3,car,356.6237908681235,539.9386505126955,258.0986022949219,459.1080627441406,454.3274841308594,539.9901733398438,1.5058077130999878,-0.044630650111474095,0.964288247461307,0
174,14.5,4,car,782.2903083801272,538.4687093098959,697.9956665039062,440.435791015625,866.3756103515625,538.5328369140625,-2.124513898576492,-0.9278111049105692,0.9535116469941095,0
174,14.5,5,car,428.22147153218594,472.95931955973316,388.1227722167969,402.0549011230469,468.5591735839844,474.228759765625,-0.6476852416989624,-4.558005196707427,0.8916320773944308,0
174,14.5,8,person,78.09883486429851,423.5754287719728,68.31073760986328,368.3978271484375,87.82749938964844,423.5024719238281,0.4333537510463373,-1.3207005092073707,0.9632042228890363,0
174,14.5,49,person,51.360039488474534,423.0575508117676,41.699745178222656,365.0507507324219,60.65192413330078,422.7005310058594,0.5141603197370496,-0.9259787423269166,0.9657991387848297,0
174,14.5,9,car,207.8848417282105,538.4023763020834,116.68543243408203,420.03570556640625,297.3249206542969,536.7042846679688,0.3468132019043823,5.790025111607125,0.14404256934434156,0
174,14.5,17,truck,271.2723318735759,461.9608957926433,206.6405029296875,339.56256103515625,345.2309875488281,460.998779296875,-1.2749744960238403,4.499115862165307,0.6215993084793248,0
174,14.5,176,car,586.5914647420249,484.03530095418296,532.7830810546875,423.12646484375,642.1128540039062,482.1039733886719,-1.731735665457394,-3.9222093854630953,0.839081343886571,0
174,14.5,219,car,584.5828013102216,539.0689346313478,493.79913330078125,463.1495666503906,673.398193359375,538.2188110351562,-0.7803065708703214,-0.08947841099301614,0.865671769539778,0
174,14.5,220,car,123.36252435843149,538.7615351359051,24.366132736206055,492.951416015625,220.6847381591797,538.6784057617188,-4.489947387150292,0.004198346819647509,0.8395263554426717,0
174,14.5,94,person,31.75301853815715,411.89915644327806,23.107070922851562,357.5586242675781,40.458282470703125,411.07537841796875,-1.0666601453508624,-1.3954611642019827,0.9089038905870204,0
174,14.5,28,car,557.3247261047363,455.526020304362,513.8320922851562,374.41949462890625,601.0317993164062,455.6875,-2.737561471121706,-1.0441458565847255,0.8416765229698542,0
174,14.5,212,person,848.1909879048666,459.2981246948243,833.0113525390625,387.1584777832031,857.9583740234375,460.1945495605469,-13.27353384835382,-10.576749965122533,0.7217314550873276,0
174,14.5,359,truck,208.14471435546875,536.101806640625,124.95016479492188,420.72467041015625,291.3392639160156,536.101806640625,0.0,0.0,0.0,0
175,14.583,2,car,679.6739051818848,465.62249348958335,625.520751953125,390.8786315917969,733.693359375,466.2933349609375,0.036481148856109036,-3.7253278459822257,0.9355804398800971,0
175,14.583,3,car,356.64824256896975,539.950836690267,258.2242126464844,458.8007507324219,454.7591552734375,539.9986572265625,1.328807503836366,-0.024214390345914282,0.9657410542512297,0
175,14.583,4,car,782.0950424194336,538.4047581990559,698.08349609375,439.9892272949219,866.4561767578125,538.5369873046875,-2.221699741908685,-0.9402387346541766,0.9565521777266308,0
175,14.583,5,car,428.2026749928792,473.1892280578614,387.9786071777344,402.084228515625,468.8619079589844,474.6302795410156,-0.6384737287249156,-3.6492802211215305,0.8811583047371226,0
175,14.583,8,person,78.16289361317953,423.399077097575,68.18791198730469,367.63494873046875,87.89681243896484,423.2460632324219,0.5349743434361254,-1.4206774030411884,0.9660482030171671,0
175,14.583,49,person,51.30757637023927,422.99710083007824,41.44215774536133,365.40234375,60.29695129394531,423.0085754394531,0.4405059814453021,-0.8920584542410808,0.9627701675967276,0
175,14.583,9,car,207.72655766805016,539.3095275878907,116.44095611572266,419.46099853515625,297.86114501953125,537.3514404296875,0.11063101632260286,7.374870954241018,0.17693147772083173,0
175,14.583,17,truck,271.9231241861979,461.5352078755696,206.2375030517578,339.2529296875,343.17584228515625,459.63287353515625,-0.4663460867745224,3.309198434012108,0.5999216986180965,0
175,14.583,176,car,586.6370216369628,482.88503672281905,533.5112915039062,422.954345703125,640.744384765625,480.71575927734375,-1.4622946602958418,-5.077621895926384,0.8168715660869375,0
175,14.583,219,car,584.2287305196126,538.8379084269206,494.24334716796875,463.0723571777344,672.4617919921875,538.1122436523438,-1.1490352085659554,-0.3592607770645468,0.8574839711627319,0
175,14.583,220,car,122.66578709284467,538.7326232910157,24.715608596801758,493.1878662109375,219.46815490722656,538.6826171875,-5.031271525791687,-0.045567103794623184,0.8412061008675831,0
175,14.583,94,person,31.78947885831197,411.3776028951009,23.372243881225586,357.3410949707031,40.74128723144531,410.6910400390625,-0.8705392292567655,-2.086626761300325,0.9152444128974588,0
175,14.583,28,car,557.3350939432779,455.3226379394532,515.3742065429688,374.7584533691406,601.1993408203125,454.8815002441406,-2.506838117327396,-1.1641845703125842,0.8365103593043051,0
175,14.583,212,person,846.119744873047,458.82511876424144,831.6334838867188,385.8211669921875,857.015625,459.9426574707031,-14.868017578125073,-10.01708156040757,0.7236758977789416,0
175,14.583,359,truck,208.32471084594727,536.217041015625,124.79080963134766,420.3323974609375,291.8586120605469,536.217041015625,0.0,0.0,0.0,0
175,14.583,11,person,143.37420654296875,427.9466247558594,132.1019744873047,368.1630554199219,154.6464385986328,427.9466247558594,0.0,0.0,0.0,0
176,14.667,2,car,679.5310699462892,465.6175758361817,625.4918212890625,391.3390197753906,733.0261840820312,466.4479064941406,-0.20428815569182354,-3.3047855922153047,0.9279036128632587,0
176,14.667,3,car,356.6040462493896,539.9639760335288,257.9812927246094,458.599365234375,454.57855224609375,540.0,1.0843970162528331,-0.0016898018971849313,0.9652401730987006,0
176,14.667,4,car,781.9251205444339,538.3762725830079,698.1290283203125,439.5399475097656,866.4876098632812,538.5593872070312,-2.310626220702485,-0.8868948800221645,0.9606194550700471,0
176,14.667,5,car,428.24222526550295,473.4808418273927,387.9623107910156,402.22802734375,468.9275817871094,474.7972717285156,-0.4949321201867079,-2.732047380719647,0.8757752256561727,0
176,14.667,8,person,78.20842825571698,423.1524088541668,67.99860382080078,366.62640380859375,87.99125671386719,422.92034912109375,0.6057439531599157,-1.634713309151665,0.9701841218253129,0
176,14.667,49,person,51.27441641489665,422.91734135945643,41.580101013183594,365.5373229980469,60.30562210083008,422.9042663574219,0.3898724147251865,-0.9000536237442196,0.961183847276504,0
176,14.667,9,car,207.71479050318408,540.3545089721681,117.3141860961914,419.87109375,297.99603271484375,537.9033813476562,0.08259478977767327,9.131153215681016,0.22248538668044693,0
176,14.667,17,truck,271.33403689066574,460.7663820902508,201.3021697998047,338.753173828125,338.28131103515625,458.06011962890625,-1.2086144583564888,1.8287357875281418,0.581623691846165,0
176,14.667,176,car,586.5970509847006,481.6857894897462,533.5902709960938,422.77886962890625,639.7880859375,479.9173278808594,-1.3076607840398193,-6.2554399762831325,0.8094122229894187,0
176,14.667,219,car,584.1041941324871,538.7990921020508,494.73480224609375,462.9587707519531,673.3524780273438,538.6708984375,-1.1943341936382614,-0.3380310058591966,0.8575819782128381,0
176,14.667,220,car,121.97448129653932,538.7056818644206,24.34617042541504,493.05908203125,218.92776489257812,538.6843872070312,-5.534859630039709,-0.09079677036825048,0.8455240832045962,0
176,14.667,94,person,31.96035046577455,410.89152272542333,23.973421096801758,357.1300964355469,41.37358474731445,410.25750732421875,-0.552079582214331,-2.585273960658178,0.9101131024092712,0
176,14.667,28,car,557.450626118978,455.0060407002768,516.8969116210938,376.31854248046875,600.8201904296875,454.4017028808594,-2.2294058663501777,-1.4639923095701468,0.8269771524368438,0
176,14.667,212,person,843.7858932495119,458.4595108032228,829.635986328125,388.35491943359375,854.0365600585938,459.6163024902344,-16.704766845702817,-9.333322579519887,0.7315550779664342,0
176,14.667,359,truck,208.27666764032267,536.2338634672617,123.90278625488281,418.7359924316406,293.6975402832031,536.5734252929688,-1.6988813127792453,-0.757533482144089,0.9336743765141845,0
176,14.667,11,person,142.3495864868164,423.22857666015625,131.98377990722656,368.6160583496094,152.71539306640625,423.22857666015625,0.0,0.0,0.0,0
177,14.75,2,car,679.35004679362,465.64913177490234,625.88427734375,392.1910095214844,732.4061889648438,466.6383056640625,-0.507453264508769,-2.9320861816404507,0.9197893758711606,0
177,14.75,3,car,356.56194661458335,539.9771153767905,258.07806396484375,458.42620849609375,454.6300048828125,540.0,0.8531773158481946,0.020834786551592332,0.9678469601700974,0
177,14.75,4,car,781.8336082458496,538.4278747558594,698.1893310546875,439.1528625488281,866.6871948242188,538.736572265625,-2.2776397705078013,-0.7037214006694806,0.9570864667183093,0
177,14.75,5,car,428.29444859822604,473.9029830932618,387.8273620605469,402.1455078125,469.2226257324219,475.1051940917969,-0.3587336948938068,-1.6563956124438952,0.8816844593907982,0
177,14.75,8,person,78.24807303746543,422.8973548889161,68.28491973876953,366.87078857421875,88.06410217285156,422.62286376953125,0.6050126756940859,-1.813846697126157,0.9689190314199332,0
177,14.75,49,person,51.2481413046519,422.78821512858076,41.93439483642578,365.89306640625,60.34590148925781,422.57470703125,0.2923644202096218,-0.9531999860490326,0.9604701291667157,0
177,14.75,17,truck,270.9801546096802,459.9320615132651,201.71932983398438,338.1705017089844,339.3189697265625,457.9265441894531,-1.6300542558943227,0.25325709751691416,0.581705349501667,0
177,14.75,176,car,586.6237930297851,480.4457753499349,534.10498046875,422.78106689453125,639.5668334960938,479.4373474121094,-1.0704842703682893,-7.548439243861498,0.829862925203394,0
177,14.75,219,car,584.1667374928793,538.8870361328128,495.7777404785156,463.6325378417969,672.5991821289062,538.9814453125,-0.8366566249300471,-0.10712193080312495,0.8639505706363572,0
177,14.75,220,car,121.57414197127025,538.6791498819989,24.45937156677246,492.86309814453125,219.1048126220703,538.6630249023438,-5.4646780422755725,-0.12828630719836442,0.8453171501155226,0
177,14.75,28,car,557.7041353861492,454.85501887003596,517.1848754882812,376.243896484375,601.5485229492188,454.7597961425781,-1.7753919328959706,-1.4986855643135153,0.8146717584706795,0
177,14.75,212,person,841.6127614339193,457.9434816996257,828.6435546875,387.8841857910156,852.7915649414062,458.69732666015625,-18.17442626953104,-8.986697387695159,0.7574381933669461,0
177,14.75,11,person,141.51700592041016,421.6125183105469,131.67620849609375,369.6842346191406,151.35780334472656,421.6125183105469,0.0,0.0,0.0,0
177,14.75,379,truck,864.7089233398438,532.2191162109375,770.6192016601562,290.9804992675781,958.7986450195312,532.2191162109375,0.0,0.0,0.0,0
177,14.75,334,person,652.0810546875,395.9892272949219,641.776123046875,359.9828186035156,662.385986328125,395.9892272949219,0.0,0.0,0.0,0
178,14.833,2,car,679.2052210489909,465.6411539713542,626.1508178710938,392.3203125,732.0670776367188,466.3225402832031,-0.7072187151228841,-2.6192871093750285,0.9166231978192018,0
178,14.833,3,car,356.47391446431476,539.9891805013021,258.034423828125,458.2942199707031,454.4519348144531,540.0,0.5692990984234837,0.040597098214554456,0.9733879566176741,0
178,14.833,4,car,781.8711326599123,538.4690912882487,698.3065185546875,438.7726745605469,866.5472412109375,538.6942749023438,-1.9447854178290993,-0.5514168875557512,0.9521939726280273,0
178,14.833,5,car,428.35626017252605,474.2384038289389,387.9783630371094,402.2186279296875,469.175048828125,474.9652099609375,-0.22325265066966876,-0.8247410365513331,0.8920168762151648,0
178,14.833,8,person,78.18883864084881,422.65818277994794,68.12814331054688,367.6750793457031,87.65156555175781,422.5090026855469,0.4543974740164704,-1.9639369419643193,0.9674823717037722,0
178,14.833,49,person,51.26166663169862,422.511030069987,42.11830139160156,365.54595947265625,60.4822883605957,421.8758239746094,0.25556185586111324,-1.1939679827008038,0.9526403010395411,0
178,14.833,17,truck,269.80082124074306,458.69249903361003,198.16246032714844,336.9660339355469,336.1585693359375,456.1133117675781,-3.129249245779824,-1.7542197091239868,0.5691245058121183,0
178,14.833,176,car,586.8541631062827,479.4453549702963,534.5667724609375,422.59149169921875,640.6810302734375,479.5440368652344,-0.5988516671315899,-8.41577192034025,0.8569530861176811,0
178,14.833,219,car,584.085431289673,538.887317911784,496.6258544921875,463.97857666015625,671.77734375,538.9818725585938,-0.9000621250698532,-0.11679513113860408,0.864391640176325,0
178,14.833,220,car,121.20312373638154,538.6296493530273,23.479366302490234,492.3703918457031,218.872314453125,538.5758666992188,-5.266072286878317,-0.1983215332032355,0.8469841309841348,0
178,14.833,28,car,558.1711064656577,454.9213996887207,517.4811401367188,376.0766906738281,603.0208129882812,455.55670166015625,-1.0603506905690638,-1.2725293840681753,0.7937852627616812,0
178,14.833,212,person,839.6366388956706,457.5565973917644,827.9009399414062,388.13824462890625,851.7327270507812,457.7574157714844,-19.27091674804727,-8.236730085100403,0.8086101228475062,0
178,14.833,11,person,143.4959259033203,420.4223937988281,134.01980590820312,368.661865234375,152.9720458984375,420.4223937988281,0.0,0.0,0.0,0
178,14.833,379,truck,864.3000183105469,532.4243774414062,769.9510498046875,290.5625,958.6489868164062,532.4243774414062,0.0,0.0,0.0,0
178,14.833,334,person,651.9102172851562,395.6759948730469,641.804931640625,359.9727478027344,662.0155029296875,395.6759948730469,0.0,0.0,0.0,0
178,14.833,9,car,207.54784231919507,538.7729346642127,117.75181579589844,419.40069580078125,298.3150939941406,538.067138671875,-0.4384851850701278,3.0503234502126992,0.7276048179291577,0
179,14.917,2,car,679.0586407979331,465.65581919352223,625.7416381835938,391.8360290527344,731.890625,465.9647216796875,-0.8264713832308097,-2.194464111327928,0.9213367134948164,0
179,14.917,3,car,356.3773881276449,540.0021184285481,258.0216064453125,458.16729736328125,454.2470703125,540.0,0.32349439348506864,0.06277640206486315,0.9764519326396506,0
179,14.917,4,car,781.9014149983723,538.5259063720703,698.2422485351562,438.28033447265625,866.5391845703125,538.768798828125,-1.6692783900667774,-0.3982648577008104,0.9480568482141967,0
179,14.917,5,car,428.4360443115235,474.51204783121756,388.0964050292969,402.37396240234375,469.1304016113281,474.95001220703125,-0.05888671874965126,-0.19517735072523404,0.901948772967901,0
179,14.917,8,person,78.13243840535482,422.45709355672204,67.941162109375,366.596923828125,87.81147003173828,422.4059753417969,0.324622453962084,-2.0317186628067736,0.9661943317546393,0
179,14.917,49,person,51.216305907567346,422.1393119812013,41.927764892578125,365.0544738769531,60.37003707885742,421.3432922363281,0.1272482463291901,-1.5506011962888542,0.943172211819292,0
179,14.917,17,truck,268.9203194300335,457.13616358439134,198.75515747070312,335.804443359375,336.2611999511719,453.9627990722656,-4.0697417122975255,-3.907048252650469,0.557078324773137,0
179,14.917,176,car,587.2510602315268,478.6387822469077,535.1375122070312,422.4912109375,641.3692016601562,479.389892578125,0.08428475516216806,-8.894031633649163,0.8753285677719962,0
179,14.917,219,car,583.794610977173,538.8299041748048,497.13055419921875,464.2486877441406,670.615966796875,538.8909301757812,-1.4109263828820342,-0.2436924525666633,0.8781365109838881,0
179,14.917,220,car,120.89548026720689,538.5622080485026,23.327280044555664,491.9805603027344,219.06451416015625,538.4713745117188,-5.067444092886656,-0.2836826869416848,0.846741758727037,0
179,14.917,28,car,558.3340881347657,456.043658955892,513.5809936523438,374.67498779296875,604.0195922851562,459.8481750488281,-0.6446777343746211,0.26827305385051764,0.7397290049879017,0
179,14.917,212,person,837.7353441874187,457.0048812866212,826.4616088867188,388.1175537109375,850.033203125,456.37030029296875,-20.100124250139157,-7.7297319684709045,0.8592324247872174,0
179,14.917,11,person,142.06314086914062,419.8160400390625,132.89059448242188,369.52532958984375,151.23568725585938,419.8160400390625,0.0,0.0,0.0,0
179,14.917,379,truck,863.6401977539062,532.30126953125,769.177490234375,290.2510681152344,958.1029052734375,532.30126953125,0.0,0.0,0.0,0
179,14.917,334,person,652.2257080078125,395.1268615722656,642.4922485351562,360.4413757324219,661.9591674804688,395.1268615722656,0.0,0.0,0.0,0
179,14.917,9,car,207.64387100607112,537.7738136108569,118.88681030273438,419.25933837890625,297.5804443359375,537.2041015625,-0.3632039660627031,0.6512387468045041,0.8270255957757904,0
179,14.917,94,person,31.432456313907778,409.5050581038565,22.794435501098633,356.70928955078125,39.8493766784668,409.06109619140625,-1.2016310912235086,-3.7261292533844816,0.9215817958360943,0
180,15.0,2,car,678.9909731547039,465.65897521972664,625.3968505859375,390.8291931152344,732.5896606445312,465.6907043457031,-0.8244938441683403,-1.7860996791293375,0.933444841854622,0
180,15.0,3,car,356.28991686503093,540.0150563557944,258.0240783691406,457.9886779785156,454.20050048828125,540.0,0.12312338692807069,0.08495570591535483,0.9797186540616932,0
180,15.0,4,car,782.0170405069988,538.5311075846355,697.3731689453125,435.95343017578125,868.0132446289062,538.573486328125,-1.313470458984103,-0.32550920758890944,0.9418426517861905,0
180,15.0,5,car,428.5012888590495,474.6220939636232,387.862548828125,401.18414306640625,469.4704284667969,474.39794921875,0.045854840960035406,0.16106872558607802,0.9133453934675142,0
180,15.0,8,person,77.98239291508995,422.1986513773601,67.79707336425781,366.25750732421875,87.68408203125,422.0190124511719,0.003879710606198188,-2.1745252336772434,0.9740115243281846,0
180,15.0,49,person,51.030713717142746,421.7593078613281,41.37732696533203,365.524169921875,59.68956756591797,421.234130859375,-0.1543575831821924,-1.9460658482141668,0.9394001764320725,0
180,15.0,17,truck,269.8569931030274,456.01904830932625,204.62344360351562,335.4606628417969,342.5968933105469,454.941650390625,-2.4055271693637446,-5.3416796003068185,0.5404331497628911,0
180,15.0,176,car,587.7043604532879,478.0137687683106,535.6221313476562,422.420166015625,642.0733032226562,479.2861328125,0.7208993094310522,-9.04165518624427,0.8753187055956211,0
180,15.0,219,car,583.5322181701661,538.6354527791342,497.3081970214844,463.9065856933594,669.5570068359375,538.386962890625,-1.7047419956749768,-0.5556440080914244,0.882795973703215,0
180,15.0,220,car,120.53915754159294,538.4913096110029,22.810020446777344,491.58294677734375,218.7509307861328,538.3619995117188,-4.996590982164595,-0.3484497070308922,0.8463413168673901,0
180,15.0,28,car,558.6163673400879,457.42071151733415,512.67919921875,374.5268249511719,603.8548583984375,461.4567565917969,0.2236149379186965,2.0190399169924635,0.7085397972405025,0
180,15.0,212,person,835.9440272013348,456.1897384643556,824.4472045898438,386.2409362792969,848.569091796875,455.7288818359375,-20.543138776506296,-7.966346086774246,0.875250604244707,0
180,15.0,11,person,141.88304029192247,418.02030000232526,132.53907775878906,369.44976806640625,150.8011932373047,419.0523681640625,-2.5374075753349925,-19.16537737165228,0.8074330752202268,0
180,15.0,379,truck,863.6845092773438,531.5116577148438,769.5892333984375,290.5794372558594,957.77978515625,531.5116577148438,0.0,0.0,0.0,0
180,15.0,334,person,651.6777954101562,399.51068115234375,641.0225219726562,361.12005615234375,662.3330688476562,399.51068115234375,0.0,0.0,0.0,0
180,15.0,9,car,207.8518193680306,537.3625477334725,119.20865631103516,417.9645690917969,298.11029052734375,536.8179321289062,-0.1332982187687123,-0.15316414211146892,0.8320037101686663,0
180,15.0,392,car,505.2769470214844,397.9164123535156,447.94036865234375,353.7915954589844,562.613525390625,397.9164123535156,0.0,0.0,0.0,0
180,15.0,393,person,806.6410217285156,447.1908874511719,793.390625,382.3288879394531,819.8914184570312,447.1908874511719,0.0,0.0,0.0,0
180,15.0,394,person,732.5488586425781,409.4522399902344,724.6431274414062,362.1637268066406,740.45458984375,409.4522399902344,0.0,0.0,0.0,0
180,15.0,395,truck,209.18981552124023,536.521484375,125.99767303466797,419.3603210449219,292.3819580078125,536.521484375,0.0,0.0,0.0,0
181,15.083,2,car,678.9755805969238,465.46293462117524,625.0709838867188,389.7126159667969,732.9495239257812,465.1199645996094,-0.7156794956752931,-1.7820569719587376,0.9342915946135426,0
181,15.083,3,car,356.2528011322022,540.0124771118166,258.1605224609375,457.7829284667969,454.34222412109375,539.935791015625,0.016986301967006175,0.0878723144531098,0.9831465708246103,0
181,15.083,4,car,782.277555592855,538.4904993693034,697.89404296875,435.3097839355469,868.4097290039062,538.4052124023438,-0.7620705740788032,-0.3284310477119566,0.9347772931059067,0
181,15.083,5,car,428.5598278045655,474.7040326436362,387.4563903808594,399.7932434082031,470.01165771484375,474.12591552734375,0.11297803606303092,0.501053728376093,0.9327942360051451,0
181,15.083,8,person,77.87979358037315,421.87612584431974,68.0677719116211,367.1833190917969,87.44453430175781,421.5422668457031,-0.18795465741839903,-2.3851723807198884,0.9755170207271406,0
181,15.083,49,person,50.771732680002856,421.37862955729173,41.097957611083984,365.5124816894531,59.31920623779297,420.9931945800781,-0.527110127040318,-2.3138148716518043,0.9390257289112284,0
181,15.083,17,truck,271.3669086456299,455.159114074707,207.34463500976562,335.01556396484375,344.51409912109375,454.5150146484375,-0.02368534633082627,-6.06793474469864,0.5077657831921323,0
181,15.083,176,car,588.2030998229981,477.6682932535808,535.533935546875,422.1641540527344,642.864990234375,479.3970947265625,1.3876347133089635,-8.679350934709714,0.8566503831709896,0
181,15.083,219,car,583.2955846150718,538.3987945556642,497.7414855957031,463.880859375,668.8571166992188,538.1924438476562,-1.9187229701448911,-0.9176147460936122,0.8886121178914737,0
181,15.083,220,car,120.30816658337912,538.4146977742513,23.064022064208984,491.0846252441406,219.92015075683594,538.2852172851562,-4.960005487714509,-0.41387329101560144,0.8450542638754118,0
181,15.083,28,car,559.0654866536458,457.30856857299807,515.7620849609375,373.02349853515625,602.8562622070312,455.9070739746094,1.113877650669606,1.8386287144251132,0.717413470518264,0
181,15.083,212,person,834.4352078755697,455.5939188639323,822.8504638671875,383.2283935546875,848.1195068359375,456.3672790527344,-20.423572213309125,-8.061830357142783,0.8741668570814993,0
181,15.083,11,person,141.5436567578997,417.4228003365652,132.219970703125,369.2327575683594,150.57211303710938,418.5762023925781,-2.8916833060128635,-16.397212437221594,0.8025261279934564,0
181,15.083,379,truck,864.1997375488281,530.6475830078125,770.52734375,290.9844665527344,957.8721313476562,530.6475830078125,0.0,0.0,0.0,0
181,15.083,334,person,652.4998168945312,396.0696105957031,642.3966064453125,359.9103088378906,662.60302734375,396.0696105957031,0.0,0.0,0.0,0
181,15.083,392,car,487.1036376953125,398.1094055175781,429.6644287109375,353.9434509277344,544.5428466796875,398.1094055175781,0.0,0.0,0.0,0
181,15.083,393,person,806.2685852050781,446.22735595703125,792.878173828125,380.5656433105469,819.6589965820312,446.22735595703125,0.0,0.0,0.0,0
181,15.083,394,person,732.9306640625,408.68731689453125,725.1530151367188,362.1640930175781,740.7083129882812,408.68731689453125,0.0,0.0,0.0,0
181,15.083,397,car,622.3179321289062,389.25286865234375,592.5834350585938,358.85791015625,652.0524291992188,389.25286865234375,0.0,0.0,0.0,0
181,15.083,398,car,925.2388610839844,540.0,891.4640502929688,512.1734619140625,959.013671875,540.0,0.0,0.0,0.0,0
182,15.167,2,car,679.0493436177574,465.15035578409845,625.9918212890625,390.166259765625,732.5435180664062,464.4542541503906,-0.48569902692481093,-1.9274767194471922,0.9304879651762908,0
182,15.167,3,car,356.2695594787598,539.9869562784831,258.14556884765625,457.48248291015625,454.62298583984375,539.8873901367188,0.014634050641870115,0.04597778320304096,0.9827102072444786,0
182,15.167,4,car,782.4869974772137,538.5120295206707,699.2421875,437.0763244628906,866.5950927734375,538.5979614257812,-0.28668038504415483,-0.24602835518948485,0.9406225489746949,0
182,15.167,5,car,428.6937277475993,474.7261161804201,387.63262939453125,399.5571594238281,470.3247985839844,474.1680908203125,0.3014668055944992,0.6361594063898917,0.9390104161875918,0
182,15.167,8,person,77.86616926193238,421.5381006876629,68.41585540771484,367.9118347167969,87.46906280517578,421.1830139160156,-0.20788961138044026,-2.584374128068959,0.9723526445948483,0
182,15.167,49,person,50.621719741821295,420.96959355672215,41.29553985595703,365.43914794921875,59.60757064819336,420.579345703125,-0.7111103602818016,-2.674868774413702,0.9416585167202014,0
182,15.167,17,truck,273.64977200826013,454.3429077148438,210.8623046875,335.8258361816406,345.7523193359375,454.2886962890625,3.6201317923410823,-6.749236188615853,0.5110240321455246,0
182,15.167,176,car,588.5501401265464,477.4738764444988,535.275146484375,421.99945068359375,642.1714477539062,478.8553161621094,1.8526362827847809,-7.933444649832522,0.8525405030572988,0
182,15.167,219,car,582.9993293762207,538.1233128865562,497.48956298828125,463.3349914550781,668.5931396484375,538.009521484375,-2.2390437534875303,-1.3288199288501628,0.9017596838531675,0
182,15.167,220,car,120.31713473002118,538.3070536295575,24.265769958496094,490.977294921875,220.3716278076172,538.1234130859375,-4.6531860351562155,-0.5194440569193877,0.8313093614831999,0
182,15.167,28,car,560.1642651875815,456.83489100138354,517.2958374023438,369.2641906738281,606.9141235351562,454.38232421875,2.7534759521486714,1.2164363316129227,0.704783402517016,0
182,15.167,212,person,833.0137189229332,454.92826766967784,821.3328247070312,382.2394714355469,846.5962524414062,455.18780517578125,-20.098123168944834,-8.131375122070155,0.8681455521967818,0
182,15.167,11,person,141.34955533345538,417.0503616333007,132.18582153320312,369.28631591796875,150.64453125,418.44195556640625,-2.7791900634765168,-14.011622837611403,0.7939919329058622,0
182,15.167,379,truck,864.1661565871464,530.4847819010415,770.9581298828125,290.7602233886719,958.37353515625,530.3763427734375,-0.16182338169716953,-5.257324218750668,0.9254456173835397,0
182,15.167,392,car,467.5995635986328,398.5262756347656,409.2986755371094,353.7450866699219,525.9004516601562,398.5262756347656,0.0,0.0,0.0,0
182,15.167,393,person,805.343017578125,445.4457702636719,792.2467651367188,381.0580749511719,818.4392700195312,445.4457702636719,0.0,0.0,0.0,0
182,15.167,394,person,733.622802734375,408.63848876953125,725.8314208984375,362.04937744140625,741.4141845703125,408.63848876953125,0.0,0.0,0.0,0
182,15.167,397,car,623.2625732421875,389.286865234375,592.916259765625,358.38458251953125,653.60888671875,389.286865234375,0.0,0.0,0.0,0
182,15.167,398,car,924.9530029296875,540.0,890.9730834960938,512.0173950195312,958.9329223632812,540.0,0.0,0.0,0.0,0
182,15.167,9,car,208.08531940545083,536.9283740058618,119.33781433105469,416.9942932128906,297.6636657714844,536.3937377929688,0.2191807662005678,-0.7720670849864258,0.8320020795881335,0
183,15.25,2,car,679.0884185791015,464.8345703125,626.4918212890625,390.7759704589844,732.1485595703125,464.132080078125,-0.38120989118312343,-2.050791713169607,0.9256782965820053,0
183,15.25,3,car,356.310116704305,539.9384999593099,258.234375,457.26275634765625,454.8467712402344,539.822021484375,0.029068647112209488,-0.03423025948635063,0.9816442305511361,0
183,15.25,4,car,782.6732564290367,538.5993413289389,699.7048950195312,437.4017639160156,866.2669067382812,538.7911987304688,0.08566196986630524,-0.06511492047996965,0.9457439159255365,0
183,15.25,5,car,428.855548477173,474.5479019165039,387.7559509277344,398.91583251953125,470.47479248046875,473.666015625,0.5255238124304362,0.3993608747209637,0.930003540281561,0
183,15.25,8,person,77.97818571726482,421.1240320841473,68.8525619506836,367.2011413574219,87.94318389892578,420.6084289550781,-0.051772744314999716,-2.8657287597653167,0.9616187752372032,0
183,15.25,49,person,50.461214558283494,420.5774881998699,41.19214630126953,365.5195617675781,59.41310501098633,420.30877685546875,-0.8879388264247227,-2.969196428571449,0.9449410106190547,0
183,15.25,17,truck,275.11655661265064,453.6092646280926,208.288818359375,334.7522277832031,343.93670654296875,454.0390319824219,5.921413421631036,-7.272590855189604,0.5585227523422586,0
183,15.25,176,car,589.0223681131998,477.64047342936203,535.5726318359375,422.16815185546875,643.6594848632812,479.5876770019531,2.3769509451729998,-6.696967424665118,0.8398498561798993,0
183,15.25,219,car,582.7783396402996,537.9000905354819,497.3853759765625,462.7792663574219,668.4346923828125,537.7391357421875,-2.358780343191895,-1.530181012834762,0.9041746654873042,0
183,15.25,220,car,120.50757311185203,538.2115590413414,24.191123962402344,490.4153747558594,221.8585205078125,538.1099243164062,-4.161343084062788,-0.6042428152898962,0.8083235502051206,0
183,15.25,28,car,560.8230473836264,456.3525082906088,516.3070678710938,368.0887451171875,606.7257690429688,454.1800842285156,3.4965898786275234,0.601272583007875,0.6947844024204946,0
183,15.25,212,person,831.8515523274741,454.01623713175456,819.9910888671875,376.99468994140625,846.287109375,452.7691650390625,-19.358454241071144,-8.257966395786887,0.8528661903680729,0
183,15.25,11,person,141.2055589463975,416.76852145724814,132.06190490722656,369.1378479003906,150.63778686523438,418.22747802734375,-2.5936782836917383,-12.135821533203755,0.7869268308330518,0
183,15.25,379,truck,864.2942504882817,530.5913892473495,770.1521606445312,290.1650085449219,958.7630615234375,531.2199096679688,0.23024204799244885,-3.748875209262415,0.9162533403683726,0
183,15.25,392,car,450.6493225097656,398.86578369140625,392.52783203125,354.3196716308594,508.77081298828125,398.86578369140625,0.0,0.0,0.0,0
183,15.25,393,person,804.4344787597656,443.26727294921875,791.734619140625,380.7674560546875,817.1343383789062,443.26727294921875,0.0,0.0,0.0,0
183,15.25,394,person,734.0198059082031,408.0889587402344,726.181640625,361.64501953125,741.8579711914062,408.0889587402344,0.0,0.0,0.0,0
183,15.25,397,car,620.1932067871094,388.605712890625,590.78955078125,358.652099609375,649.5968627929688,388.605712890625,0.0,0.0,0.0,0
183,15.25,398,car,924.7105407714844,540.0,890.13330078125,511.5325927734375,959.2877807617188,540.0,0.0,0.0,0.0,0
183,15.25,404,car,565.4387512207031,453.5705871582031,519.1412353515625,373.6531677246094,611.7362670898438,453.5705871582031,0.0,0.0,0.0,0
183,15.25,9,car,208.3118756884676,536.5683660279443,119.25470733642578,416.3240966796875,297.8521423339844,536.7702026367188,0.5608041159449182,-1.4612691006773524,0.8546939198419032,0
183,15.25,218,person,121.69218063354492,411.8199157714844,112.45719146728516,362.61065673828125,130.9271697998047,411.8199157714844,0.0,0.0,0.0,0
184,15.333,2,car,679.0949719746909,464.4547976175944,626.461181640625,390.50311279296875,732.2666625976562,463.72515869140625,-0.381436157226637,-2.2862300327846143,0.9198288958756192,0
184,15.333,3,car,356.3869166056316,539.8965901692708,258.27313232421875,457.1834716796875,454.8092346191406,539.8159790039062,0.14683227539051003,-0.09619838169654794,0.9814560930078955,0
184,15.333,4,car,782.966827138265,538.723250834147,700.493408203125,437.826416015625,866.3809204101562,538.9967651367188,0.5789546421595391,0.13797520228770602,0.9520139730786562,0
184,15.333,5,car,428.9381997426351,474.252446492513,387.4920654296875,398.80572509765625,470.26507568359375,473.61444091796875,0.6321199689591711,-0.1352207728795429,0.932646750492371,0
184,15.333,8,person,77.931463209788,420.7092694600423,67.72852325439453,363.5299377441406,87.89476776123047,420.2800598144531,-0.10867816380092585,-3.1236602783204286,0.9583588675120293,0
184,15.333,49,person,50.426680103937784,420.1736147562663,41.45909118652344,365.05218505859375,59.85047912597656,419.94573974609375,-0.8724722998482936,-3.2479418073381754,0.9475417830263146,0
184,15.333,17,truck,275.53938935597745,452.78753051757826,208.03135681152344,335.3287658691406,342.0159912109375,453.0428161621094,5.928287724086307,-7.839937918526766,0.564148561535547,0
184,15.333,176,car,589.3293772379558,477.9145362854005,534.9605102539062,422.1650390625,643.6690063476562,479.8923034667969,2.626742117745517,-5.460355486188592,0.8283187702279087,0
184,15.333,219,car,582.8595513661703,537.8355407714845,498.4795227050781,463.37176513671875,668.421875,537.9773559570312,-1.9237943376812563,-1.4340924944195916,0.90325360184956,0
184,15.333,220,car,121.180837225914,538.1462468465171,23.918912887573242,490.0799255371094,222.13058471679688,538.1090087890625,-2.458932862963012,-0.6259303501672135,0.8208777458257779,0
184,15.333,28,car,560.9599652608238,455.9007141113282,515.14990234375,368.2640686035156,604.9297485351562,454.2012023925781,3.4448037283763187,0.018268694196460388,0.6860911896345387,0
184,15.333,212,person,830.9093256632488,453.4912829081218,819.2124633789062,379.04754638671875,845.1427001953125,453.6351013183594,-18.25640781947549,-7.936972045898636,0.8516604236970389,0
184,15.333,11,person,140.93971113725138,416.2868652343748,131.8470916748047,369.8116149902344,149.84396362304688,417.2904357910156,-2.6878617720169538,-11.132250976562354,0.7903224455231691,0
184,15.333,379,truck,864.1873397827153,530.7758890787765,769.3047485351562,289.537109375,958.7168579101562,531.4715576171875,-0.07239205496468185,-2.556300571985254,0.9086519199960528,0
184,15.333,392,car,433.635498046875,399.53326416015625,374.4381408691406,354.211669921875,492.8328552246094,399.53326416015625,0.0,0.0,0.0,0
184,15.333,394,person,733.9714660644531,406.7021789550781,726.08837890625,360.05035400390625,741.8545532226562,406.7021789550781,0.0,0.0,0.0,0
184,15.333,397,car,614.184814453125,389.0628967285156,583.928466796875,358.4085693359375,644.441162109375,389.0628967285156,0.0,0.0,0.0,0
184,15.333,398,car,924.5001525878906,540.0,889.5723266601562,511.2521057128906,959.427978515625,540.0,0.0,0.0,0.0,0
184,15.333,404,car,564.9253845214844,452.5343322753906,518.78271484375,372.9694519042969,611.0680541992188,452.5343322753906,0.0,0.0,0.0,0
184,15.333,9,car,208.4975421512434,536.5457846934121,119.30729675292969,415.708984375,297.7889709472656,536.8858642578125,0.8441479971034875,-1.3758832230218283,0.8568135871158813,0
184,15.333,218,person,121.65544509887695,411.4928283691406,112.82209014892578,364.2117919921875,130.48880004882812,411.4928283691406,0.0,0.0,0.0,0
185,15.417,2,car,679.0777778625489,464.04560928344733,626.3545532226562,390.1623229980469,732.2284545898438,463.2547607421875,-0.4173012869694528,-2.524034336634746,0.9140860764132334,0
185,15.417,3,car,356.4004534403483,539.8618006388346,258.0432434082031,457.0184326171875,454.70159912109375,539.801513671875,0.1587694440569636,-0.13705967494419938,0.9814948564194476,0
185,15.417,4,car,783.3655080159506,538.8580566406253,701.3716430664062,438.229248046875,866.7045288085938,539.1355590820312,1.1512468610490851,0.3262207031254151,0.9540566212077634,0
185,15.417,5,car,428.93927434285496,474.180142211914,386.6783752441406,398.3900146484375,470.4408264160156,474.2432556152344,0.6380532400950598,-0.2928379603793262,0.9355910426042202,0
185,15.417,8,person,78.09559259414672,420.29776153564467,68.57551574707031,362.8977966308594,88.78617858886719,419.9703674316406,0.09287256513325208,-3.358632986886023,0.9511159441323669,62
185,15.417,49,person,50.41799985567731,419.75438842773445,41.57973861694336,365.1142883300781,59.93517303466797,419.54302978515625,-0.8375251497540807,-3.5142752511159685,0.9495316164989646,64
185,15.417,17,truck,275.76051489512133,451.9685180664064,209.1011962890625,335.32769775390625,342.03765869140625,452.28070068359375,5.375687190464828,-8.313071986606928,0.5714599456115913,48
185,15.417,176,car,589.4188082377117,478.0727205912274,534.7630004882812,421.94525146484375,642.705322265625,479.2254638671875,2.55551278250556,-4.451148768833534,0.8304432661021721,0
185,15.417,219,car,583.4012597401938,538.0517283121746,499.59295654296875,463.8133239746094,670.357666015625,538.856689453125,-0.8501841953818735,-0.9375156947542169,0.8894796220838262,0
185,15.417,220,car,122.0861796696981,538.0735310872398,24.695350646972656,489.7876281738281,223.23655700683594,538.037841796875,-0.565075574602353,-0.6607073102674811,0.8469251446045083,0
185,15.417,28,car,561.1065203348796,455.5412348429363,515.6157836914062,368.27227783203125,605.4649047851562,454.3092346191406,3.3106371198384736,-0.39798496791272764,0.6812154515839541,0
185,15.417,212,person,830.2285420735678,453.3146369934083,818.7269287109375,380.6622009277344,844.6312866210938,454.5599365234375,-16.83134765624971,-7.246517944335926,0.8591058588186851,0
185,15.417,11,person,140.78366643732244,415.7752519087358,132.0354766845703,369.77490234375,149.8230438232422,416.6668395996094,-2.571386718749969,-10.418980823863501,0.7947094144879057,59
185,15.417,392,car,415.4901406424385,399.57741728283105,355.3582458496094,353.0752868652344,476.63714599609375,399.38665771484375,-213.8574567522332,4.101363699776414,0.9904333712745439,64
185,15.417,394,person,734.2648693266366,406.15717860630565,726.127685546875,359.7734375,741.7944946289062,405.85980224609375,3.6276227678557573,-8.388731166295335,0.9421312686085944,0
185,15.417,397,car,608.2693786621094,389.3057556152344,577.5284423828125,358.4691162109375,639.0103149414062,389.3057556152344,0.0,0.0,0.0,0
185,15.417,398,car,924.092041015625,540.0,888.78955078125,510.9578552246094,959.39453125,540.0,0.0,0.0,0.0,0
185,15.417,404,car,564.6567993164062,452.3318786621094,517.64990234375,371.36175537109375,611.6636962890625,452.3318786621094,0.0,0.0,0.0,0
185,15.417,9,car,208.7005155664543,536.6509803819848,119.69772338867188,415.3662109375,297.6806945800781,536.925048828125,1.1495796373348621,-0.9841575296143161,0.8638237186419224,0
185,15.417,94,person,31.621666237129336,408.4190034046058,22.9038028717041,355.4861145019531,40.11052703857422,409.18035888671875,-0.19466028288068524,-3.092347517104443,0.9068022660083589,56
186,15.5,2,car,679.1591735839845,463.6633783976237,627.3660278320312,391.489501953125,731.8856201171875,463.47454833984375,-0.30591169084827236,-2.8501020159039223,0.9159958774370873,0
186,15.5,3,car,356.42528343200695,539.839444478353,258.0888366699219,456.9483337402344,454.8143005371094,539.8535766601562,0.17641884940016656,-0.166204833984139,0.9818379468504389,0
186,15.5,4,car,783.7866073608399,538.900998433431,700.3400268554688,435.6982727050781,868.7291259765625,538.8648681640625,1.642442975725697,0.37328665597120253,0.9487558786968748,0
186,15.5,5,car,429.07979507446294,474.058822631836,387.42291259765625,397.8561096191406,471.2951354980469,474.13909912109375,0.7448377336776133,-0.5367030552455042,0.9413202474405316,0
186,15.5,8,person,78.28755550384521,419.9744649251303,68.83847045898438,363.08184814453125,88.8782730102539,420.0586853027344,0.32389886038645055,-3.48337751116049,0.9480959943183573,61
186,15.5,49,person,50.47539304097495,419.3595339457194,41.74522018432617,365.15380859375,60.09342956542969,419.2222595214844,-0.6940468924385822,-3.6996473039899938,0.9478262548419654,61
186,15.5,17,truck,275.8780619303386,451.2577842712403,209.42666625976562,335.14056396484375,341.52069091796875,451.4073181152344,4.762207031250123,-8.401586478096993,0.5740682539544884,48
186,15.5,176,car,589.3441139221193,478.1514617919923,534.6507568359375,421.77227783203125,642.010009765625,478.72393798828125,2.2341339111330374,-3.6234008789061587,0.8356843052146278,0
186,15.5,219,car,583.9948477427166,538.4059992472331,500.03753662109375,464.08172607421875,670.96240234375,539.2913818359375,0.1610092163086942,-0.24920915876105937,0.8802070495788702,0
186,15.5,220,car,123.00870591799419,537.9913177490234,25.778446197509766,489.64752197265625,224.25738525390625,537.959716796875,0.9707427161080981,-0.7116472516739406,0.8439652805461573,0
186,15.5,28,car,560.550450897217,455.3302981058758,513.2490234375,367.970947265625,603.1046752929688,454.8439025878906,2.201679774693447,-0.6416290283201392,0.6659468698890908,24
186,15.5,212,person,829.6027877807618,453.14968414306645,818.7374267578125,382.1484680175781,844.2533569335938,454.4544372558594,-15.691754150390222,-6.678324672153965,0.8344842573033127,0
186,15.5,392,car,400.55230712890636,399.30429295131154,343.4604797363281,352.3224792480469,464.29864501953125,398.59478759765625,-205.87204415457535,2.398550851005343,0.974170548149774,61
186,15.5,394,person,734.5126342773443,405.54993765694775,726.5878295898438,359.872802734375,742.3115844726562,405.6558837890625,3.4765973772337926,-8.134460449218253,0.9456734404659454,0
186,15.5,397,car,605.3004731677828,388.62536039806554,573.7274169921875,357.8512268066406,634.705078125,388.2235412597656,-48.51305106026893,-1.5883823939738702,0.8817285031141938,24
186,15.5,398,car,923.3746439615885,540.0,887.20263671875,510.6820373535156,958.636962890625,540.0,-4.933227539063873,-1.2731786773992677e-12,0.9615216997327104,0
186,15.5,9,car,208.8781238724204,536.7302698333879,120.46814727783203,415.39013671875,297.16619873046875,536.6564331054688,1.3652468288646633,-0.5772238338693553,0.8756526576555116,0
187,15.583,2,car,679.3219159444174,463.1964185078939,627.783203125,391.31903076171875,731.8203735351562,462.81488037109375,-0.03662763323121941,-3.2437303815570364,0.9164241653951788,0
187,15.583,3,car,356.4636720021566,539.8367436726888,257.80609130859375,456.56683349609375,455.1832580566406,539.9048461914062,0.21974945068361887,-0.16300833565870404,0.9820409337324693,0
187,15.583,4,car,784.3225227355957,538.9443400065104,701.7100219726562,436.5716552734375,868.853271484375,538.9652099609375,2.2320046561102567,0.39410574776787594,0.9387926170263725,0
187,15.583,5,car,429.25877176920574,473.9761169433594,387.5345153808594,397.2551574707031,471.6517639160156,474.051513671875,0.9004028320312125,-0.6463936941965349,0.9414755883829843,0
187,15.583,8,person,78.50734399159748,419.61280212402335,69.18903350830078,363.3975524902344,88.86739349365234,419.6206359863281,0.5902695792061854,-3.646503557477779,0.9468975832228534,54
187,15.583,49,person,50.50917819341026,418.98078664143884,41.59181213378906,365.2804870605469,59.86709976196289,418.8021240234375,-0.5587000710623498,-3.8007175990512274,0.9468299308514696,57
187,15.583,17,truck,275.6259482701619,451.05344390869146,206.99281311035156,334.4330749511719,341.2307434082031,452.5966796875,3.7887349809918676,-7.782094900948641,0.5663409617502525,49
187,15.583,176,car,589.3379981994631,478.35304768880206,534.6189575195312,421.374755859375,642.8766479492188,478.780029296875,1.9911791120258817,-2.6276890345982498,0.857691240937789,0
187,15.583,219,car,584.4040068308512,538.7196100870768,500.066162109375,464.40380859375,670.29296875,539.3959350585938,0.8021412440707707,0.2857517787388254,0.8810328997231492,0
187,15.583,220,car,124.10588276386261,537.9003290812176,26.685791015625,489.4375305175781,225.62010192871094,537.9028930664062,2.5993915966578496,-0.7837620326450272,0.844686774157887,0
187,15.583,28,car,559.8857053120931,455.2301338195802,513.7980346679688,369.2475280761719,602.3375854492188,455.28338623046875,0.8775107247486494,-0.7638100760322905,0.6637496045912372,0
187,15.583,212,person,829.220243326823,452.67182413736987,818.8172607421875,382.4023742675781,843.9986572265625,453.1585693359375,-14.313469587053614,-6.657777622767818,0.8185054154612952,0
187,15.583,392,car,386.26225916544615,398.61568196614604,330.96063232421875,351.70318603515625,449.58856201171875,397.3717956542969,-198.99375043596424,0.26617431640714745,0.9627329773186392,57
187,15.583,397,car,601.9989362444196,387.56992885044644,573.4307250976562,357.1097412109375,632.2776489257812,386.5048522949219,-46.46044921875025,-4.144566127232243,0.8782920887825545,0
187,15.583,398,car,922.6557322910855,539.9999999999998,885.740966796875,510.0252685546875,958.8601684570312,540.0,-5.785622732979762,-5.26746943461588e-13,0.9559338539536872,0
187,15.583,9,car,209.11535711555027,536.8752649092908,120.9234390258789,415.187255859375,297.1983642578125,536.68310546875,1.6824030247811759,-0.03895477451589248,0.9019631793733027,0
188,15.667,2,car,679.3806165059409,462.51673736572275,627.587890625,390.8627014160156,731.0035400390625,461.7290954589844,0.12960597447020097,-3.911642892019707,0.9211747181232246,0
188,15.667,3,car,356.51957613627127,539.8327545166017,256.6287536621094,455.1446533203125,456.69000244140625,539.8956298828125,0.25939440046060563,-0.16162981305780785,0.9811615905150584,0
188,15.667,4,car,785.0894200642905,538.9213643391928,702.6417846679688,435.9284973144531,870.5994873046875,538.7059326171875,3.0468462262838725,0.33776157924131334,0.9136875077208878,0
188,15.667,5,car,429.4182767232261,473.57587331136074,388.3123474121094,397.1986389160156,471.0669860839844,472.7734069824219,1.0032309395928782,-1.1678074428011163,0.9350441002125803,0
188,15.667,8,person,78.76585365931194,419.2136047363282,69.3708724975586,362.67626953125,89.07353973388672,419.05645751953125,0.9145560673305255,-3.810466657365979,0.9463261468410081,57
188,15.667,49,person,50.649314626057944,418.4801391601563,41.96578598022461,365.06134033203125,60.25019454956055,418.1693115234375,-0.2860682896205284,-4.1146309988838565,0.9464854546500767,54
188,15.667,17,truck,275.5888407389324,451.77740453084317,204.7633514404297,332.9455261230469,343.8999938964844,456.10833740234375,3.3989449637278657,-6.086126273018877,0.5270465399289563,47
188,15.667,176,car,589.2124567667647,478.74457397460947,532.7256469726562,420.7552185058594,643.715087890625,479.5496520996094,1.6542506626681026,-1.5128383091516744,0.8736574176979972,0
188,15.667,219,car,584.2825556437176,538.8465764363607,498.8084716796875,464.3458557128906,667.9943237304688,539.058837890625,0.661703927176622,0.449620710100485,0.8773660993593784,0
188,15.667,220,car,125.09718097050987,537.8904357910158,25.050207138061523,488.3870849609375,228.2574920654297,538.1181640625,3.8420688629150934,-0.7322649274552759,0.8449429287882733,0
188,15.667,28,car,559.5918538411461,454.6715360005698,515.1821899414062,369.75933837890625,600.8953857421875,453.4964904785156,0.5510114397325133,-1.4997475760320904,0.6565235009593402,0
188,15.667,212,person,828.5093332926436,451.8737864176433,816.9608154296875,382.0398864746094,841.6002197265625,451.4118347167969,-13.477122279575783,-7.056544712611458,0.8248827060499774,0
188,15.667,392,car,373.8952507866755,398.15293036566845,321.2315673828125,350.74688720703125,440.4462890625,397.3542175292969,-190.06616516113237,-0.7607421874997252,0.942684713699714,57
188,15.667,397,car,597.1268895467123,386.9100011189778,566.28125,357.12652587890625,625.1715698242188,386.4696350097656,-48.861271449497494,-4.899479457310164,0.8849928487842307,0
188,15.667,398,car,922.0003662109375,539.9999999999999,883.71044921875,508.769775390625,959.8052368164062,540.0,-6.201376778738996,-5.637682680193183e-14,0.9558279265708898,0
188,15.667,9,car,209.29355961935866,536.668352328084,121.57624816894531,415.3570861816406,297.2837219238281,536.9284057617188,1.7212159293040703,-0.6348270889741973,0.9343833104452313,0
188,15.667,11,person,140.5560110340948,414.44403905453896,131.94070434570312,367.8730773925781,150.40567016601562,416.3371276855469,-2.032760197937208,-8.766830745892875,0.7770980397567219,56
189,15.75,2,car,679.7048502604167,461.6161341349286,628.4364013671875,389.1186218261719,732.4556274414062,460.4555358886719,0.5965994698661774,-4.831517682756496,0.9173958708059541,0
189,15.75,3,car,356.54302571614585,539.8069432576498,253.18728637695312,451.6229553222656,459.9145812988281,539.785400390625,0.2609776088169785,-0.18247506277900716,0.9811830180403247,0
189,15.75,4,car,785.8998845418296,538.665410868327,703.236572265625,434.941162109375,871.337890625,537.7708740234375,3.8531747000560133,-0.01393432617155848,0.8927804971434719,0
189,15.75,5,car,429.65239842732757,472.66076049804684,389.5945129394531,396.6883850097656,470.5521545410156,470.4860534667969,1.206598336356207,-2.3088344029018297,0.8907037200219654,0
189,15.75,8,person,79.20156825383506,418.5010650634766,70.7547378540039,364.13232421875,89.49603271484375,417.3480224609375,1.4264934539795477,-4.328597586495523,0.919782531424382,50
189,15.75,49,person,51.44476962089539,417.64579645792656,44.851016998291016,364.14471435546875,62.96758270263672,416.42364501953125,0.7651728221348302,-4.82757437569729,0.8754504984161852,50
189,15.75,17,truck,276.17723077138265,452.3934789021811,205.05650329589844,330.77655029296875,344.4545593261719,454.7480163574219,4.542495182582422,-4.315625871930599,0.5568515539432501,46
189,15.75,176,car,588.7419001261394,478.51894963582373,531.1625366210938,418.52081298828125,642.3203735351562,477.3268737792969,0.9283264160158541,-1.35366864885574,0.8551580914249665,0
189,15.75,219,car,584.2445355733237,538.8977310180665,495.7532958984375,460.6423034667969,672.0538940429688,538.9976196289062,0.5616773332868229,0.4483075823104747,0.8765956979790385,0
189,15.75,220,car,125.47942527929942,538.0103571573894,18.820281982421875,486.225341796875,230.4197998046875,538.61474609375,4.257961341312966,-0.5194100516180299,0.8601535735878535,0
189,15.75,28,car,558.8240913391114,454.0513806660971,514.3917236328125,368.62091064453125,599.8239135742188,452.9023742675781,-0.7281097412107487,-2.244570922851439,0.6528929835868671,0
189,15.75,212,person,827.6700215657554,450.7885358174642,815.8058471679688,381.0962219238281,839.9334106445312,449.1797180175781,-12.902772739954967,-7.658136422293309,0.8196772605875745,0
189,15.75,392,car,363.0894128972833,396.83635697798286,314.91937255859375,348.22442626953125,430.3319091796875,394.4619140625,-180.529937189276,-3.1351851029831868,0.916952177492682,52
189,15.75,397,car,593.3424384223088,385.44151611328107,565.3644409179688,355.3746337890625,622.2669067382812,383.6953125,-48.25282592773522,-7.144598388672561,0.8821841290604294,0
189,15.75,398,car,921.3169453938798,539.9678805881073,882.0849609375,507.0249328613281,960.0,539.9149780273438,-6.554260253907824,-0.06801757812636668,0.9551289655611727,0
189,15.75,9,car,209.49506517750163,536.5575194303347,121.49526977539062,413.9822082519531,298.1738586425781,536.7896728515625,1.7320941287320506,-0.8652299646210224,0.9415026286495392,0
189,15.75,11,person,140.79232081118911,413.7530423584791,132.62925720214844,366.6476745605469,150.5944061279297,413.8329772949219,-1.5468841976309453,-8.71943849108532,0.7822322972404279,52
189,15.75,394,person,736.0002620921415,403.9097505457262,728.2567138671875,356.6502380371094,744.6096801757812,404.1851501464844,4.589858624113705,-7.426290047268825,0.9353399328164508,0
